person_age,person_income,person_home_ownership,person_emp_length,loan_intent,loan_grade,loan_amnt,loan_int_rate,loan_status,loan_percent_income,cb_person_default_on_file,cb_person_cred_hist_length
32,87600,RENT,6.1,DEBTCONSOLIDATION,B,4000,6.02,0,0.05,N,0
29,114600,MORTGAGE,3.0,DEBTCONSOLIDATION,B,50000,8.08,0,0.44,N,1
52,123100,RENT,13.3,PERSONAL,B,50000,6.92,0,0.41,N,7
44,87400,RENT,9.7,MEDICAL,C,39400,7.17,0,0.45,N,7
37,52000,MORTGAGE,3.1,HOMEIMPROVEMENT,C,22100,7.41,0,0.42,N,4
38,52100,MORTGAGE,8.9,EDUCATION,A,4800,6.38,0,0.09,N,3
54,40500,MORTGAGE,3.5,HOMEIMPROVEMENT,C,26100,7.35,0,0.64,N,7
58,91800,RENT,3.3,DEBTCONSOLIDATION,B,29900,7.5,0,0.33,N,8
28,180000,RENT,3.6,HOMEIMPROVEMENT,D,50000,7.49,1,0.28,Y,6
28,58700,RENT,3.5,PERSONAL,F,34000,9.61,0,0.58,Y,4
68,350000,RENT,15.7,VENTURE,B,50000,8.04,0,0.14,Y,5
38,69100,OWN,8.1,PERSONAL,B,28800,8.06,0,0.42,N,3
65,82400,RENT,9.1,VENTURE,A,14100,5.88,0,0.17,N,3
57,70200,MORTGAGE,13.1,EDUCATION,C,37900,8.36,1,0.54,N,6
27,115300,RENT,1.5,DEBTCONSOLIDATION,C,24800,9.75,0,0.22,N,1
43,69400,OTHER,1.5,DEBTCONSOLIDATION,A,3100,6.01,0,0.04,N,8
70,184300,RENT,0.9,MEDICAL,B,50000,7.45,0,0.27,N,5
40,124900,OWN,9.4,EDUCATION,A,50000,5.58,0,0.4,N,12
58,54400,OWN,7.1,DEBTCONSOLIDATION,B,12300,8.59,0,0.23,N,5
44,58200,MORTGAGE,10.5,EDUCATION,A,16200,7.81,0,0.28,N,5
29,54100,MORTGAGE,13.0,HOMEIMPROVEMENT,A,20700,5.4,0,0.38,N,7
65,79800,RENT,2.9,DEBTCONSOLIDATION,E,47300,10.61,0,0.59,N,7
35,65500,MORTGAGE,11.7,MEDICAL,B,29300,7.93,0,0.45,N,6
32,47200,RENT,6.7,VENTURE,E,26400,9.4,0,0.56,N,5
70,197300,MORTGAGE,6.4,EDUCATION,A,50000,6.89,0,0.25,Y,18
33,59600,RENT,2.6,HOMEIMPROVEMENT,B,20600,7.88,0,0.35,N,3
66,114800,RENT,2.9,DEBTCONSOLIDATION,E,48100,11.51,0,0.42,Y,5
32,86100,RENT,10.6,PERSONAL,C,47100,7.6,0,0.55,N,9
52,116400,OWN,8.2,DEBTCONSOLIDATION,C,50000,8.5,0,0.43,N,8
46,46200,RENT,13.1,VENTURE,D,29700,8.26,0,0.64,N,8
34,71100,MORTGAGE,7.9,EDUCATION,A,12100,7.83,0,0.17,N,4
42,102300,MORTGAGE,5.7,MEDICAL,D,50000,9.07,0,0.49,Y,2
66,113500,RENT,9.6,MEDICAL,E,46500,9.19,0,0.41,Y,14
50,104300,RENT,7.4,DEBTCONSOLIDATION,E,50000,7.58,0,0.48,N,2
57,244400,OWN,0.9,DEBTCONSOLIDATION,C,20700,8.08,1,0.08,Y,2
63,26900,OTHER,3.4,VENTURE,D,15100,7.19,0,0.56,N,3
61,56900,OWN,3.5,VENTURE,C,28300,9.87,0,0.5,N,4
29,107700,OWN,12.2,DEBTCONSOLIDATION,A,43600,5.4,0,0.4,N,9
50,24900,MORTGAGE,3.4,DEBTCONSOLIDATION,C,8100,5.4,0,0.33,N,3
29,93200,MORTGAGE,1.3,EDUCATION,D,23200,8.61,1,0.25,Y,2
37,58300,RENT,3.5,EDUCATION,F,35200,12.77,1,0.6,Y,9
58,121300,MORTGAGE,7.5,PERSONAL,B,50000,5.64,1,0.41,N,6
39,83200,RENT,9.9,EDUCATION,D,42400,9.28,1,0.51,N,3
30,30000,RENT,6.6,HOMEIMPROVEMENT,C,13400,6.61,1,0.45,N,4
28,124400,RENT,2.4,EDUCATION,B,43800,7.62,1,0.35,N,6
43,199700,MORTGAGE,7.5,EDUCATION,A,11600,5.99,0,0.06,N,5
57,93800,MORTGAGE,4.1,DEBTCONSOLIDATION,D,50000,7.72,0,0.53,N,1
43,70400,MORTGAGE,7.6,HOMEIMPROVEMENT,A,17900,5.4,0,0.25,N,12
61,66400,OWN,3.2,DEBTCONSOLIDATION,C,32700,8.5,0,0.49,N,7
35,63000,MORTGAGE,3.1,HOMEIMPROVEMENT,E,39300,8.76,0,0.62,Y,11
38,35300,RENT,1.2,PERSONAL,F,19100,12.12,1,0.54,Y,6
69,127800,OTHER,5.0,DEBTCONSOLIDATION,E,50000,10.06,1,0.39,Y,9
63,138400,RENT,3.6,PERSONAL,C,50000,7.91,0,0.36,N,13
23,93700,RENT,7.0,EDUCATION,B,30000,6.72,0,0.32,N,3
41,63000,RENT,1.0,MEDICAL,C,22700,7.5,0,0.36,N,7
53,116900,RENT,0.3,VENTURE,A,5000,7.74,0,0.04,N,10
27,25700,MORTGAGE,11.0,PERSONAL,B,10000,5.4,0,0.39,N,3
61,54400,MORTGAGE,13.0,HOMEIMPROVEMENT,C,23800,7.23,0,0.44,Y,6
24,105100,RENT,7.2,EDUCATION,A,19200,5.4,0,0.18,N,4
60,117300,MORTGAGE,5.2,EDUCATION,D,50000,9.32,0,0.43,N,6
49,51200,MORTGAGE,20.4,PERSONAL,A,2600,7.37,0,0.05,N,10
61,88200,RENT,2.8,DEBTCONSOLIDATION,D,36000,5.52,1,0.41,N,0
44,146300,RENT,7.3,DEBTCONSOLIDATION,C,50000,6.54,0,0.34,N,2
62,84400,OWN,4.7,DEBTCONSOLIDATION,B,10800,7.46,0,0.13,Y,6
66,94000,OWN,5.0,EDUCATION,C,50000,8.58,0,0.53,N,4
28,34400,OWN,6.5,VENTURE,B,12000,8.3,0,0.35,N,12
56,128400,RENT,6.1,PERSONAL,B,12300,7.36,0,0.1,Y,1
55,130500,OWN,9.6,HOMEIMPROVEMENT,A,7700,5.64,0,0.06,N,6
63,80300,MORTGAGE,2.8,PERSONAL,A,9200,5.86,0,0.11,N,9
25,63000,RENT,4.7,MEDICAL,E,40400,7.88,1,0.64,N,9
55,30300,MORTGAGE,8.4,MEDICAL,C,13300,6.41,1,0.44,N,3
63,158100,MORTGAGE,13.6,DEBTCONSOLIDATION,A,50000,6.96,0,0.32,N,13
55,65000,RENT,2.9,MEDICAL,B,17600,7.23,0,0.27,N,5
47,58100,MORTGAGE,5.0,EDUCATION,A,3300,5.4,0,0.06,N,2
43,95500,MORTGAGE,9.1,MEDICAL,C,50000,7.23,0,0.52,N,5
40,56800,MORTGAGE,7.8,PERSONAL,A,13900,5.4,1,0.24,N,2
46,50100,MORTGAGE,5.5,MEDICAL,A,6900,6.04,0,0.14,N,11
63,132100,MORTGAGE,5.3,MEDICAL,B,44700,7.5,0,0.34,N,8
50,64400,MORTGAGE,8.0,EDUCATION,D,24800,9.52,0,0.39,Y,5
32,83400,MORTGAGE,3.7,DEBTCONSOLIDATION,C,36100,6.04,0,0.43,N,10
63,124300,OWN,5.9,VENTURE,B,32300,5.98,0,0.26,N,7
39,113600,MORTGAGE,4.2,HOMEIMPROVEMENT,C,50000,8.05,1,0.44,N,6
38,39000,MORTGAGE,5.6,EDUCATION,B,16000,7.15,1,0.41,N,7
42,95000,MORTGAGE,8.8,DEBTCONSOLIDATION,B,50000,6.22,0,0.53,N,12
56,36200,RENT,5.6,PERSONAL,B,15800,7.43,0,0.44,N,10
42,142600,RENT,8.0,DEBTCONSOLIDATION,B,29400,5.4,0,0.21,N,4
33,69500,RENT,2.0,MEDICAL,D,29800,9.16,1,0.43,N,6
54,79700,MORTGAGE,2.9,VENTURE,A,11500,5.4,0,0.14,N,9
29,67900,RENT,3.6,MEDICAL,F,41400,11.73,1,0.61,N,3
50,172300,MORTGAGE,3.2,EDUCATION,A,50000,5.4,0,0.29,N,19
21,30200,RENT,4.8,VENTURE,C,10700,7.37,1,0.35,N,5
52,62200,MORTGAGE,5.2,DEBTCONSOLIDATION,B,23400,7.57,0,0.38,N,3
48,130700,RENT,6.2,EDUCATION,B,44800,6.28,0,0.34,N,8
31,55300,RENT,4.7,VENTURE,E,30200,10.06,0,0.55,N,6
45,126700,RENT,0.7,DEBTCONSOLIDATION,B,50000,7.65,1,0.39,N,7
39,44900,RENT,1.7,DEBTCONSOLIDATION,D,19000,7.22,1,0.42,Y,9
25,148900,RENT,9.0,DEBTCONSOLIDATION,A,50000,5.4,0,0.34,N,7
49,124000,RENT,2.0,DEBTCONSOLIDATION,C,50000,9.04,0,0.4,N,5
35,50700,MORTGAGE,6.6,PERSONAL,A,3900,6.62,0,0.08,Y,9
26,59000,MORTGAGE,3.9,MEDICAL,A,7000,6.96,0,0.12,N,8
67,80700,RENT,1.1,EDUCATION,C,7100,7.0,0,0.09,Y,4
69,179200,MORTGAGE,5.6,EDUCATION,C,50000,6.94,0,0.28,N,5
58,177000,RENT,11.0,EDUCATION,A,39900,6.83,0,0.23,N,10
29,23600,MORTGAGE,9.3,DEBTCONSOLIDATION,A,1700,6.86,0,0.07,N,10
70,82400,OTHER,3.5,EDUCATION,D,50000,5.55,0,0.61,N,11
57,95300,MORTGAGE,2.1,DEBTCONSOLIDATION,C,43300,6.96,1,0.45,N,8
47,117800,RENT,3.0,DEBTCONSOLIDATION,D,50000,8.88,1,0.42,Y,5
36,57100,MORTGAGE,3.9,PERSONAL,D,36000,6.67,1,0.63,N,5
45,88000,MORTGAGE,12.7,DEBTCONSOLIDATION,A,6700,6.72,1,0.08,N,13
37,54800,OWN,16.3,EDUCATION,A,25400,5.4,0,0.46,N,7
52,50900,RENT,4.1,VENTURE,D,19900,8.1,1,0.39,N,1
40,92800,RENT,2.1,MEDICAL,B,12100,6.39,0,0.13,Y,7
69,124200,RENT,0.8,EDUCATION,A,31100,5.4,0,0.25,N,15
37,45400,MORTGAGE,5.8,VENTURE,C,27300,7.82,0,0.6,N,9
39,67900,MORTGAGE,4.2,DEBTCONSOLIDATION,E,26000,9.2,1,0.38,Y,5
51,23200,RENT,7.8,PERSONAL,C,9100,9.38,0,0.39,N,13
23,47100,OTHER,4.5,DEBTCONSOLIDATION,C,25000,8.29,0,0.53,N,4
35,48500,MORTGAGE,8.4,EDUCATION,D,29600,8.13,0,0.61,N,6
41,48800,OWN,4.0,DEBTCONSOLIDATION,B,13600,6.05,1,0.28,N,4
53,82100,OTHER,5.3,HOMEIMPROVEMENT,B,19700,7.9,0,0.24,N,7
59,110700,RENT,2.1,DEBTCONSOLIDATION,C,50000,8.11,0,0.45,N,12
26,55200,RENT,4.0,MEDICAL,E,29500,11.12,1,0.53,N,7
42,32300,MORTGAGE,14.8,MEDICAL,A,3700,5.76,0,0.11,N,14
27,47500,RENT,9.3,EDUCATION,B,13000,6.28,0,0.27,N,4
56,79500,RENT,4.5,MEDICAL,A,8200,6.1,0,0.1,N,6
55,68900,RENT,1.9,HOMEIMPROVEMENT,B,27100,6.24,0,0.39,N,26
47,79900,RENT,8.7,DEBTCONSOLIDATION,C,22600,6.56,0,0.28,Y,9
58,50500,MORTGAGE,10.6,MEDICAL,B,28100,7.4,0,0.56,N,12
24,51300,OWN,1.7,VENTURE,F,22600,12.47,1,0.44,Y,7
64,70700,RENT,3.5,VENTURE,B,11100,6.24,0,0.16,N,8
26,71000,OWN,2.1,MEDICAL,C,32500,6.64,0,0.46,N,8
35,32900,RENT,12.6,HOMEIMPROVEMENT,C,16900,6.94,0,0.51,N,4
58,114900,MORTGAGE,7.9,DEBTCONSOLIDATION,C,34800,8.48,0,0.3,Y,4
39,52500,MORTGAGE,11.8,DEBTCONSOLIDATION,A,9200,5.4,0,0.18,N,3
35,35400,RENT,9.1,MEDICAL,E,22900,11.16,0,0.65,N,6
38,106800,OWN,2.6,DEBTCONSOLIDATION,B,17100,8.46,0,0.16,N,7
62,176500,RENT,4.8,EDUCATION,A,50000,5.4,0,0.28,N,7
51,102400,RENT,10.2,PERSONAL,C,34000,7.5,0,0.33,N,5
46,54400,MORTGAGE,11.8,MEDICAL,A,7100,6.13,1,0.13,N,3
24,51000,RENT,1.6,MEDICAL,B,16500,5.4,0,0.32,N,7
29,71800,OWN,13.0,PERSONAL,A,4500,7.47,0,0.06,Y,13
67,78600,OWN,4.0,MEDICAL,C,25600,7.11,0,0.33,Y,6
27,68900,RENT,11.0,HOMEIMPROVEMENT,A,21900,8.22,1,0.32,N,6
59,49300,RENT,8.7,EDUCATION,B,23700,6.96,0,0.48,N,13
35,111200,MORTGAGE,1.7,VENTURE,B,39600,7.38,0,0.36,N,3
48,70500,OWN,6.8,MEDICAL,B,23700,5.4,0,0.34,N,12
28,67700,OTHER,0.9,VENTURE,B,21700,6.32,0,0.32,N,7
37,36800,RENT,3.5,MEDICAL,C,8300,6.39,1,0.23,N,1
35,90500,RENT,9.5,VENTURE,A,12200,5.4,0,0.13,N,12
50,49700,OWN,9.3,DEBTCONSOLIDATION,D,29500,8.89,0,0.59,N,4
66,111800,RENT,4.3,DEBTCONSOLIDATION,A,5000,5.4,0,0.04,N,17
69,145100,RENT,21.4,MEDICAL,B,31600,6.77,0,0.22,N,5
62,83800,RENT,3.8,PERSONAL,E,36600,13.19,0,0.44,Y,4
36,62100,RENT,2.9,MEDICAL,B,17800,7.77,1,0.29,N,3
69,79000,RENT,1.9,PERSONAL,B,14400,6.96,0,0.18,N,3
49,55200,MORTGAGE,8.3,EDUCATION,C,28100,8.16,0,0.51,N,4
48,62800,RENT,8.8,HOMEIMPROVEMENT,C,27800,7.81,0,0.44,N,10
65,110900,RENT,16.8,EDUCATION,A,18400,6.82,0,0.17,N,6
45,41000,RENT,1.3,MEDICAL,B,8700,6.52,0,0.21,N,2
28,66000,RENT,5.4,VENTURE,A,14900,5.4,0,0.23,N,7
65,182800,RENT,1.1,HOMEIMPROVEMENT,C,50000,8.09,0,0.27,N,7
53,54200,RENT,8.0,PERSONAL,A,6500,6.49,0,0.12,N,5
58,168800,OWN,1.6,HOMEIMPROVEMENT,B,35100,5.95,0,0.21,N,2
54,35600,OWN,17.5,DEBTCONSOLIDATION,C,20100,6.15,1,0.56,N,6
31,31900,RENT,8.6,DEBTCONSOLIDATION,C,17500,7.47,0,0.55,N,6
64,180600,RENT,10.1,VENTURE,A,50000,5.4,1,0.28,N,2
62,183900,OWN,1.1,HOMEIMPROVEMENT,A,27100,5.6,0,0.15,N,7
37,93400,MORTGAGE,6.1,DEBTCONSOLIDATION,C,44600,7.81,0,0.48,N,8
21,47000,MORTGAGE,5.0,PERSONAL,C,23500,5.88,0,0.5,N,4
48,79500,OTHER,0.4,EDUCATION,C,32600,6.25,1,0.41,N,4
34,86200,RENT,6.0,PERSONAL,D,41800,10.64,0,0.48,N,6
29,46100,MORTGAGE,2.4,MEDICAL,C,22300,8.18,1,0.48,N,5
50,45900,RENT,3.6,MEDICAL,E,27200,9.45,0,0.59,N,7
26,38600,OWN,5.6,DEBTCONSOLIDATION,D,23900,5.61,0,0.62,N,7
36,172200,RENT,1.7,DEBTCONSOLIDATION,D,22100,7.72,0,0.13,Y,15
25,112600,RENT,9.0,HOMEIMPROVEMENT,C,18800,7.02,0,0.17,Y,9
53,40500,RENT,1.5,DEBTCONSOLIDATION,D,7100,8.41,1,0.18,Y,9
35,55000,RENT,7.8,PERSONAL,A,6300,7.3,0,0.11,N,5
33,53400,MORTGAGE,7.7,EDUCATION,D,22700,9.56,0,0.43,N,13
38,61000,MORTGAGE,4.1,VENTURE,A,10300,5.4,0,0.17,N,7
34,116700,OWN,1.8,MEDICAL,D,50000,8.7,0,0.43,N,2
61,33800,RENT,2.3,DEBTCONSOLIDATION,E,17900,9.38,0,0.53,N,3
67,40500,RENT,2.1,PERSONAL,D,17300,7.63,0,0.43,N,12
52,37700,MORTGAGE,16.5,EDUCATION,A,4600,5.95,0,0.12,N,5
69,47200,RENT,12.0,HOMEIMPROVEMENT,D,26500,8.91,0,0.56,N,3
24,64200,MORTGAGE,7.2,PERSONAL,A,17400,5.69,0,0.27,N,8
38,89100,MORTGAGE,6.9,VENTURE,C,50000,9.79,0,0.56,N,4
59,99700,RENT,5.5,DEBTCONSOLIDATION,B,32500,7.4,0,0.33,N,8
25,69900,RENT,8.3,DEBTCONSOLIDATION,D,32900,9.71,0,0.47,N,5
43,146100,RENT,9.9,MEDICAL,C,50000,6.89,1,0.34,N,7
67,65800,OWN,9.6,MEDICAL,A,8500,5.74,0,0.13,N,6
43,175200,RENT,5.6,EDUCATION,A,50000,7.14,0,0.29,N,9
23,49900,RENT,6.8,DEBTCONSOLIDATION,A,7600,6.49,0,0.15,N,7
36,60200,RENT,6.8,EDUCATION,A,7700,6.29,0,0.13,N,1
62,78200,RENT,4.2,MEDICAL,D,28000,10.23,1,0.36,N,4
22,84500,MORTGAGE,6.0,VENTURE,C,46600,7.32,0,0.55,N,6
36,126600,OWN,12.1,PERSONAL,A,50000,6.14,0,0.39,N,12
32,101900,RENT,1.4,VENTURE,E,33200,9.48,1,0.33,Y,3
51,45600,MORTGAGE,11.2,DEBTCONSOLIDATION,A,3800,5.72,0,0.08,N,1
47,83900,RENT,6.2,HOMEIMPROVEMENT,A,12500,5.79,0,0.15,N,5
29,61600,MORTGAGE,4.4,PERSONAL,A,3800,5.4,0,0.06,N,3
69,148100,RENT,5.9,MEDICAL,B,39400,6.87,1,0.27,N,11
67,92200,RENT,6.6,HOMEIMPROVEMENT,C,50000,7.33,0,0.54,N,11
57,51500,OTHER,4.4,VENTURE,E,33200,9.66,0,0.64,N,8
37,54500,MORTGAGE,4.0,EDUCATION,D,33700,7.34,0,0.62,N,2
40,204300,RENT,7.4,EDUCATION,B,50000,7.74,0,0.24,N,2
30,94200,RENT,10.0,DEBTCONSOLIDATION,C,50000,8.08,0,0.53,N,10
56,86300,RENT,2.1,DEBTCONSOLIDATION,B,5400,8.7,0,0.06,Y,9
30,132200,OWN,2.2,HOMEIMPROVEMENT,D,50000,8.7,0,0.38,Y,2
47,55200,RENT,11.3,DEBTCONSOLIDATION,C,22700,6.44,0,0.41,N,2
68,37600,RENT,6.2,PERSONAL,E,17800,11.66,0,0.47,Y,6
62,107800,OTHER,17.8,DEBTCONSOLIDATION,B,37500,8.34,0,0.35,N,3
70,72200,MORTGAGE,6.2,PERSONAL,A,8200,6.27,0,0.11,N,8
50,60100,RENT,6.5,PERSONAL,C,28200,8.97,1,0.47,N,5
50,48800,RENT,6.8,MEDICAL,C,21200,8.24,1,0.43,N,4
23,39800,MORTGAGE,6.5,MEDICAL,D,17900,8.41,1,0.45,N,5
62,171000,RENT,8.4,HOMEIMPROVEMENT,A,43400,7.07,0,0.25,N,20
49,28800,MORTGAGE,4.7,DEBTCONSOLIDATION,A,3800,5.4,0,0.13,N,2
32,57400,RENT,0.8,MEDICAL,C,12000,6.8,1,0.21,N,3
54,94100,MORTGAGE,2.5,DEBTCONSOLIDATION,A,5500,5.4,0,0.06,N,5
32,60500,RENT,5.9,DEBTCONSOLIDATION,E,38500,11.02,0,0.64,N,7
42,25400,MORTGAGE,2.5,VENTURE,B,3300,7.17,0,0.13,Y,1
34,71300,MORTGAGE,5.7,DEBTCONSOLIDATION,A,12800,8.71,0,0.18,N,1
47,43800,RENT,7.9,PERSONAL,A,2700,7.4,0,0.06,N,7
52,136600,RENT,14.2,MEDICAL,B,50000,7.69,0,0.37,N,8
33,79900,MORTGAGE,5.5,VENTURE,A,19400,6.34,1,0.24,N,6
47,129100,OWN,8.9,DEBTCONSOLIDATION,B,50000,5.4,1,0.39,N,3
22,51600,MORTGAGE,6.0,VENTURE,C,27500,8.9,0,0.53,N,6
48,104700,RENT,4.0,DEBTCONSOLIDATION,D,21300,8.76,0,0.2,Y,4
24,48400,RENT,4.6,PERSONAL,B,13400,7.89,0,0.28,N,5
25,70000,RENT,5.8,DEBTCONSOLIDATION,F,44300,10.03,1,0.63,N,5
21,71500,MORTGAGE,5.0,DEBTCONSOLIDATION,B,15600,6.93,0,0.22,N,1
55,165200,RENT,5.2,VENTURE,C,50000,6.2,0,0.3,N,4
52,284600,MORTGAGE,13.0,DEBTCONSOLIDATION,A,50000,5.4,0,0.18,N,7
44,44900,MORTGAGE,2.4,VENTURE,C,18100,8.24,0,0.4,N,12
51,109300,RENT,6.7,EDUCATION,A,33600,6.79,1,0.31,N,6
68,69300,RENT,8.0,DEBTCONSOLIDATION,D,4100,9.81,0,0.06,Y,3
30,92100,MORTGAGE,10.1,HOMEIMPROVEMENT,A,9700,5.61,0,0.11,N,6
41,92800,RENT,3.5,VENTURE,C,42700,5.84,0,0.46,N,7
67,132100,RENT,7.3,EDUCATION,C,50000,8.9,0,0.38,N,3
37,62000,RENT,1.7,EDUCATION,D,27900,8.25,1,0.45,N,6
22,141500,MORTGAGE,6.0,DEBTCONSOLIDATION,B,50000,5.45,0,0.35,N,4
63,125400,RENT,4.3,VENTURE,C,36000,9.15,1,0.29,N,3
24,45300,MORTGAGE,7.8,DEBTCONSOLIDATION,C,14000,7.93,0,0.31,N,8
60,62600,OWN,3.8,PERSONAL,B,18400,5.78,0,0.29,N,7
56,48700,MORTGAGE,7.8,EDUCATION,C,25400,9.47,0,0.52,N,15
55,93500,RENT,6.5,VENTURE,B,50000,5.4,0,0.53,N,15
53,104400,OWN,4.9,MEDICAL,C,50000,7.57,0,0.48,N,6
31,64200,RENT,8.2,VENTURE,D,32000,9.57,0,0.5,N,4
51,38000,RENT,5.0,MEDICAL,E,7700,10.56,0,0.2,Y,9
47,62500,OWN,6.9,DEBTCONSOLIDATION,B,26500,8.25,0,0.42,N,9
30,44500,RENT,7.9,DEBTCONSOLIDATION,A,1900,7.44,0,0.04,N,4
32,110600,RENT,2.0,DEBTCONSOLIDATION,B,50000,6.86,0,0.45,N,15
28,34100,RENT,4.3,HOMEIMPROVEMENT,C,14200,6.93,0,0.42,N,9
54,49700,RENT,3.1,HOMEIMPROVEMENT,A,9400,6.58,1,0.19,N,5
26,41600,MORTGAGE,10.0,EDUCATION,B,12800,5.4,1,0.31,Y,4
61,316600,RENT,12.9,DEBTCONSOLIDATION,A,50000,7.04,0,0.16,N,5
46,68200,MORTGAGE,8.1,MEDICAL,A,12300,6.25,0,0.18,N,4
42,97500,OWN,11.5,HOMEIMPROVEMENT,A,28500,6.38,0,0.29,N,9
29,47000,MORTGAGE,3.0,EDUCATION,A,12000,5.4,0,0.26,N,13
28,104800,RENT,9.5,HOMEIMPROVEMENT,A,38700,5.7,0,0.37,N,12
21,44600,OWN,5.0,MEDICAL,A,9700,5.4,0,0.22,N,3
36,73200,MORTGAGE,17.7,DEBTCONSOLIDATION,A,21400,5.65,0,0.29,N,2
33,59200,MORTGAGE,17.0,VENTURE,A,2400,5.4,0,0.04,N,4
50,107400,MORTGAGE,3.2,HOMEIMPROVEMENT,C,27500,5.4,0,0.26,Y,11
62,56300,MORTGAGE,6.2,MEDICAL,D,11500,9.67,0,0.2,Y,6
60,120200,MORTGAGE,12.6,MEDICAL,B,9100,8.48,0,0.08,Y,1
45,94300,RENT,3.3,HOMEIMPROVEMENT,B,14600,6.38,0,0.15,N,14
27,27800,MORTGAGE,3.1,VENTURE,D,15100,9.52,0,0.54,N,6
37,96700,RENT,5.9,VENTURE,C,38400,8.06,0,0.4,N,8
62,68700,OTHER,5.5,VENTURE,E,20000,8.19,1,0.29,Y,4
38,176000,RENT,7.6,DEBTCONSOLIDATION,B,50000,6.58,0,0.28,N,7
31,51300,RENT,3.4,MEDICAL,D,25400,7.48,0,0.5,N,4
48,91900,RENT,1.8,MEDICAL,F,50000,10.7,0,0.54,Y,3
61,110600,RENT,14.1,EDUCATION,B,50000,6.83,0,0.45,N,11
54,102400,RENT,7.8,PERSONAL,B,42400,7.47,1,0.41,N,2
53,89500,MORTGAGE,9.3,DEBTCONSOLIDATION,A,8800,6.38,0,0.1,N,1
49,72300,RENT,1.2,PERSONAL,C,26700,9.18,0,0.37,N,5
67,115600,MORTGAGE,2.0,DEBTCONSOLIDATION,B,50000,6.13,0,0.43,N,13
37,170300,RENT,4.4,HOMEIMPROVEMENT,A,9400,6.48,0,0.06,N,5
30,60700,RENT,3.1,EDUCATION,F,39000,11.99,0,0.64,N,4
46,75300,RENT,11.5,DEBTCONSOLIDATION,A,6100,7.13,0,0.08,N,4
29,41400,MORTGAGE,11.3,DEBTCONSOLIDATION,A,5700,7.24,0,0.14,N,10
60,89700,MORTGAGE,6.0,DEBTCONSOLIDATION,C,46100,6.72,0,0.51,N,2
24,101200,RENT,1.6,VENTURE,B,10500,7.4,0,0.1,Y,4
33,101200,RENT,1.5,DEBTCONSOLIDATION,D,35800,7.38,0,0.35,N,4
24,75400,RENT,5.4,DEBTCONSOLIDATION,B,19300,7.89,0,0.26,N,8
24,88700,RENT,0.4,DEBTCONSOLIDATION,D,50000,10.51,1,0.56,N,8
27,59400,RENT,3.3,PERSONAL,E,16500,7.79,0,0.28,Y,3
52,58700,OWN,1.6,PERSONAL,B,9700,5.4,0,0.17,N,4
27,35000,RENT,5.5,DEBTCONSOLIDATION,F,21600,11.38,0,0.62,N,5
42,129300,RENT,19.1,DEBTCONSOLIDATION,A,9500,7.68,0,0.07,N,5
56,61100,OTHER,4.7,EDUCATION,A,10700,5.74,0,0.18,N,3
38,78600,RENT,7.4,HOMEIMPROVEMENT,A,14000,7.44,0,0.18,N,10
33,66200,RENT,3.0,VENTURE,E,40600,8.48,0,0.61,N,4
25,18900,RENT,2.9,MEDICAL,E,10600,7.69,0,0.56,N,2
63,103200,RENT,2.6,HOMEIMPROVEMENT,D,45600,7.54,0,0.44,N,5
60,55300,MORTGAGE,3.8,VENTURE,C,8900,8.5,0,0.16,Y,1
34,101400,RENT,5.8,DEBTCONSOLIDATION,A,9900,6.88,0,0.1,N,4
33,54200,RENT,13.4,VENTURE,A,10500,5.43,0,0.19,N,1
65,43400,MORTGAGE,1.6,DEBTCONSOLIDATION,B,10700,7.25,0,0.25,N,6
26,85000,RENT,5.2,PERSONAL,F,50000,13.93,1,0.59,Y,6
59,159300,RENT,15.4,PERSONAL,A,50000,6.25,0,0.31,N,8
64,50600,RENT,2.8,PERSONAL,B,4600,5.92,0,0.09,Y,4
21,46300,MORTGAGE,3.5,PERSONAL,D,23500,8.23,0,0.51,N,5
67,215300,RENT,16.6,HOMEIMPROVEMENT,A,24600,5.4,0,0.11,N,2
67,82300,RENT,1.4,DEBTCONSOLIDATION,C,41900,5.55,0,0.51,N,7
60,52100,MORTGAGE,1.7,PERSONAL,E,19300,7.96,0,0.37,Y,8
52,56500,MORTGAGE,3.5,PERSONAL,A,13800,5.86,0,0.24,N,7
58,60700,RENT,7.3,DEBTCONSOLIDATION,C,36300,7.34,0,0.6,N,9
68,106500,MORTGAGE,2.2,DEBTCONSOLIDATION,A,13900,8.59,0,0.13,N,7
35,27200,RENT,1.9,DEBTCONSOLIDATION,D,13200,6.84,0,0.49,N,4
31,60100,RENT,9.6,VENTURE,F,32800,10.97,0,0.55,N,4
35,55300,RENT,2.6,HOMEIMPROVEMENT,C,15900,7.23,0,0.29,N,2
33,48800,OTHER,1.2,DEBTCONSOLIDATION,E,27100,10.0,0,0.56,N,1
65,120900,MORTGAGE,4.0,DEBTCONSOLIDATION,A,24300,5.4,0,0.2,N,6
63,69700,RENT,7.7,VENTURE,B,16700,6.29,0,0.24,N,7
36,48500,MORTGAGE,9.7,DEBTCONSOLIDATION,C,21500,10.08,0,0.44,N,7
69,134800,RENT,9.9,DEBTCONSOLIDATION,B,50000,5.4,0,0.37,N,8
31,66800,OWN,4.2,DEBTCONSOLIDATION,A,13900,5.4,0,0.21,N,2
59,305700,MORTGAGE,8.3,DEBTCONSOLIDATION,B,50000,7.81,0,0.16,N,3
40,78900,RENT,10.5,HOMEIMPROVEMENT,D,40000,8.56,1,0.51,Y,6
60,167100,RENT,4.7,MEDICAL,C,50000,7.36,0,0.3,N,5
53,224100,RENT,1.3,DEBTCONSOLIDATION,A,50000,5.4,0,0.22,N,20
68,143900,RENT,11.6,MEDICAL,A,5500,7.43,0,0.04,N,5
68,43400,RENT,1.0,EDUCATION,E,26500,9.77,0,0.61,N,2
51,52800,RENT,6.3,PERSONAL,A,17200,7.25,0,0.33,N,10
33,69100,RENT,6.7,HOMEIMPROVEMENT,E,44400,9.78,0,0.64,N,2
35,42700,RENT,1.8,PERSONAL,C,22200,7.01,1,0.52,N,5
66,64500,RENT,26.5,MEDICAL,A,17700,5.4,1,0.27,N,2
21,37000,OWN,5.0,EDUCATION,F,20600,9.17,0,0.56,Y,5
25,63600,RENT,4.1,MEDICAL,E,39600,8.34,0,0.62,N,4
34,77800,MORTGAGE,4.2,HOMEIMPROVEMENT,B,13600,6.08,0,0.17,N,2
30,55900,RENT,0.9,VENTURE,E,27100,9.7,0,0.48,N,4
38,94400,RENT,4.7,EDUCATION,C,50000,8.44,1,0.53,N,15
62,108200,RENT,4.7,PERSONAL,C,50000,8.04,1,0.46,N,8
31,32700,OWN,2.5,DEBTCONSOLIDATION,B,5500,7.44,0,0.17,N,4
45,83800,RENT,7.9,VENTURE,D,50000,7.55,1,0.6,N,5
69,93200,OWN,8.1,MEDICAL,D,45800,7.43,1,0.49,Y,3
28,70000,RENT,5.5,HOMEIMPROVEMENT,D,41000,9.49,1,0.59,N,4
21,21500,MORTGAGE,4.4,EDUCATION,B,6200,5.4,0,0.29,N,5
56,127700,OWN,9.4,HOMEIMPROVEMENT,A,21000,5.4,1,0.16,N,2
40,40300,RENT,2.6,DEBTCONSOLIDATION,E,19600,8.82,0,0.49,N,1
46,350000,MORTGAGE,4.2,DEBTCONSOLIDATION,A,50000,5.4,0,0.14,N,5
46,55700,RENT,3.1,HOMEIMPROVEMENT,B,6000,7.16,1,0.11,Y,9
50,22400,RENT,5.2,DEBTCONSOLIDATION,E,11200,12.1,1,0.5,Y,5
53,62400,RENT,7.0,VENTURE,E,36000,9.04,0,0.58,Y,20
47,52000,RENT,2.7,MEDICAL,B,7400,5.94,0,0.14,N,7
54,74300,OWN,8.7,MEDICAL,E,23700,9.02,1,0.32,Y,5
41,83300,OWN,6.0,EDUCATION,C,44200,6.81,0,0.53,N,9
64,45600,MORTGAGE,4.4,DEBTCONSOLIDATION,A,7300,6.16,0,0.16,N,11
67,73900,RENT,4.1,MEDICAL,B,2600,7.67,1,0.04,Y,11
29,50600,RENT,2.2,DEBTCONSOLIDATION,A,10000,5.99,0,0.2,N,13
21,121300,MORTGAGE,5.0,VENTURE,E,50000,10.07,0,0.41,Y,3
50,144100,OTHER,9.8,VENTURE,B,50000,5.4,0,0.35,N,9
50,94600,RENT,1.4,HOMEIMPROVEMENT,C,20800,9.23,0,0.22,N,8
38,104700,MORTGAGE,4.8,PERSONAL,A,7900,6.07,0,0.08,N,7
36,33100,RENT,2.6,DEBTCONSOLIDATION,B,13300,5.56,0,0.4,N,13
22,112400,MORTGAGE,6.0,VENTURE,B,10400,6.1,0,0.09,Y,5
60,131100,MORTGAGE,5.8,MEDICAL,B,25700,6.17,1,0.2,N,4
26,54200,RENT,5.4,DEBTCONSOLIDATION,B,17500,6.67,0,0.32,N,7
31,57100,RENT,1.2,PERSONAL,A,18200,5.4,0,0.32,N,13
28,87100,RENT,1.6,HOMEIMPROVEMENT,A,8200,6.07,0,0.09,N,1
67,60900,MORTGAGE,2.3,PERSONAL,A,10300,6.53,0,0.17,N,8
49,97700,RENT,4.9,HOMEIMPROVEMENT,A,17000,7.68,0,0.17,N,6
38,40300,RENT,6.0,DEBTCONSOLIDATION,B,11300,7.41,0,0.28,N,6
42,59800,RENT,8.6,HOMEIMPROVEMENT,C,16800,5.4,0,0.28,Y,14
36,100000,MORTGAGE,3.5,MEDICAL,A,34300,9.23,0,0.34,N,9
53,81200,MORTGAGE,11.3,DEBTCONSOLIDATION,A,12900,5.9,0,0.16,N,4
44,93100,RENT,7.7,PERSONAL,A,40300,5.94,0,0.43,N,13
49,91300,RENT,3.3,DEBTCONSOLIDATION,A,9600,6.11,0,0.11,N,15
51,83000,OWN,19.1,DEBTCONSOLIDATION,A,30300,5.4,0,0.37,N,8
58,83200,MORTGAGE,9.4,PERSONAL,A,18900,5.89,0,0.23,N,4
62,55600,RENT,10.5,DEBTCONSOLIDATION,C,25200,5.96,1,0.45,N,5
53,65100,RENT,7.9,DEBTCONSOLIDATION,A,4600,5.4,0,0.07,N,5
37,90600,MORTGAGE,2.5,DEBTCONSOLIDATION,B,20900,6.97,0,0.23,N,9
36,65600,RENT,9.6,MEDICAL,C,32300,7.28,0,0.49,N,13
48,131600,RENT,3.1,DEBTCONSOLIDATION,D,50000,9.7,0,0.38,N,8
49,68400,MORTGAGE,4.9,EDUCATION,A,13300,6.5,0,0.19,N,4
61,119700,MORTGAGE,10.0,MEDICAL,A,21200,7.17,0,0.18,N,15
38,45500,OWN,4.5,VENTURE,C,19100,7.6,0,0.42,N,5
61,87200,RENT,1.0,MEDICAL,C,28200,9.9,0,0.32,N,2
61,35300,MORTGAGE,4.5,DEBTCONSOLIDATION,A,7400,5.4,1,0.21,N,7
60,140300,OWN,14.8,DEBTCONSOLIDATION,A,50000,5.4,0,0.36,N,10
38,80100,RENT,4.3,MEDICAL,A,12800,6.7,0,0.16,N,14
42,87200,MORTGAGE,10.8,DEBTCONSOLIDATION,B,13600,5.4,0,0.16,Y,6
37,124900,RENT,1.6,DEBTCONSOLIDATION,A,18100,5.7,0,0.14,N,9
51,51200,OWN,12.0,DEBTCONSOLIDATION,D,24100,6.53,1,0.47,Y,12
40,36800,RENT,3.5,EDUCATION,F,23900,10.46,0,0.65,N,1
58,78700,MORTGAGE,11.1,DEBTCONSOLIDATION,A,42600,7.96,0,0.54,N,14
39,147200,RENT,7.4,DEBTCONSOLIDATION,A,6900,5.75,0,0.05,N,4
69,200900,OWN,13.6,EDUCATION,A,50000,7.03,0,0.25,N,13
50,103100,OTHER,4.8,VENTURE,B,12700,5.58,0,0.12,N,2
63,85600,RENT,10.3,PERSONAL,C,42700,5.45,0,0.5,N,8
69,125200,MORTGAGE,9.0,DEBTCONSOLIDATION,B,38400,5.88,0,0.31,N,4
53,79200,RENT,9.3,EDUCATION,C,27200,8.03,0,0.34,N,6
42,76100,MORTGAGE,5.5,PERSONAL,B,31500,5.9,0,0.41,N,4
27,89400,RENT,11.0,HOMEIMPROVEMENT,F,50000,8.22,1,0.56,Y,7
35,55100,MORTGAGE,9.3,DEBTCONSOLIDATION,C,14800,6.72,1,0.27,Y,6
48,46200,MORTGAGE,13.9,EDUCATION,C,27000,8.19,0,0.58,N,4
42,57500,RENT,4.7,DEBTCONSOLIDATION,D,13000,8.31,0,0.23,Y,10
35,54500,MORTGAGE,2.3,MEDICAL,A,8700,5.62,0,0.16,N,9
32,124400,MORTGAGE,5.8,MEDICAL,A,6900,7.62,0,0.06,N,6
42,90300,MORTGAGE,9.0,VENTURE,D,50000,7.7,0,0.55,N,2
26,136600,MORTGAGE,10.0,HOMEIMPROVEMENT,A,32500,6.98,0,0.24,N,10
48,77300,MORTGAGE,12.9,MEDICAL,A,6000,5.55,0,0.08,N,5
27,59000,MORTGAGE,10.0,DEBTCONSOLIDATION,A,6300,7.0,0,0.11,N,3
60,43300,RENT,2.0,DEBTCONSOLIDATION,A,3000,6.03,0,0.07,N,5
43,36300,OWN,5.3,MEDICAL,E,13000,9.84,0,0.36,Y,1
40,68800,RENT,8.8,PERSONAL,C,32500,7.86,0,0.47,N,8
40,100800,RENT,1.7,MEDICAL,D,44600,10.53,1,0.44,N,0
62,31600,OWN,3.8,MEDICAL,B,15900,7.43,0,0.5,N,14
59,49900,OTHER,5.2,PERSONAL,C,8800,6.32,0,0.18,Y,9
35,51500,MORTGAGE,8.8,PERSONAL,B,19800,6.41,0,0.38,N,6
44,123200,MORTGAGE,3.5,VENTURE,A,27000,6.67,0,0.22,N,5
42,140900,MORTGAGE,3.1,DEBTCONSOLIDATION,B,50000,9.75,0,0.35,N,6
32,37400,RENT,6.9,PERSONAL,E,14300,9.02,0,0.38,Y,11
31,40300,RENT,15.0,PERSONAL,C,22400,6.62,0,0.56,Y,13
31,74200,RENT,1.8,HOMEIMPROVEMENT,C,25400,9.91,1,0.34,N,6
53,101500,RENT,3.9,MEDICAL,B,10500,7.36,0,0.1,N,10
41,68500,RENT,3.8,DEBTCONSOLIDATION,E,25500,11.68,0,0.37,Y,19
32,69700,MORTGAGE,1.9,DEBTCONSOLIDATION,D,41300,8.65,0,0.59,N,3
30,107600,OWN,6.3,DEBTCONSOLIDATION,B,21500,5.4,0,0.2,Y,9
34,69300,RENT,7.8,HOMEIMPROVEMENT,C,31400,6.8,0,0.45,N,16
34,69900,MORTGAGE,3.7,DEBTCONSOLIDATION,D,18300,9.23,1,0.26,N,6
60,92700,MORTGAGE,5.9,PERSONAL,A,10400,7.24,0,0.11,N,3
44,22500,RENT,5.2,EDUCATION,D,11600,8.31,0,0.52,N,7
41,50800,OWN,7.2,EDUCATION,A,5600,5.4,0,0.11,N,12
48,67000,RENT,1.4,DEBTCONSOLIDATION,C,29500,8.16,1,0.44,N,8
23,104800,MORTGAGE,7.0,VENTURE,A,24000,5.43,0,0.23,N,4
35,71500,OWN,12.2,EDUCATION,A,20300,7.28,0,0.28,N,5
46,105300,OWN,8.3,EDUCATION,C,50000,6.33,0,0.47,N,7
36,42300,MORTGAGE,4.0,MEDICAL,B,21300,8.93,0,0.5,N,9
70,94200,OWN,6.1,PERSONAL,B,25700,6.92,0,0.27,N,3
53,92500,OWN,6.0,DEBTCONSOLIDATION,B,8000,8.06,0,0.09,Y,8
64,168600,MORTGAGE,3.4,PERSONAL,B,46700,6.63,0,0.28,N,3
51,64600,MORTGAGE,10.5,DEBTCONSOLIDATION,C,38000,8.63,0,0.59,N,4
55,92700,MORTGAGE,13.1,DEBTCONSOLIDATION,B,14000,5.4,0,0.15,N,3
68,229700,RENT,7.2,HOMEIMPROVEMENT,A,34900,6.29,0,0.15,N,0
54,79600,OWN,3.7,DEBTCONSOLIDATION,B,29500,8.52,0,0.37,N,2
51,81300,MORTGAGE,6.2,DEBTCONSOLIDATION,C,50000,7.89,1,0.62,N,6
39,41100,RENT,23.0,MEDICAL,A,12700,5.59,0,0.31,N,13
45,135300,RENT,2.0,VENTURE,B,50000,6.18,0,0.37,N,9
30,18000,RENT,5.8,EDUCATION,A,2700,6.02,0,0.15,N,8
52,52500,MORTGAGE,12.4,PERSONAL,A,14000,9.03,0,0.27,N,8
56,46500,MORTGAGE,7.2,HOMEIMPROVEMENT,B,13500,7.1,0,0.29,N,5
66,73700,MORTGAGE,7.5,HOMEIMPROVEMENT,A,5800,5.4,0,0.08,N,9
34,77000,RENT,10.9,EDUCATION,B,2900,7.71,0,0.04,Y,3
45,58800,MORTGAGE,7.5,PERSONAL,C,24700,8.17,0,0.42,N,5
36,57000,RENT,5.2,MEDICAL,E,30500,8.92,0,0.54,N,8
29,87300,RENT,3.1,HOMEIMPROVEMENT,C,45300,10.74,0,0.52,N,5
21,67200,RENT,4.7,PERSONAL,A,10200,6.5,0,0.15,N,5
58,82600,OWN,4.1,EDUCATION,A,11000,7.61,1,0.13,N,2
29,39300,MORTGAGE,11.1,MEDICAL,A,2300,8.28,0,0.06,N,9
34,147000,RENT,7.8,PERSONAL,D,50000,10.24,0,0.34,Y,12
60,111000,OWN,4.5,PERSONAL,A,44400,7.08,0,0.4,N,11
54,175600,RENT,12.0,EDUCATION,C,50000,9.57,0,0.28,Y,5
34,58800,RENT,3.5,DEBTCONSOLIDATION,E,33200,9.95,0,0.56,N,15
21,102200,RENT,2.0,DEBTCONSOLIDATION,C,25100,6.3,0,0.25,N,5
23,99800,OWN,6.4,PERSONAL,C,33600,7.68,0,0.34,Y,2
59,275000,RENT,16.3,DEBTCONSOLIDATION,A,50000,6.65,0,0.18,N,2
67,52000,RENT,4.4,EDUCATION,A,9000,8.01,0,0.17,N,5
26,127900,MORTGAGE,7.6,EDUCATION,B,50000,6.63,0,0.39,N,9
49,75100,RENT,5.1,DEBTCONSOLIDATION,A,8300,8.52,0,0.11,N,11
60,102900,RENT,2.7,DEBTCONSOLIDATION,C,23800,7.54,0,0.23,N,8
70,80700,RENT,11.8,EDUCATION,D,48100,10.38,0,0.6,N,9
58,84500,OWN,19.8,DEBTCONSOLIDATION,A,49700,6.4,0,0.59,N,17
39,38400,RENT,1.1,DEBTCONSOLIDATION,E,23500,9.54,0,0.61,N,13
26,44400,OWN,4.1,MEDICAL,A,9800,6.78,0,0.22,N,0
68,38000,RENT,3.8,MEDICAL,C,8700,8.84,0,0.23,Y,16
63,21400,MORTGAGE,13.8,DEBTCONSOLIDATION,C,12200,7.23,0,0.57,N,8
35,51000,MORTGAGE,3.3,DEBTCONSOLIDATION,A,9500,5.94,0,0.19,N,10
63,105000,MORTGAGE,5.6,PERSONAL,A,3900,5.4,0,0.04,N,4
60,53900,OWN,11.2,EDUCATION,A,26200,6.27,0,0.49,N,5
38,163000,RENT,12.5,DEBTCONSOLIDATION,A,36200,5.4,0,0.22,N,10
58,118800,RENT,1.6,EDUCATION,E,50000,7.01,1,0.42,N,8
52,58900,MORTGAGE,5.8,EDUCATION,D,19700,7.4,1,0.33,Y,8
56,87000,RENT,5.8,VENTURE,C,50000,9.45,1,0.57,N,16
66,46700,RENT,9.1,MEDICAL,C,23700,6.62,0,0.51,N,5
29,61600,RENT,6.1,PERSONAL,C,10000,7.94,0,0.16,Y,5
61,90300,MORTGAGE,14.2,MEDICAL,D,43100,9.13,1,0.48,N,2
46,101100,OWN,4.5,PERSONAL,B,39200,7.68,0,0.39,N,2
25,70300,RENT,2.7,DEBTCONSOLIDATION,D,28300,8.49,0,0.4,Y,6
28,45600,MORTGAGE,0.4,EDUCATION,A,9500,6.15,0,0.21,N,12
53,73700,OWN,9.2,EDUCATION,A,8700,6.68,0,0.12,N,3
41,82000,MORTGAGE,4.2,DEBTCONSOLIDATION,A,8600,5.4,0,0.1,N,9
62,98400,RENT,3.6,VENTURE,C,8400,8.88,1,0.09,Y,7
35,55200,RENT,3.7,PERSONAL,E,32000,8.51,0,0.58,N,1
46,292600,MORTGAGE,7.1,MEDICAL,A,50000,5.4,0,0.17,N,9
38,49500,OWN,3.1,MEDICAL,E,27900,11.46,1,0.56,N,2
45,56200,RENT,6.3,EDUCATION,B,20900,8.44,0,0.37,N,7
33,25400,RENT,14.2,EDUCATION,A,2400,5.4,0,0.09,N,8
64,77000,RENT,4.1,PERSONAL,B,26500,5.4,0,0.34,N,8
46,93500,OWN,8.0,PERSONAL,C,50000,7.56,0,0.53,N,6
32,42500,RENT,12.1,PERSONAL,C,16000,8.53,0,0.38,N,10
64,102600,RENT,2.1,DEBTCONSOLIDATION,B,34400,6.76,0,0.34,N,15
70,119700,RENT,2.6,MEDICAL,E,49000,9.04,0,0.41,N,3
37,128300,MORTGAGE,4.6,DEBTCONSOLIDATION,B,50000,6.72,0,0.39,N,11
34,161700,OWN,8.3,MEDICAL,B,50000,6.99,0,0.31,N,7
50,68600,OWN,13.3,HOMEIMPROVEMENT,B,36500,6.56,0,0.53,N,4
65,66500,MORTGAGE,1.1,PERSONAL,D,38900,8.11,0,0.58,N,15
62,73400,MORTGAGE,5.5,PERSONAL,A,4500,5.4,0,0.06,Y,5
38,54500,RENT,11.9,VENTURE,B,22900,7.86,0,0.42,N,1
67,90000,RENT,6.9,PERSONAL,C,48300,7.22,1,0.54,N,14
32,162600,MORTGAGE,4.5,DEBTCONSOLIDATION,C,29500,7.37,0,0.18,Y,1
58,53700,MORTGAGE,11.9,HOMEIMPROVEMENT,A,8400,7.86,0,0.16,N,7
68,185800,OWN,25.3,HOMEIMPROVEMENT,A,50000,6.99,0,0.27,N,10
44,131400,MORTGAGE,8.5,DEBTCONSOLIDATION,A,37200,6.58,0,0.28,N,9
31,70100,MORTGAGE,2.6,EDUCATION,A,26300,6.66,0,0.38,N,5
40,133500,OWN,10.6,MEDICAL,A,35900,6.28,0,0.27,N,4
42,56800,RENT,9.0,EDUCATION,C,25800,10.12,0,0.45,N,12
69,100400,RENT,4.9,VENTURE,E,50000,11.42,0,0.5,N,7
43,88400,RENT,9.3,EDUCATION,D,33500,9.67,0,0.38,Y,7
40,72100,MORTGAGE,14.2,HOMEIMPROVEMENT,A,11700,6.46,0,0.16,N,5
51,78900,RENT,1.4,MEDICAL,A,17800,5.76,0,0.23,N,16
21,63400,MORTGAGE,3.9,EDUCATION,B,23800,7.53,0,0.38,N,5
28,32400,RENT,7.5,DEBTCONSOLIDATION,D,7100,8.27,0,0.22,Y,5
59,104900,MORTGAGE,9.4,PERSONAL,A,14400,5.47,0,0.14,N,8
43,85000,OWN,2.3,DEBTCONSOLIDATION,D,50000,9.79,0,0.59,N,4
44,18000,OWN,5.3,PERSONAL,A,4400,8.85,0,0.24,N,6
33,47600,RENT,1.1,VENTURE,D,30000,10.78,0,0.63,N,11
38,47800,MORTGAGE,3.7,HOMEIMPROVEMENT,A,7900,8.62,0,0.17,N,5
44,103800,OWN,7.1,DEBTCONSOLIDATION,E,50000,7.01,0,0.48,Y,3
26,110700,MORTGAGE,7.1,HOMEIMPROVEMENT,C,50000,9.79,0,0.45,N,5
70,96200,RENT,2.6,DEBTCONSOLIDATION,C,44200,5.4,0,0.46,N,2
36,136100,OWN,5.5,MEDICAL,B,50000,5.4,0,0.37,N,6
24,97900,RENT,8.0,HOMEIMPROVEMENT,A,21700,5.4,0,0.22,N,5
64,35300,OWN,6.0,EDUCATION,D,15100,6.6,0,0.43,N,6
58,115900,RENT,7.0,EDUCATION,C,33600,5.86,0,0.29,N,4
57,188800,RENT,13.4,VENTURE,A,16000,6.47,0,0.08,N,12
27,59800,RENT,4.4,EDUCATION,B,5300,7.76,0,0.09,Y,11
25,88800,RENT,9.0,PERSONAL,A,16500,6.41,0,0.19,N,7
55,95300,RENT,13.5,EDUCATION,B,34200,7.7,0,0.36,N,5
31,54000,RENT,0.7,VENTURE,C,8600,7.44,0,0.16,N,7
21,86400,MORTGAGE,1.7,MEDICAL,A,5900,5.4,0,0.07,N,5
51,181700,MORTGAGE,2.2,HOMEIMPROVEMENT,C,50000,8.37,0,0.28,N,6
44,50200,RENT,11.9,DEBTCONSOLIDATION,B,14800,7.97,0,0.29,N,10
58,186700,RENT,4.0,DEBTCONSOLIDATION,B,46000,7.32,0,0.25,N,4
63,88700,MORTGAGE,2.8,DEBTCONSOLIDATION,D,33400,8.47,0,0.38,N,3
22,46300,RENT,6.0,EDUCATION,B,17000,5.45,0,0.37,N,6
47,77200,OWN,15.2,EDUCATION,E,43400,9.98,1,0.56,Y,9
56,83400,RENT,1.7,EDUCATION,E,19600,8.66,1,0.24,Y,3
47,124900,MORTGAGE,7.3,PERSONAL,A,50000,7.9,0,0.4,N,7
65,125000,OWN,9.1,DEBTCONSOLIDATION,B,50000,8.13,0,0.4,N,2
44,55300,MORTGAGE,21.6,PERSONAL,A,4900,5.4,0,0.09,N,8
48,113700,MORTGAGE,7.7,EDUCATION,A,13000,5.4,0,0.11,N,3
67,89600,MORTGAGE,1.1,DEBTCONSOLIDATION,F,50000,9.97,0,0.56,Y,6
57,152300,MORTGAGE,12.1,DEBTCONSOLIDATION,A,50000,6.32,0,0.33,N,4
63,51400,MORTGAGE,1.3,PERSONAL,B,22800,5.72,0,0.44,N,10
33,81800,MORTGAGE,10.2,HOMEIMPROVEMENT,A,23600,7.55,0,0.29,N,3
58,92700,RENT,4.1,EDUCATION,A,19600,5.4,0,0.21,N,3
47,54000,OWN,10.6,EDUCATION,C,25700,8.82,0,0.48,N,4
65,145000,OWN,2.8,PERSONAL,C,50000,6.77,0,0.34,Y,11
62,46100,OWN,1.8,EDUCATION,B,15700,5.4,0,0.34,N,2
25,45300,OTHER,2.0,MEDICAL,B,8000,5.4,0,0.18,N,4
38,170100,RENT,4.2,DEBTCONSOLIDATION,B,18900,8.4,0,0.11,N,10
31,76700,MORTGAGE,2.9,EDUCATION,B,35600,7.94,1,0.46,N,12
69,68000,MORTGAGE,4.2,EDUCATION,A,6000,5.71,0,0.09,N,7
55,48300,RENT,3.4,PERSONAL,F,26400,12.64,1,0.55,Y,1
29,74000,MORTGAGE,5.7,EDUCATION,A,5700,8.08,0,0.08,N,2
34,71000,MORTGAGE,1.7,MEDICAL,B,25600,6.01,1,0.36,N,17
59,149400,RENT,6.1,PERSONAL,B,50000,8.47,0,0.33,N,3
36,45900,MORTGAGE,2.9,DEBTCONSOLIDATION,C,7900,6.66,0,0.17,Y,19
63,46300,RENT,1.4,MEDICAL,A,1700,6.49,0,0.04,N,8
34,51800,RENT,2.0,HOMEIMPROVEMENT,C,26700,7.17,0,0.52,N,4
69,55400,RENT,6.1,MEDICAL,A,8400,5.4,0,0.15,N,8
36,29000,OWN,3.3,DEBTCONSOLIDATION,B,7100,6.6,0,0.24,Y,1
48,165000,RENT,3.8,DEBTCONSOLIDATION,B,50000,9.02,1,0.3,N,8
26,68100,OWN,10.0,EDUCATION,C,38100,6.54,1,0.56,N,9
55,116200,MORTGAGE,7.1,EDUCATION,B,49500,7.05,0,0.43,Y,14
57,156500,RENT,2.1,MEDICAL,A,7100,6.32,0,0.05,N,12
66,183600,MORTGAGE,12.8,DEBTCONSOLIDATION,B,50000,5.4,0,0.27,N,1
57,27300,OWN,5.7,PERSONAL,C,15700,7.51,0,0.58,N,14
53,186800,OTHER,0.6,MEDICAL,C,50000,9.65,0,0.27,N,7
69,200900,MORTGAGE,5.6,MEDICAL,A,13300,5.4,0,0.07,N,5
47,82200,MORTGAGE,3.2,DEBTCONSOLIDATION,B,38500,5.45,0,0.47,N,15
50,56400,MORTGAGE,16.6,PERSONAL,D,35200,9.58,0,0.62,N,3
62,198900,MORTGAGE,8.3,DEBTCONSOLIDATION,A,50000,6.2,0,0.25,N,9
40,26700,RENT,10.1,HOMEIMPROVEMENT,D,12900,9.81,0,0.48,N,3
38,45100,MORTGAGE,2.9,MEDICAL,C,10800,6.99,0,0.24,N,6
27,60200,RENT,3.4,DEBTCONSOLIDATION,F,33100,11.78,0,0.55,Y,7
56,197300,RENT,5.8,PERSONAL,A,12300,9.16,0,0.06,N,8
33,62100,OWN,10.5,DEBTCONSOLIDATION,A,16500,7.91,0,0.27,N,4
58,47900,MORTGAGE,5.8,HOMEIMPROVEMENT,D,27800,7.84,0,0.58,N,3
41,120900,MORTGAGE,7.8,VENTURE,B,49400,5.89,0,0.41,N,13
35,67600,MORTGAGE,4.2,DEBTCONSOLIDATION,E,31300,10.89,0,0.46,Y,9
61,147700,RENT,0.4,HOMEIMPROVEMENT,A,30200,7.14,1,0.2,N,8
43,60600,RENT,5.1,MEDICAL,A,4500,6.49,0,0.07,N,13
58,88000,RENT,2.9,DEBTCONSOLIDATION,E,50000,9.46,0,0.57,N,2
55,126000,RENT,4.5,DEBTCONSOLIDATION,C,35000,7.4,0,0.28,N,12
28,63500,RENT,11.3,HOMEIMPROVEMENT,A,5100,7.57,0,0.08,N,4
63,176700,RENT,7.2,EDUCATION,B,50000,9.09,1,0.28,N,5
35,110500,RENT,19.0,PERSONAL,B,50000,7.11,0,0.45,N,2
46,54900,OWN,8.8,DEBTCONSOLIDATION,B,10900,6.59,0,0.2,N,14
42,35200,RENT,9.6,DEBTCONSOLIDATION,A,8400,7.27,0,0.24,N,6
63,59500,RENT,2.1,EDUCATION,D,24000,9.08,1,0.4,N,1
25,95300,RENT,4.9,VENTURE,D,25900,6.8,0,0.27,Y,3
24,45200,MORTGAGE,8.0,VENTURE,E,27800,12.29,1,0.62,N,2
67,33600,MORTGAGE,10.3,VENTURE,D,21400,6.2,0,0.64,N,3
31,85400,MORTGAGE,8.8,EDUCATION,B,40500,5.9,0,0.47,N,4
59,81200,MORTGAGE,3.6,EDUCATION,C,50000,9.06,0,0.62,N,3
48,113900,OWN,9.2,MEDICAL,D,50000,7.5,1,0.44,Y,4
47,54000,MORTGAGE,7.6,PERSONAL,C,31800,5.83,0,0.59,N,2
37,63000,OWN,9.4,MEDICAL,D,32700,9.36,0,0.52,N,1
44,26700,MORTGAGE,7.3,DEBTCONSOLIDATION,D,9600,8.02,0,0.36,Y,3
31,46600,RENT,11.4,VENTURE,B,18300,7.82,0,0.39,N,8
42,65100,MORTGAGE,0.7,EDUCATION,F,27500,11.31,0,0.42,Y,4
38,218000,OWN,10.3,PERSONAL,A,31700,7.89,1,0.15,N,4
41,110900,OWN,5.6,HOMEIMPROVEMENT,B,25300,6.14,0,0.23,N,2
27,36000,RENT,11.0,DEBTCONSOLIDATION,A,1600,5.4,0,0.04,N,5
70,148200,MORTGAGE,1.0,HOMEIMPROVEMENT,B,50000,6.4,0,0.34,N,11
21,37700,OWN,5.0,HOMEIMPROVEMENT,D,21100,9.04,1,0.56,N,5
54,39800,RENT,21.3,MEDICAL,C,17200,8.87,0,0.43,N,9
63,48600,MORTGAGE,9.9,MEDICAL,B,29300,9.41,0,0.6,N,6
51,74500,RENT,2.6,PERSONAL,A,25900,6.88,0,0.35,N,4
69,158800,MORTGAGE,16.6,DEBTCONSOLIDATION,A,36700,5.4,0,0.23,N,10
45,46600,RENT,4.5,HOMEIMPROVEMENT,C,28500,9.37,0,0.61,N,9
61,88200,RENT,3.7,EDUCATION,F,50000,14.8,0,0.57,Y,3
40,60800,MORTGAGE,1.2,DEBTCONSOLIDATION,A,18600,6.6,0,0.31,N,14
40,59800,MORTGAGE,3.4,DEBTCONSOLIDATION,A,11100,5.4,0,0.19,N,4
23,41800,RENT,1.1,EDUCATION,C,16700,8.74,1,0.4,N,2
51,51300,RENT,12.2,MEDICAL,D,21500,7.94,1,0.42,N,3
37,59400,OWN,2.4,EDUCATION,C,18000,9.09,1,0.3,N,2
46,84400,MORTGAGE,7.2,MEDICAL,D,46100,9.96,0,0.55,N,12
32,51900,OTHER,12.0,EDUCATION,E,19600,9.47,1,0.38,Y,2
57,99200,RENT,9.4,HOMEIMPROVEMENT,A,41300,8.0,0,0.42,N,2
67,105200,MORTGAGE,10.3,EDUCATION,A,19900,5.72,0,0.19,N,6
59,187600,MORTGAGE,3.5,DEBTCONSOLIDATION,B,50000,7.34,0,0.27,N,8
23,118800,RENT,3.1,EDUCATION,A,31600,5.4,0,0.27,N,7
55,86200,RENT,5.5,DEBTCONSOLIDATION,D,44000,8.65,0,0.51,N,2
45,61700,RENT,2.4,DEBTCONSOLIDATION,D,36600,10.6,0,0.59,N,7
36,136600,RENT,7.0,DEBTCONSOLIDATION,B,50000,7.59,0,0.37,N,1
55,34700,RENT,2.7,DEBTCONSOLIDATION,A,1500,5.4,0,0.04,N,6
65,56100,MORTGAGE,6.1,EDUCATION,B,23300,5.6,0,0.42,N,14
55,97200,MORTGAGE,5.0,DEBTCONSOLIDATION,A,7300,5.4,0,0.08,N,6
44,119600,MORTGAGE,4.8,EDUCATION,A,7000,7.06,0,0.06,N,8
63,94700,RENT,1.3,MEDICAL,C,50000,9.02,0,0.53,N,6
29,68600,OWN,13.0,VENTURE,B,32200,5.6,0,0.47,N,5
34,60900,MORTGAGE,4.2,MEDICAL,C,38800,6.28,0,0.64,N,7
52,69000,MORTGAGE,8.5,HOMEIMPROVEMENT,A,33400,7.43,0,0.48,N,3
48,62700,OWN,11.5,MEDICAL,C,40500,9.87,0,0.65,N,8
29,46100,RENT,8.0,PERSONAL,E,16800,8.69,0,0.36,N,2
65,74900,RENT,3.1,DEBTCONSOLIDATION,C,15400,8.91,0,0.21,Y,16
66,136800,RENT,10.0,DEBTCONSOLIDATION,D,50000,6.23,0,0.37,Y,15
62,103400,RENT,0.3,DEBTCONSOLIDATION,A,10200,7.47,1,0.1,N,7
36,41200,MORTGAGE,1.9,DEBTCONSOLIDATION,B,12000,6.97,0,0.29,N,8
26,87500,RENT,9.9,EDUCATION,C,31100,10.44,0,0.36,N,6
37,67100,MORTGAGE,2.8,EDUCATION,B,19600,7.04,0,0.29,N,9
26,77300,RENT,5.2,PERSONAL,F,44300,14.53,1,0.57,Y,5
54,61500,MORTGAGE,3.4,HOMEIMPROVEMENT,A,4400,6.18,0,0.07,N,14
62,118400,MORTGAGE,11.3,PERSONAL,B,19200,6.75,1,0.16,Y,7
30,54100,RENT,8.3,DEBTCONSOLIDATION,F,33900,10.11,0,0.63,Y,3
32,89300,MORTGAGE,3.5,DEBTCONSOLIDATION,D,50000,8.08,1,0.56,N,1
50,37400,RENT,12.6,DEBTCONSOLIDATION,C,12700,7.51,0,0.34,Y,20
52,33800,RENT,5.6,PERSONAL,C,19000,9.19,0,0.56,N,11
44,86700,MORTGAGE,7.3,HOMEIMPROVEMENT,C,46500,7.38,0,0.54,N,7
62,43200,RENT,5.7,DEBTCONSOLIDATION,C,20600,5.81,0,0.48,N,11
23,129600,RENT,7.0,HOMEIMPROVEMENT,C,50000,8.55,0,0.39,N,7
36,69000,MORTGAGE,7.9,EDUCATION,B,30500,7.93,0,0.44,N,9
25,40900,RENT,8.5,HOMEIMPROVEMENT,C,4000,8.02,0,0.1,Y,9
27,147400,RENT,11.0,DEBTCONSOLIDATION,B,50000,5.4,0,0.34,N,8
58,45900,OWN,3.4,PERSONAL,E,27900,8.73,0,0.61,N,6
57,95400,RENT,9.3,DEBTCONSOLIDATION,B,42600,7.8,0,0.45,N,4
62,78600,RENT,8.8,MEDICAL,B,13700,6.68,0,0.17,N,17
26,57000,MORTGAGE,4.9,EDUCATION,C,34500,8.27,1,0.61,N,4
54,63600,OWN,2.0,PERSONAL,A,17800,5.4,0,0.28,N,9
50,39700,MORTGAGE,1.9,MEDICAL,B,13500,8.23,1,0.34,N,8
63,71300,MORTGAGE,11.0,PERSONAL,B,17100,7.56,0,0.24,Y,8
35,55000,RENT,7.6,VENTURE,D,8100,8.31,1,0.15,Y,8
39,99300,RENT,4.8,DEBTCONSOLIDATION,B,39400,6.95,1,0.4,N,17
23,31500,MORTGAGE,7.0,PERSONAL,A,9300,5.67,0,0.3,N,3
57,102800,RENT,2.4,HOMEIMPROVEMENT,F,45400,9.52,1,0.44,Y,1
62,93500,MORTGAGE,1.9,HOMEIMPROVEMENT,C,50000,7.82,0,0.53,N,6
30,35400,MORTGAGE,6.2,PERSONAL,C,12900,7.1,0,0.36,N,2
69,88200,RENT,4.6,VENTURE,A,4300,7.37,0,0.05,N,3
44,68300,RENT,1.6,PERSONAL,E,41500,11.83,1,0.61,N,6
55,169400,MORTGAGE,2.8,PERSONAL,B,50000,7.88,0,0.3,N,7
45,118000,RENT,2.1,PERSONAL,A,5600,5.51,0,0.05,N,2
29,72100,MORTGAGE,3.6,EDUCATION,D,46300,9.12,1,0.64,N,6
67,172100,RENT,19.6,DEBTCONSOLIDATION,A,50000,5.84,0,0.29,N,1
39,53000,RENT,9.4,VENTURE,C,20900,5.98,0,0.39,N,12
69,94900,OTHER,3.4,DEBTCONSOLIDATION,C,36600,8.42,0,0.39,N,8
31,37500,MORTGAGE,12.7,VENTURE,C,22200,6.31,0,0.59,N,9
38,24600,MORTGAGE,5.0,HOMEIMPROVEMENT,D,13100,7.91,0,0.53,N,11
70,30300,RENT,10.0,EDUCATION,B,13500,8.66,0,0.45,N,18
31,88400,RENT,2.4,HOMEIMPROVEMENT,C,28600,6.42,1,0.32,N,4
52,113800,MORTGAGE,0.2,DEBTCONSOLIDATION,B,39100,6.26,0,0.34,N,8
46,52800,RENT,6.4,EDUCATION,A,4300,5.65,0,0.08,N,5
48,128800,MORTGAGE,2.1,EDUCATION,C,42300,6.39,0,0.33,N,15
68,141200,MORTGAGE,9.3,PERSONAL,B,19700,8.13,0,0.14,Y,1
65,136700,RENT,15.7,MEDICAL,B,50000,7.52,0,0.37,N,17
40,65800,OTHER,12.6,EDUCATION,B,12500,6.89,0,0.19,Y,2
57,122200,RENT,2.9,EDUCATION,A,8900,5.4,0,0.07,N,5
39,89800,OWN,5.6,DEBTCONSOLIDATION,B,33200,5.79,0,0.37,N,5
37,36800,OTHER,6.9,HOMEIMPROVEMENT,C,18000,9.42,0,0.49,N,4
53,144800,MORTGAGE,4.7,PERSONAL,B,50000,6.85,0,0.35,N,10
70,23100,RENT,1.1,PERSONAL,B,5800,6.72,0,0.25,N,5
64,120100,RENT,8.6,MEDICAL,C,20200,5.4,0,0.17,Y,10
59,95900,RENT,9.4,PERSONAL,B,24200,6.87,0,0.25,N,9
52,92500,RENT,2.5,VENTURE,F,49000,13.86,1,0.53,Y,4
51,57400,RENT,2.7,VENTURE,E,12200,8.6,0,0.21,Y,7
49,76200,MORTGAGE,2.7,DEBTCONSOLIDATION,B,28400,6.13,1,0.37,N,13
68,84200,MORTGAGE,12.3,EDUCATION,C,12200,5.77,0,0.14,Y,7
68,103400,RENT,15.4,EDUCATION,A,29800,5.4,0,0.29,N,8
44,64700,MORTGAGE,8.3,DEBTCONSOLIDATION,A,10100,5.4,0,0.16,N,2
52,177800,MORTGAGE,3.9,EDUCATION,A,50000,5.4,0,0.28,N,5
42,68800,RENT,4.5,PERSONAL,C,26400,7.8,0,0.38,N,5
37,76500,RENT,1.4,DEBTCONSOLIDATION,A,4500,5.4,0,0.06,N,2
38,70400,RENT,7.9,MEDICAL,C,21300,5.99,0,0.3,N,9
63,70500,RENT,7.8,HOMEIMPROVEMENT,F,43700,10.42,0,0.62,Y,2
32,74600,OWN,5.4,EDUCATION,E,38700,6.95,1,0.52,N,1
68,41700,RENT,17.2,PERSONAL,D,26400,10.21,0,0.63,N,4
64,36800,OWN,5.1,HOMEIMPROVEMENT,C,22900,7.71,1,0.62,N,16
47,179800,MORTGAGE,5.1,DEBTCONSOLIDATION,A,19300,5.4,0,0.11,N,9
52,70000,RENT,1.2,VENTURE,D,42400,7.76,0,0.61,N,6
53,74500,MORTGAGE,5.6,VENTURE,D,47900,9.71,0,0.64,N,6
55,29400,MORTGAGE,6.6,MEDICAL,D,15300,6.47,0,0.52,N,7
42,122800,RENT,3.3,PERSONAL,A,13200,5.75,0,0.11,N,3
55,105800,MORTGAGE,6.8,VENTURE,A,16500,6.37,0,0.16,N,5
28,49800,RENT,12.0,DEBTCONSOLIDATION,A,3000,5.74,0,0.06,N,5
33,43500,MORTGAGE,7.4,HOMEIMPROVEMENT,B,7700,8.88,0,0.18,Y,2
24,54000,RENT,8.0,PERSONAL,C,34600,9.24,0,0.64,N,8
59,160100,OWN,4.4,PERSONAL,B,50000,6.23,0,0.31,N,12
51,224000,RENT,13.3,PERSONAL,B,50000,8.59,0,0.22,Y,11
60,33100,MORTGAGE,5.6,EDUCATION,A,4000,5.4,0,0.12,Y,2
49,96500,OWN,5.1,DEBTCONSOLIDATION,A,16000,8.23,0,0.17,N,7
60,168400,MORTGAGE,10.9,DEBTCONSOLIDATION,A,9700,5.42,0,0.06,N,1
31,59500,RENT,5.4,DEBTCONSOLIDATION,C,27200,7.82,0,0.46,N,3
41,159100,MORTGAGE,10.8,VENTURE,A,14000,8.26,0,0.09,N,4
50,73300,OWN,8.8,PERSONAL,A,27100,5.4,0,0.37,N,8
68,50700,MORTGAGE,2.0,VENTURE,A,9600,5.4,0,0.19,N,21
46,128300,RENT,2.2,DEBTCONSOLIDATION,C,43100,8.06,0,0.34,Y,5
32,78100,MORTGAGE,2.0,DEBTCONSOLIDATION,A,19100,7.93,0,0.24,N,3
40,38100,RENT,17.4,DEBTCONSOLIDATION,C,19900,9.89,0,0.52,N,2
52,39000,MORTGAGE,7.4,VENTURE,F,21800,10.47,0,0.56,Y,7
61,89000,MORTGAGE,2.6,EDUCATION,B,32700,6.96,0,0.37,N,11
34,68700,RENT,4.1,DEBTCONSOLIDATION,B,9700,6.49,0,0.14,N,7
44,125200,OWN,2.3,DEBTCONSOLIDATION,E,50000,10.64,0,0.4,Y,12
61,68800,RENT,10.6,HOMEIMPROVEMENT,A,10700,6.06,0,0.16,N,7
69,60000,OWN,2.8,MEDICAL,A,8400,5.66,0,0.14,N,17
54,57600,RENT,5.4,PERSONAL,A,11400,5.4,0,0.2,N,12
53,50300,RENT,8.6,EDUCATION,C,4200,8.39,0,0.08,Y,7
35,47500,RENT,1.1,MEDICAL,D,20800,9.98,0,0.44,N,1
39,51200,MORTGAGE,4.4,EDUCATION,B,32100,7.35,0,0.63,N,23
61,52600,MORTGAGE,7.1,PERSONAL,A,8700,6.7,0,0.17,Y,3
57,54600,MORTGAGE,8.3,DEBTCONSOLIDATION,A,6600,5.4,0,0.12,N,12
67,106600,RENT,3.3,EDUCATION,C,50000,7.68,0,0.47,N,6
68,163900,MORTGAGE,11.8,DEBTCONSOLIDATION,A,19200,5.4,0,0.12,N,0
53,133300,RENT,6.9,PERSONAL,A,50000,5.4,0,0.38,N,26
53,27600,RENT,4.2,PERSONAL,B,5000,8.42,0,0.18,N,10
38,117900,OWN,4.3,PERSONAL,A,29300,5.96,0,0.25,N,9
35,23400,RENT,10.0,DEBTCONSOLIDATION,F,14000,12.26,1,0.6,Y,3
62,85400,OWN,5.4,HOMEIMPROVEMENT,A,8700,6.2,0,0.1,N,2
22,69400,OWN,6.0,PERSONAL,B,13400,7.58,0,0.19,N,6
39,103600,MORTGAGE,5.2,PERSONAL,D,28800,9.02,0,0.28,Y,2
64,126700,MORTGAGE,1.6,MEDICAL,A,10800,6.43,0,0.09,N,2
48,56600,OWN,7.5,MEDICAL,A,6100,7.67,0,0.11,N,3
28,89200,RENT,8.4,DEBTCONSOLIDATION,A,13500,6.58,0,0.15,N,5
58,57800,RENT,7.5,DEBTCONSOLIDATION,C,29200,10.14,0,0.51,N,0
70,45700,MORTGAGE,20.2,EDUCATION,C,23600,5.77,0,0.52,N,4
41,153600,MORTGAGE,7.9,DEBTCONSOLIDATION,B,50000,5.4,0,0.33,N,1
62,173100,OTHER,2.8,MEDICAL,C,33700,6.44,1,0.19,N,5
55,95900,RENT,4.4,DEBTCONSOLIDATION,B,28500,6.14,0,0.3,N,3
38,186800,MORTGAGE,22.0,PERSONAL,A,24200,6.35,0,0.13,Y,3
42,59600,RENT,5.0,VENTURE,D,26100,9.55,0,0.44,N,5
64,105400,MORTGAGE,7.0,PERSONAL,A,10700,5.4,0,0.1,N,5
34,45100,MORTGAGE,9.6,DEBTCONSOLIDATION,C,14700,5.4,0,0.33,Y,6
58,131700,MORTGAGE,7.1,EDUCATION,C,37400,9.05,0,0.28,Y,4
69,115900,MORTGAGE,7.3,DEBTCONSOLIDATION,B,50000,7.42,0,0.43,N,5
39,37200,RENT,2.3,PERSONAL,A,6100,5.4,0,0.16,N,2
47,166500,RENT,12.8,VENTURE,A,49400,6.91,0,0.3,N,6
36,71900,OWN,19.7,PERSONAL,A,25900,5.61,0,0.36,N,15
37,45900,MORTGAGE,5.7,DEBTCONSOLIDATION,B,20500,8.48,0,0.45,N,11
48,40400,OWN,5.0,VENTURE,C,20300,5.78,0,0.5,N,4
23,44300,RENT,7.0,EDUCATION,A,7000,5.4,0,0.16,N,3
70,41100,RENT,1.7,VENTURE,E,25400,10.86,0,0.62,N,5
52,106100,RENT,1.7,VENTURE,A,28900,6.53,0,0.27,N,12
23,59600,RENT,7.0,EDUCATION,A,7900,7.43,0,0.13,N,7
66,65900,RENT,5.2,VENTURE,A,3400,5.4,0,0.05,N,5
22,70600,RENT,6.0,VENTURE,D,44800,10.85,0,0.63,N,6
61,110500,MORTGAGE,2.6,VENTURE,C,50000,7.46,0,0.45,N,1
39,54700,MORTGAGE,5.2,MEDICAL,A,19400,8.52,1,0.35,N,20
56,86200,RENT,8.0,EDUCATION,B,28300,7.13,0,0.33,N,3
35,44500,RENT,5.0,VENTURE,F,25100,15.18,1,0.56,Y,5
65,265600,MORTGAGE,6.2,VENTURE,A,50000,8.32,0,0.19,N,28
44,53800,MORTGAGE,8.5,EDUCATION,D,25000,9.44,0,0.46,N,4
38,40600,OWN,3.0,HOMEIMPROVEMENT,C,19300,8.51,0,0.48,N,5
65,53100,RENT,21.9,EDUCATION,B,23800,5.4,0,0.45,N,5
42,59600,MORTGAGE,5.3,EDUCATION,B,12500,7.05,0,0.21,N,3
29,154200,MORTGAGE,2.8,VENTURE,A,50000,5.4,0,0.32,N,3
63,42400,RENT,3.9,DEBTCONSOLIDATION,B,8100,8.54,1,0.19,Y,25
32,76400,OTHER,3.2,VENTURE,D,45400,7.52,0,0.59,N,9
57,49600,RENT,8.4,EDUCATION,D,27100,9.04,0,0.55,Y,11
64,171500,MORTGAGE,8.1,VENTURE,B,50000,7.85,0,0.29,N,4
70,88300,OWN,10.3,HOMEIMPROVEMENT,B,28200,7.11,0,0.32,Y,9
55,39000,RENT,4.1,PERSONAL,A,5600,5.5,0,0.14,N,10
34,67000,RENT,4.5,MEDICAL,C,20200,10.18,1,0.3,N,5
65,62100,OWN,9.9,DEBTCONSOLIDATION,F,38400,11.31,1,0.62,Y,7
30,54600,MORTGAGE,1.1,DEBTCONSOLIDATION,B,15300,6.8,0,0.28,N,7
36,95500,RENT,4.8,DEBTCONSOLIDATION,B,24400,6.89,0,0.26,N,4
43,46900,MORTGAGE,0.9,EDUCATION,A,5900,6.09,0,0.13,N,13
70,184100,MORTGAGE,12.5,PERSONAL,A,30600,5.4,0,0.17,N,5
51,27500,MORTGAGE,3.4,MEDICAL,B,7300,7.59,0,0.27,N,4
41,51900,RENT,4.8,DEBTCONSOLIDATION,A,13600,5.4,0,0.26,N,25
65,79700,MORTGAGE,16.0,EDUCATION,C,47700,5.68,0,0.6,N,3
27,96400,OTHER,11.0,MEDICAL,A,10000,5.4,0,0.1,N,11
56,69500,RENT,3.3,DEBTCONSOLIDATION,D,32500,9.29,0,0.47,N,7
63,34500,OWN,12.5,MEDICAL,A,1900,5.4,0,0.06,N,6
34,46900,MORTGAGE,18.0,DEBTCONSOLIDATION,A,11500,5.4,0,0.25,N,15
22,234700,RENT,1.9,DEBTCONSOLIDATION,C,50000,7.3,0,0.21,N,4
49,71000,RENT,7.3,EDUCATION,D,27200,10.13,0,0.38,Y,1
21,33300,RENT,2.2,DEBTCONSOLIDATION,C,14700,8.57,1,0.44,N,5
55,112900,MORTGAGE,2.8,MEDICAL,A,10000,5.4,0,0.09,N,13
64,86300,RENT,1.0,HOMEIMPROVEMENT,B,21500,5.4,1,0.25,N,2
29,57100,RENT,3.4,DEBTCONSOLIDATION,A,2400,5.83,0,0.04,N,3
68,52700,RENT,6.1,EDUCATION,B,10300,7.09,0,0.2,N,11
21,43300,MORTGAGE,5.0,VENTURE,A,19500,6.73,0,0.45,N,5
31,131900,RENT,10.4,DEBTCONSOLIDATION,B,50000,6.47,0,0.38,N,9
48,152400,RENT,18.3,DEBTCONSOLIDATION,B,50000,7.47,0,0.33,N,5
55,56000,OWN,17.2,PERSONAL,E,34300,12.72,1,0.61,Y,6
69,110400,OTHER,2.0,EDUCATION,C,50000,5.4,0,0.45,N,2
45,73200,RENT,2.4,MEDICAL,C,36100,7.62,0,0.49,N,7
51,107100,OWN,1.9,MEDICAL,A,31100,5.4,0,0.29,N,13
68,68000,OWN,18.1,MEDICAL,D,36900,9.54,0,0.54,Y,7
36,72900,RENT,1.0,VENTURE,E,40600,10.98,1,0.56,Y,7
42,115900,MORTGAGE,2.0,VENTURE,A,9800,7.2,0,0.08,N,2
67,91700,RENT,3.4,PERSONAL,A,6400,5.63,0,0.07,N,4
24,126000,MORTGAGE,8.0,DEBTCONSOLIDATION,B,50000,5.4,0,0.4,N,7
54,91200,MORTGAGE,3.8,EDUCATION,A,15200,5.52,0,0.17,N,8
47,59600,RENT,8.7,DEBTCONSOLIDATION,A,11400,6.73,0,0.19,N,7
64,67900,RENT,1.2,DEBTCONSOLIDATION,B,17200,5.7,1,0.25,N,3
52,81700,RENT,4.4,EDUCATION,D,46000,7.13,1,0.56,N,12
37,78200,RENT,11.4,EDUCATION,B,25500,9.14,0,0.33,N,4
34,86800,MORTGAGE,2.8,PERSONAL,D,30800,7.86,0,0.35,Y,1
53,56000,MORTGAGE,21.5,HOMEIMPROVEMENT,A,8100,6.13,0,0.14,N,12
35,59900,RENT,4.6,MEDICAL,F,34300,13.45,1,0.57,Y,2
41,75900,MORTGAGE,4.5,PERSONAL,D,26100,6.81,0,0.34,Y,6
23,66800,MORTGAGE,7.0,HOMEIMPROVEMENT,C,34000,6.66,0,0.51,N,3
38,58400,MORTGAGE,3.3,PERSONAL,B,19400,8.1,0,0.33,N,4
21,130600,RENT,5.0,VENTURE,A,36600,5.62,0,0.28,N,5
60,42900,RENT,7.0,DEBTCONSOLIDATION,D,26600,9.35,0,0.62,N,7
68,87900,RENT,2.2,VENTURE,E,32600,10.52,1,0.37,Y,3
67,73400,MORTGAGE,13.9,EDUCATION,A,22900,6.75,0,0.31,N,3
59,96900,RENT,5.0,DEBTCONSOLIDATION,A,5900,5.5,0,0.06,N,3
36,34500,OWN,10.0,VENTURE,B,3400,6.48,0,0.1,Y,3
68,32000,OWN,3.8,PERSONAL,D,16500,8.9,0,0.52,N,8
44,129100,MORTGAGE,10.2,HOMEIMPROVEMENT,B,50000,9.4,0,0.39,N,5
67,167700,MORTGAGE,6.8,PERSONAL,A,50000,6.62,0,0.3,N,7
59,48200,OWN,0.2,EDUCATION,C,22300,7.22,0,0.46,N,9
34,65000,RENT,5.9,DEBTCONSOLIDATION,E,40800,12.1,0,0.63,N,2
70,120900,MORTGAGE,4.8,DEBTCONSOLIDATION,A,15200,5.4,0,0.13,N,5
25,80300,MORTGAGE,9.0,MEDICAL,D,40500,7.02,0,0.5,N,8
57,65800,OWN,2.9,VENTURE,C,31900,8.96,0,0.48,N,8
28,68400,OWN,12.0,PERSONAL,B,30700,7.72,0,0.45,Y,3
52,197500,OTHER,7.7,DEBTCONSOLIDATION,A,24400,6.7,0,0.12,N,17
54,52400,MORTGAGE,8.3,DEBTCONSOLIDATION,C,34000,7.16,0,0.65,N,4
56,53400,RENT,6.4,HOMEIMPROVEMENT,A,2000,7.27,0,0.04,N,2
48,72200,RENT,2.5,DEBTCONSOLIDATION,A,14500,5.91,1,0.2,N,7
33,39400,MORTGAGE,8.8,PERSONAL,A,5200,5.4,0,0.13,N,7
48,84100,RENT,1.7,DEBTCONSOLIDATION,D,33300,6.65,0,0.4,N,1
24,42000,OWN,7.7,DEBTCONSOLIDATION,D,23000,7.89,1,0.55,N,7
24,46800,RENT,8.0,PERSONAL,A,6000,5.4,0,0.13,N,4
43,49600,MORTGAGE,1.7,HOMEIMPROVEMENT,C,20000,9.23,0,0.4,N,5
52,64500,MORTGAGE,10.2,VENTURE,B,37600,6.3,0,0.58,N,4
23,65200,RENT,7.0,EDUCATION,A,3500,6.07,0,0.05,N,7
56,127100,MORTGAGE,3.3,HOMEIMPROVEMENT,D,48900,8.05,0,0.38,Y,2
45,145600,OWN,9.4,EDUCATION,C,50000,7.0,0,0.34,Y,4
27,89000,MORTGAGE,3.9,HOMEIMPROVEMENT,A,16800,7.66,0,0.19,N,1
25,73300,RENT,5.2,VENTURE,D,38500,7.31,0,0.53,N,9
23,138800,MORTGAGE,5.9,VENTURE,B,50000,5.4,0,0.36,N,7
67,104400,RENT,9.4,EDUCATION,B,49400,5.64,0,0.47,N,5
49,87300,OWN,1.2,DEBTCONSOLIDATION,A,3600,6.87,0,0.04,N,9
67,151300,RENT,10.8,HOMEIMPROVEMENT,A,25200,5.52,0,0.17,N,12
46,51100,OWN,1.5,MEDICAL,C,24600,7.14,0,0.48,N,2
67,48900,MORTGAGE,5.8,DEBTCONSOLIDATION,B,14300,7.53,0,0.29,N,1
63,34600,OWN,2.0,VENTURE,C,17600,7.84,1,0.51,N,1
48,87500,MORTGAGE,12.6,EDUCATION,B,36500,7.96,0,0.42,N,1
33,76400,OWN,5.3,MEDICAL,A,10000,6.35,0,0.13,N,2
66,79400,OWN,4.1,EDUCATION,A,13100,7.72,0,0.16,N,3
31,64000,RENT,7.7,DEBTCONSOLIDATION,D,24600,9.14,0,0.38,N,2
42,61700,RENT,3.0,DEBTCONSOLIDATION,A,5700,6.25,0,0.09,N,20
30,32100,MORTGAGE,6.3,MEDICAL,C,18000,7.04,0,0.56,N,12
43,69400,RENT,16.9,PERSONAL,A,2700,5.85,0,0.04,N,8
43,119600,RENT,5.3,EDUCATION,D,50000,8.14,0,0.42,N,13
64,79800,RENT,7.4,PERSONAL,B,21200,5.4,0,0.27,N,3
61,30100,MORTGAGE,8.8,PERSONAL,C,12600,5.75,0,0.42,N,3
61,71400,RENT,1.5,VENTURE,B,6500,5.4,0,0.09,N,1
53,37000,RENT,9.6,EDUCATION,F,20700,10.05,1,0.56,Y,2
45,246900,MORTGAGE,19.8,DEBTCONSOLIDATION,A,18400,6.5,0,0.07,N,6
52,78600,OWN,6.7,VENTURE,A,16900,5.4,0,0.22,N,6
48,77800,RENT,5.9,DEBTCONSOLIDATION,A,3900,5.4,0,0.05,N,4
24,67700,RENT,2.9,HOMEIMPROVEMENT,C,27500,6.19,0,0.41,N,8
46,123700,OWN,1.1,VENTURE,A,5900,7.36,0,0.05,Y,12
70,138400,OWN,4.5,EDUCATION,C,50000,5.6,0,0.36,N,7
31,47800,RENT,5.9,MEDICAL,C,16300,6.95,1,0.34,N,5
52,60400,OWN,8.3,MEDICAL,A,11200,7.17,0,0.19,N,4
54,18000,RENT,7.6,MEDICAL,A,2000,6.87,0,0.11,N,5
36,83900,MORTGAGE,4.1,PERSONAL,B,36600,8.34,0,0.44,N,5
31,42700,MORTGAGE,12.3,PERSONAL,B,24000,9.46,0,0.56,N,11
27,86800,MORTGAGE,11.0,DEBTCONSOLIDATION,B,35600,6.78,0,0.41,N,4
34,69600,MORTGAGE,6.2,VENTURE,A,15300,5.4,0,0.22,N,4
61,41700,RENT,13.2,VENTURE,E,21400,8.65,0,0.51,Y,7
67,104800,RENT,8.2,PERSONAL,C,29700,9.82,0,0.28,N,11
23,64500,RENT,3.0,DEBTCONSOLIDATION,A,3100,6.5,0,0.05,N,7
69,113000,RENT,16.0,DEBTCONSOLIDATION,B,50000,5.56,0,0.44,N,18
40,46700,MORTGAGE,4.7,MEDICAL,C,14500,6.72,0,0.31,N,3
50,59000,MORTGAGE,7.7,VENTURE,A,21500,8.16,0,0.36,N,8
67,43100,OWN,8.6,EDUCATION,E,24300,9.01,1,0.56,Y,6
22,33700,OWN,6.0,PERSONAL,D,18500,9.97,1,0.55,N,3
47,114200,RENT,4.4,HOMEIMPROVEMENT,C,41900,6.51,0,0.37,N,8
37,101900,MORTGAGE,3.1,DEBTCONSOLIDATION,A,3800,5.73,0,0.04,N,3
53,158600,MORTGAGE,10.3,DEBTCONSOLIDATION,C,50000,6.71,0,0.32,N,2
48,105500,OWN,12.8,HOMEIMPROVEMENT,B,27000,6.16,0,0.26,N,4
24,47700,RENT,5.0,DEBTCONSOLIDATION,C,14000,7.31,0,0.29,N,2
43,37000,OWN,2.4,PERSONAL,C,23100,7.72,0,0.62,N,1
62,22800,RENT,4.2,MEDICAL,A,800,6.6,0,0.04,Y,9
60,112400,RENT,10.1,DEBTCONSOLIDATION,D,39300,8.88,1,0.35,Y,9
38,28100,MORTGAGE,12.3,MEDICAL,A,1100,5.75,0,0.04,N,8
22,42200,RENT,6.0,PERSONAL,B,4000,5.55,0,0.09,N,6
50,95700,RENT,3.2,DEBTCONSOLIDATION,D,37000,7.4,0,0.39,N,3
31,96700,MORTGAGE,1.9,PERSONAL,C,6700,8.14,1,0.07,Y,5
54,86900,MORTGAGE,14.2,DEBTCONSOLIDATION,A,22400,7.0,0,0.26,N,7
32,24200,RENT,3.0,DEBTCONSOLIDATION,B,2900,5.42,0,0.12,N,4
59,78500,MORTGAGE,8.4,DEBTCONSOLIDATION,A,18900,8.08,0,0.24,N,9
27,37200,MORTGAGE,6.5,DEBTCONSOLIDATION,A,3900,5.4,0,0.1,N,9
57,84500,OTHER,1.5,DEBTCONSOLIDATION,A,11100,6.97,0,0.13,N,7
47,49600,RENT,12.0,HOMEIMPROVEMENT,A,13000,5.4,0,0.26,N,6
28,68800,MORTGAGE,8.1,PERSONAL,D,34700,9.16,0,0.5,Y,5
55,41000,RENT,4.5,MEDICAL,C,11300,8.88,0,0.28,N,2
65,53400,RENT,17.6,DEBTCONSOLIDATION,B,25800,5.97,0,0.48,N,4
37,54500,RENT,7.2,MEDICAL,D,11000,8.98,0,0.2,Y,1
62,97100,RENT,5.7,HOMEIMPROVEMENT,E,37900,9.4,1,0.39,Y,6
45,136200,MORTGAGE,2.0,HOMEIMPROVEMENT,C,50000,8.48,0,0.37,N,6
38,109300,MORTGAGE,3.9,HOMEIMPROVEMENT,A,42600,5.49,0,0.39,N,4
35,102700,RENT,6.4,HOMEIMPROVEMENT,E,47900,8.35,1,0.47,N,3
22,53300,MORTGAGE,6.0,PERSONAL,C,22900,8.79,0,0.43,N,4
70,61500,RENT,10.1,PERSONAL,B,32100,7.57,0,0.52,N,19
57,52700,OWN,8.2,EDUCATION,A,16400,5.79,0,0.31,N,13
35,45800,RENT,11.5,MEDICAL,C,27200,9.07,0,0.59,N,1
38,93300,MORTGAGE,3.5,DEBTCONSOLIDATION,A,18500,7.04,0,0.2,N,5
42,53600,MORTGAGE,1.0,PERSONAL,B,2200,6.1,0,0.04,Y,3
29,69400,RENT,5.8,VENTURE,E,43400,8.47,0,0.63,N,1
50,63600,OTHER,27.7,VENTURE,A,34800,6.3,0,0.55,N,7
46,188300,RENT,17.4,EDUCATION,A,12400,5.4,0,0.07,N,6
52,93100,OWN,4.7,DEBTCONSOLIDATION,B,50000,6.64,0,0.54,N,2
25,80900,OTHER,9.0,MEDICAL,E,46400,10.84,0,0.57,N,5
62,153000,MORTGAGE,8.6,VENTURE,A,50000,5.4,0,0.33,N,2
63,80700,MORTGAGE,3.6,VENTURE,B,35400,5.82,0,0.44,N,2
58,102800,RENT,3.5,VENTURE,B,17200,6.82,0,0.17,N,1
38,88200,MORTGAGE,7.8,EDUCATION,A,25900,8.67,0,0.29,N,14
49,53800,RENT,1.7,HOMEIMPROVEMENT,A,5500,5.4,0,0.1,N,15
39,66900,RENT,6.8,MEDICAL,A,6100,7.71,0,0.09,N,5
37,72400,MORTGAGE,1.1,DEBTCONSOLIDATION,D,28800,7.69,0,0.4,N,1
24,135000,RENT,4.7,EDUCATION,B,50000,5.49,0,0.37,N,7
63,85400,RENT,8.9,MEDICAL,A,21400,5.4,0,0.25,N,10
29,45100,RENT,4.0,VENTURE,E,24200,10.65,0,0.54,N,3
35,42500,RENT,4.8,HOMEIMPROVEMENT,A,2300,5.4,0,0.05,N,5
21,80900,RENT,5.0,PERSONAL,C,18700,9.22,0,0.23,N,5
49,96700,RENT,4.8,DEBTCONSOLIDATION,A,15900,6.04,0,0.16,N,8
52,172100,RENT,2.6,MEDICAL,A,27100,6.89,0,0.16,N,9
21,86200,MORTGAGE,5.0,DEBTCONSOLIDATION,A,15100,5.4,0,0.18,Y,5
49,81300,RENT,8.3,VENTURE,D,47600,9.68,0,0.59,N,3
62,80800,RENT,11.4,DEBTCONSOLIDATION,B,31600,7.96,0,0.39,N,3
69,94600,RENT,7.3,DEBTCONSOLIDATION,B,33700,7.45,0,0.36,N,18
66,74800,OWN,3.8,VENTURE,E,26300,8.71,0,0.35,Y,13
46,150800,RENT,3.9,MEDICAL,A,16600,6.59,0,0.11,N,12
26,45000,RENT,9.5,EDUCATION,D,15800,8.15,1,0.35,Y,10
30,88100,RENT,11.1,EDUCATION,B,31800,8.79,1,0.36,N,4
24,121000,RENT,7.7,PERSONAL,C,50000,8.87,0,0.41,N,3
49,44000,MORTGAGE,6.9,DEBTCONSOLIDATION,D,18700,10.43,0,0.42,Y,17
54,55500,OWN,8.5,DEBTCONSOLIDATION,C,35500,7.49,0,0.64,N,8
32,152500,MORTGAGE,14.5,EDUCATION,A,47500,5.4,0,0.31,N,4
63,41000,OWN,3.5,MEDICAL,C,21000,7.14,1,0.51,N,1
45,53700,OTHER,10.9,PERSONAL,A,4900,5.89,0,0.09,N,23
30,100300,RENT,10.9,DEBTCONSOLIDATION,A,13500,7.24,0,0.13,N,3
63,86300,RENT,4.2,PERSONAL,B,22600,6.26,0,0.26,N,5
63,116100,RENT,6.4,DEBTCONSOLIDATION,A,12200,5.67,0,0.11,N,10
57,92400,OWN,8.5,VENTURE,B,13900,5.83,0,0.15,Y,2
55,68700,OWN,1.5,PERSONAL,D,22200,6.67,0,0.32,Y,9
21,63900,RENT,2.6,HOMEIMPROVEMENT,C,13300,6.26,0,0.21,N,5
61,53000,RENT,3.4,HOMEIMPROVEMENT,A,3400,7.2,0,0.06,N,3
33,90500,MORTGAGE,1.8,DEBTCONSOLIDATION,D,42900,7.05,0,0.47,N,10
39,35700,RENT,3.4,PERSONAL,A,9700,8.97,0,0.27,N,9
68,65800,RENT,4.6,PERSONAL,E,36800,9.65,1,0.56,N,4
48,65400,MORTGAGE,11.4,EDUCATION,A,24300,8.22,0,0.37,N,8
47,50600,RENT,3.7,DEBTCONSOLIDATION,A,7200,5.4,0,0.14,N,3
66,168300,RENT,7.2,DEBTCONSOLIDATION,A,30200,5.74,0,0.18,N,7
65,72400,OWN,2.8,PERSONAL,A,8400,5.63,0,0.12,N,10
56,103600,OWN,6.6,MEDICAL,B,36900,5.4,0,0.36,N,12
48,39600,MORTGAGE,12.8,HOMEIMPROVEMENT,A,3600,5.79,0,0.09,N,15
30,34600,RENT,8.3,MEDICAL,B,8800,5.4,1,0.25,N,8
68,152900,MORTGAGE,6.7,EDUCATION,C,14800,9.63,0,0.1,Y,4
41,94600,RENT,3.1,MEDICAL,A,11200,5.4,0,0.12,N,15
23,90400,MORTGAGE,5.0,DEBTCONSOLIDATION,C,50000,8.83,1,0.55,N,3
34,50600,OWN,7.9,PERSONAL,A,12400,6.28,0,0.25,N,8
35,41300,RENT,5.6,EDUCATION,E,22100,8.11,1,0.54,N,3
65,49700,OWN,0.3,DEBTCONSOLIDATION,D,4300,7.98,0,0.09,Y,4
70,82000,MORTGAGE,3.5,DEBTCONSOLIDATION,C,24600,9.19,0,0.3,N,4
24,46100,MORTGAGE,7.6,HOMEIMPROVEMENT,B,20500,8.55,0,0.44,N,4
57,72800,MORTGAGE,11.7,PERSONAL,B,39500,5.4,0,0.54,N,10
33,63800,MORTGAGE,9.0,MEDICAL,B,32700,6.67,1,0.51,N,9
37,28000,MORTGAGE,8.9,EDUCATION,B,2100,5.95,0,0.08,Y,3
34,97100,RENT,6.0,EDUCATION,B,45400,6.21,0,0.47,N,2
33,77700,MORTGAGE,1.6,PERSONAL,B,28400,8.67,1,0.37,N,3
68,91700,RENT,30.0,EDUCATION,C,43000,5.4,0,0.47,Y,1
48,45900,RENT,6.0,VENTURE,C,7300,8.4,0,0.16,N,4
38,25700,OWN,2.7,DEBTCONSOLIDATION,B,5800,6.88,0,0.23,Y,6
37,39200,RENT,8.6,MEDICAL,D,20700,9.96,0,0.53,N,7
25,106300,RENT,7.2,VENTURE,A,36900,5.4,0,0.35,N,9
49,98400,RENT,6.1,HOMEIMPROVEMENT,D,42900,8.8,0,0.44,Y,4
42,79500,MORTGAGE,1.5,EDUCATION,E,44500,10.49,0,0.56,Y,11
49,31700,OWN,2.5,EDUCATION,B,15500,6.83,0,0.49,N,4
36,37700,MORTGAGE,8.3,DEBTCONSOLIDATION,C,13700,9.85,0,0.36,N,7
60,24200,MORTGAGE,6.4,EDUCATION,B,4700,9.16,0,0.19,N,9
46,65700,MORTGAGE,4.2,HOMEIMPROVEMENT,A,3100,7.06,0,0.05,N,4
29,59000,MORTGAGE,0.9,MEDICAL,D,24200,9.85,1,0.41,N,6
26,118500,RENT,10.0,HOMEIMPROVEMENT,C,31700,5.94,0,0.27,Y,6
46,52800,OWN,1.7,DEBTCONSOLIDATION,C,25400,6.97,1,0.48,N,16
30,60500,MORTGAGE,3.8,VENTURE,F,37300,9.18,1,0.62,Y,3
55,99900,RENT,15.2,MEDICAL,A,21100,5.46,0,0.21,N,2
69,96000,MORTGAGE,5.8,DEBTCONSOLIDATION,D,19900,5.66,0,0.21,Y,2
38,60800,MORTGAGE,9.1,DEBTCONSOLIDATION,A,25300,5.4,0,0.42,N,1
70,73700,RENT,8.8,EDUCATION,C,14200,9.08,0,0.19,Y,26
31,61100,OWN,3.4,PERSONAL,B,22800,7.19,0,0.37,N,10
68,68900,RENT,1.7,VENTURE,D,20300,7.57,1,0.29,Y,17
27,65500,RENT,4.8,MEDICAL,A,10500,5.4,0,0.16,N,6
64,106000,RENT,7.0,DEBTCONSOLIDATION,B,33500,7.36,1,0.32,N,3
67,61700,OWN,3.7,MEDICAL,D,19600,7.92,1,0.32,Y,8
60,94400,RENT,2.9,PERSONAL,A,19300,7.63,0,0.2,N,8
36,104800,RENT,12.6,DEBTCONSOLIDATION,C,49500,8.28,0,0.47,N,6
58,130800,RENT,5.8,EDUCATION,B,22600,6.86,0,0.17,N,1
66,46600,OTHER,4.2,PERSONAL,A,2200,6.67,0,0.05,N,8
37,67700,MORTGAGE,3.0,PERSONAL,C,40700,6.22,0,0.6,N,10
54,183100,RENT,2.9,DEBTCONSOLIDATION,B,50000,9.44,0,0.27,N,4
57,81400,MORTGAGE,15.3,HOMEIMPROVEMENT,B,12000,5.94,0,0.15,N,2
30,39500,RENT,2.9,PERSONAL,E,18000,7.33,0,0.46,N,10
69,116100,OWN,21.4,MEDICAL,A,17600,8.29,0,0.15,N,5
63,276200,RENT,2.4,DEBTCONSOLIDATION,C,50000,8.85,0,0.18,Y,11
48,45200,RENT,3.4,EDUCATION,C,21700,5.69,0,0.48,N,6
37,89300,MORTGAGE,14.8,DEBTCONSOLIDATION,E,50000,8.54,0,0.56,N,1
37,166900,OWN,4.4,DEBTCONSOLIDATION,A,40000,6.49,0,0.24,N,5
67,194200,MORTGAGE,2.8,EDUCATION,A,50000,7.05,0,0.26,N,9
66,158500,RENT,6.0,MEDICAL,A,33000,6.05,0,0.21,N,6
57,129700,OWN,4.7,DEBTCONSOLIDATION,A,39400,6.89,0,0.3,N,24
28,30500,OWN,12.0,DEBTCONSOLIDATION,A,7400,6.6,0,0.24,N,12
35,44600,MORTGAGE,1.0,PERSONAL,B,11800,5.4,0,0.26,N,7
50,184000,OWN,4.6,PERSONAL,B,50000,5.72,0,0.27,N,6
39,22400,MORTGAGE,9.5,DEBTCONSOLIDATION,D,13900,8.95,0,0.62,N,9
67,106700,RENT,6.1,EDUCATION,D,50000,7.48,1,0.47,N,8
66,173700,RENT,5.7,MEDICAL,C,50000,9.56,0,0.29,N,5
66,80800,MORTGAGE,4.1,EDUCATION,C,30800,7.28,0,0.38,N,4
67,78700,RENT,2.3,PERSONAL,A,25200,6.33,0,0.32,N,7
41,45300,RENT,10.4,PERSONAL,C,17200,7.12,0,0.38,N,6
38,50800,MORTGAGE,3.0,HOMEIMPROVEMENT,A,3300,5.4,0,0.06,N,4
25,39200,RENT,9.0,DEBTCONSOLIDATION,F,20800,13.29,1,0.53,Y,9
55,126100,RENT,10.3,EDUCATION,A,50000,6.46,0,0.4,N,21
29,62900,MORTGAGE,4.8,VENTURE,A,11900,6.65,0,0.19,N,2
61,57700,MORTGAGE,8.7,VENTURE,B,18000,7.0,0,0.31,N,6
26,78300,RENT,6.5,HOMEIMPROVEMENT,A,6800,7.22,0,0.09,N,9
23,112600,RENT,1.7,DEBTCONSOLIDATION,A,13700,8.65,0,0.12,N,7
49,32500,RENT,1.5,VENTURE,C,11600,6.78,0,0.36,N,5
62,100800,OTHER,10.0,VENTURE,D,50000,7.91,0,0.5,N,5
55,55400,RENT,11.5,HOMEIMPROVEMENT,C,18900,6.58,0,0.34,N,9
49,81700,RENT,6.6,VENTURE,C,18200,8.29,0,0.22,N,4
37,118500,RENT,6.4,PERSONAL,C,50000,8.9,0,0.42,N,2
27,41900,RENT,5.0,MEDICAL,C,3600,9.31,0,0.09,Y,7
53,76900,MORTGAGE,8.9,HOMEIMPROVEMENT,A,16400,7.25,0,0.21,N,13
58,119800,RENT,7.6,MEDICAL,D,50000,11.05,0,0.42,N,4
27,84400,MORTGAGE,11.0,EDUCATION,C,50000,7.36,0,0.59,N,4
69,104500,MORTGAGE,8.1,EDUCATION,A,9000,5.66,0,0.09,N,4
48,44100,OWN,5.6,DEBTCONSOLIDATION,A,16700,5.4,0,0.38,N,7
33,55600,RENT,16.4,MEDICAL,C,17200,7.19,1,0.31,Y,7
37,61900,RENT,2.3,DEBTCONSOLIDATION,A,15100,5.4,0,0.24,N,3
27,60600,MORTGAGE,4.8,VENTURE,A,11700,6.29,0,0.19,N,6
57,84300,MORTGAGE,7.8,PERSONAL,C,50000,9.59,0,0.59,N,5
49,65900,MORTGAGE,11.5,PERSONAL,C,19600,8.06,0,0.3,Y,7
34,113600,RENT,11.6,PERSONAL,C,30800,8.23,0,0.27,N,16
29,53900,MORTGAGE,7.7,MEDICAL,A,19800,6.01,0,0.37,N,2
24,42900,RENT,8.0,DEBTCONSOLIDATION,B,5000,8.95,0,0.12,Y,7
70,199000,RENT,3.5,DEBTCONSOLIDATION,B,16900,5.98,0,0.08,N,4
56,57300,MORTGAGE,6.7,VENTURE,A,19900,7.79,0,0.35,N,1
33,79000,RENT,8.9,PERSONAL,C,43900,6.05,0,0.56,N,9
47,129700,RENT,7.8,DEBTCONSOLIDATION,A,33300,5.4,0,0.26,N,9
66,212500,RENT,2.0,VENTURE,A,10200,5.4,0,0.05,N,11
64,113200,OWN,13.3,PERSONAL,A,8500,5.4,0,0.08,N,13
37,107200,MORTGAGE,3.4,EDUCATION,D,50000,8.33,1,0.47,N,7
55,28400,RENT,13.3,DEBTCONSOLIDATION,A,5700,5.97,0,0.2,N,6
27,57800,MORTGAGE,6.3,DEBTCONSOLIDATION,A,7200,5.4,0,0.12,N,2
60,110400,OWN,2.6,MEDICAL,C,50000,8.85,0,0.45,N,12
64,44500,MORTGAGE,0.6,PERSONAL,C,15900,10.5,0,0.36,N,6
56,163000,RENT,14.8,PERSONAL,B,50000,5.89,0,0.31,N,3
22,124800,MORTGAGE,6.0,MEDICAL,A,19900,6.66,0,0.16,N,5
51,127300,RENT,4.8,DEBTCONSOLIDATION,B,19000,5.4,0,0.15,N,2
67,135700,RENT,6.4,EDUCATION,C,49300,7.87,0,0.36,N,3
42,62800,OTHER,2.4,DEBTCONSOLIDATION,C,25900,6.95,0,0.41,N,8
63,55700,MORTGAGE,2.1,DEBTCONSOLIDATION,A,20300,5.52,0,0.36,N,16
22,154400,RENT,3.6,DEBTCONSOLIDATION,A,21800,5.4,0,0.14,N,6
64,209100,MORTGAGE,12.1,DEBTCONSOLIDATION,A,50000,7.28,0,0.24,N,9
40,62700,MORTGAGE,6.7,VENTURE,C,25500,8.15,0,0.41,N,2
39,43900,RENT,11.4,DEBTCONSOLIDATION,B,17800,8.43,0,0.41,N,12
41,139600,OWN,1.4,VENTURE,B,48600,7.76,0,0.35,N,5
26,50500,MORTGAGE,10.0,DEBTCONSOLIDATION,A,5600,6.66,0,0.11,N,10
33,46300,RENT,2.3,PERSONAL,A,4400,6.52,0,0.1,N,10
38,49800,MORTGAGE,7.4,DEBTCONSOLIDATION,D,31900,8.63,0,0.64,N,1
68,74500,MORTGAGE,7.6,DEBTCONSOLIDATION,C,41000,5.6,0,0.55,N,7
21,35500,MORTGAGE,4.6,DEBTCONSOLIDATION,C,18800,7.71,0,0.53,N,5
42,56600,RENT,2.2,MEDICAL,D,21500,8.61,0,0.38,N,1
31,93200,OWN,12.2,EDUCATION,A,22400,6.56,0,0.24,N,3
45,90800,OTHER,6.0,DEBTCONSOLIDATION,A,11600,5.6,0,0.13,N,8
36,35600,OWN,8.0,HOMEIMPROVEMENT,A,7900,5.4,0,0.22,N,12
32,31300,RENT,8.7,PERSONAL,D,11300,10.58,0,0.36,Y,8
26,45200,OWN,10.0,PERSONAL,A,3800,6.61,0,0.08,N,9
60,110100,RENT,5.0,MEDICAL,C,43500,7.32,0,0.4,N,7
36,22700,MORTGAGE,1.7,HOMEIMPROVEMENT,D,9200,7.69,0,0.41,Y,3
52,44200,RENT,8.0,DEBTCONSOLIDATION,A,12600,5.4,0,0.29,N,13
40,95400,RENT,7.2,HOMEIMPROVEMENT,C,34900,9.95,0,0.37,N,1
28,95900,MORTGAGE,2.8,MEDICAL,D,43200,10.22,0,0.45,N,7
33,23900,MORTGAGE,3.2,MEDICAL,B,3500,5.4,1,0.15,N,1
68,48600,MORTGAGE,6.6,PERSONAL,A,15700,6.19,0,0.32,N,4
55,74500,RENT,7.3,EDUCATION,E,47800,8.81,0,0.64,N,1
45,55100,MORTGAGE,5.2,EDUCATION,A,22000,5.4,0,0.4,N,9
30,91200,RENT,14.0,HOMEIMPROVEMENT,B,42400,7.84,0,0.46,N,10
45,37500,MORTGAGE,0.3,MEDICAL,A,7600,5.83,0,0.2,N,8
65,96900,MORTGAGE,1.4,EDUCATION,B,38600,6.92,0,0.4,N,5
46,51400,MORTGAGE,10.8,EDUCATION,D,32700,8.92,1,0.64,N,7
67,75700,RENT,2.8,EDUCATION,A,9300,5.4,0,0.12,N,29
63,51000,MORTGAGE,7.8,VENTURE,C,15000,9.71,0,0.29,N,3
56,83900,RENT,2.6,PERSONAL,C,50000,7.01,0,0.6,N,15
44,95300,OWN,1.8,VENTURE,B,13900,5.4,0,0.15,N,2
59,174500,OWN,11.9,DEBTCONSOLIDATION,B,50000,5.4,0,0.29,N,7
30,44400,RENT,3.6,EDUCATION,D,27900,10.32,1,0.63,N,4
41,72600,MORTGAGE,2.7,MEDICAL,B,4000,6.98,0,0.06,Y,6
23,42300,MORTGAGE,5.3,MEDICAL,E,26000,9.69,0,0.61,N,7
30,38600,RENT,4.9,PERSONAL,B,12300,6.92,0,0.32,N,3
35,118500,MORTGAGE,5.8,HOMEIMPROVEMENT,C,29800,8.26,0,0.25,N,5
35,101400,OWN,1.0,DEBTCONSOLIDATION,A,50000,5.8,0,0.49,N,14
29,98400,RENT,5.2,PERSONAL,E,50000,8.34,0,0.51,N,1
25,72200,RENT,9.0,MEDICAL,A,3400,6.02,0,0.05,N,4
66,70100,RENT,3.8,PERSONAL,D,28500,8.46,1,0.41,N,11
49,34400,MORTGAGE,0.9,HOMEIMPROVEMENT,C,16700,8.58,1,0.49,N,7
42,143700,RENT,3.7,HOMEIMPROVEMENT,C,50000,7.34,0,0.35,N,6
34,45400,OWN,3.7,MEDICAL,B,15800,8.09,0,0.35,N,2
61,72700,MORTGAGE,9.5,DEBTCONSOLIDATION,A,35600,6.97,0,0.49,N,11
34,56000,RENT,5.9,DEBTCONSOLIDATION,A,9500,7.53,0,0.17,N,2
48,28900,RENT,3.2,MEDICAL,B,5400,5.87,0,0.19,N,5
35,44500,OWN,7.4,VENTURE,B,15500,5.42,0,0.35,N,4
23,93500,OWN,7.0,EDUCATION,C,47700,7.39,0,0.51,N,6
42,43600,MORTGAGE,6.5,DEBTCONSOLIDATION,A,4500,6.19,0,0.1,N,3
62,172700,RENT,6.6,MEDICAL,A,50000,5.4,0,0.29,N,13
52,46900,RENT,1.6,VENTURE,C,17500,7.33,1,0.37,N,3
21,113200,RENT,5.0,DEBTCONSOLIDATION,D,32600,7.94,0,0.29,Y,5
44,62200,MORTGAGE,0.6,DEBTCONSOLIDATION,E,35500,6.71,1,0.57,N,7
54,98400,MORTGAGE,7.7,VENTURE,B,23800,5.4,0,0.24,N,4
40,73700,MORTGAGE,10.5,EDUCATION,A,4700,7.03,0,0.06,N,23
61,105200,RENT,9.5,PERSONAL,B,17300,7.15,0,0.16,N,6
70,85800,RENT,6.1,PERSONAL,C,40600,5.4,0,0.47,N,2
55,51200,MORTGAGE,21.7,HOMEIMPROVEMENT,A,5300,5.99,0,0.1,N,8
44,48600,MORTGAGE,9.5,DEBTCONSOLIDATION,A,6500,5.4,0,0.13,N,11
65,100600,RENT,11.8,MEDICAL,C,45100,7.32,0,0.45,N,9
57,77000,OTHER,5.2,VENTURE,C,23700,6.75,0,0.31,N,7
28,93500,OWN,1.8,PERSONAL,B,15400,6.95,0,0.16,Y,7
50,143600,RENT,9.3,DEBTCONSOLIDATION,A,50000,5.4,0,0.35,N,9
67,134200,OWN,9.3,DEBTCONSOLIDATION,A,19200,6.19,0,0.14,N,3
26,84200,RENT,4.5,DEBTCONSOLIDATION,E,42200,12.96,1,0.5,Y,9
34,44300,RENT,6.7,VENTURE,D,22500,8.11,0,0.51,N,6
24,68600,RENT,8.0,PERSONAL,C,36400,6.67,0,0.53,N,8
22,36100,RENT,3.6,DEBTCONSOLIDATION,B,8600,7.34,0,0.24,N,5
56,130600,OWN,8.4,DEBTCONSOLIDATION,A,39000,6.89,0,0.3,N,20
49,33700,MORTGAGE,6.3,DEBTCONSOLIDATION,B,6400,7.13,0,0.19,N,1
50,108500,RENT,3.4,EDUCATION,C,50000,5.61,0,0.46,N,4
65,63300,MORTGAGE,3.7,PERSONAL,A,12600,5.91,0,0.2,N,4
27,39800,MORTGAGE,4.1,VENTURE,C,21700,7.79,0,0.55,N,11
28,179700,RENT,3.1,DEBTCONSOLIDATION,E,50000,10.1,1,0.28,Y,4
40,72100,RENT,3.8,MEDICAL,A,18000,7.21,0,0.25,N,4
62,59100,MORTGAGE,18.9,VENTURE,B,25500,6.34,0,0.43,N,3
55,74400,MORTGAGE,7.4,MEDICAL,A,2700,7.49,0,0.04,N,2
70,87600,RENT,1.3,VENTURE,B,24200,5.96,0,0.28,N,13
48,110300,MORTGAGE,14.1,MEDICAL,C,50000,9.49,0,0.45,N,3
44,84900,RENT,15.1,VENTURE,A,12900,8.43,0,0.15,N,15
64,49400,RENT,8.4,PERSONAL,B,21200,5.69,0,0.43,N,5
33,46200,MORTGAGE,10.9,DEBTCONSOLIDATION,A,4700,5.4,0,0.1,N,8
55,114100,RENT,2.5,DEBTCONSOLIDATION,C,40400,7.59,1,0.35,N,10
25,55900,RENT,5.0,DEBTCONSOLIDATION,C,25800,6.84,0,0.46,N,8
44,63400,RENT,12.4,EDUCATION,A,18400,6.29,0,0.29,N,5
27,77700,RENT,4.6,HOMEIMPROVEMENT,D,39700,9.6,0,0.51,N,11
21,63500,RENT,5.0,MEDICAL,B,13200,7.8,0,0.21,Y,5
59,50700,MORTGAGE,6.2,DEBTCONSOLIDATION,C,24400,6.58,0,0.48,N,15
58,102900,RENT,6.7,EDUCATION,A,5300,6.96,0,0.05,N,14
44,34500,OWN,6.5,DEBTCONSOLIDATION,A,7800,6.75,0,0.23,N,13
35,66300,RENT,3.7,EDUCATION,A,7600,5.86,0,0.11,N,4
59,60300,OWN,10.6,DEBTCONSOLIDATION,B,16000,6.84,0,0.27,Y,3
35,49600,RENT,3.4,MEDICAL,B,13500,6.62,0,0.27,N,2
48,202600,RENT,6.3,MEDICAL,A,50000,6.81,0,0.25,N,14
25,25600,RENT,3.8,EDUCATION,B,7200,6.53,1,0.28,N,2
64,127400,MORTGAGE,5.7,PERSONAL,C,50000,8.64,0,0.39,N,4
67,40100,RENT,3.9,PERSONAL,B,12700,5.4,0,0.32,N,5
56,32400,MORTGAGE,11.6,VENTURE,F,18400,10.35,0,0.57,Y,3
56,93400,OWN,8.9,DEBTCONSOLIDATION,B,21200,6.47,0,0.23,N,2
28,71400,RENT,4.9,MEDICAL,D,33700,9.69,0,0.47,N,6
55,73500,OWN,6.7,DEBTCONSOLIDATION,C,35600,8.47,0,0.48,N,8
55,101000,MORTGAGE,7.6,HOMEIMPROVEMENT,C,50000,7.39,0,0.5,Y,15
45,143900,RENT,5.2,MEDICAL,D,50000,7.19,0,0.35,Y,7
29,161900,RENT,13.0,HOMEIMPROVEMENT,A,50000,6.38,0,0.31,N,8
50,119100,MORTGAGE,7.4,EDUCATION,B,35500,6.58,0,0.3,N,2
28,55200,MORTGAGE,1.0,DEBTCONSOLIDATION,C,17600,8.24,0,0.32,Y,6
65,89400,RENT,5.0,DEBTCONSOLIDATION,D,50000,7.19,0,0.56,N,10
68,104900,RENT,5.6,PERSONAL,D,50000,8.86,0,0.48,N,2
22,77900,RENT,2.2,DEBTCONSOLIDATION,A,9900,5.4,0,0.13,N,6
28,78600,OWN,4.6,DEBTCONSOLIDATION,F,45300,11.75,0,0.58,Y,6
41,89400,MORTGAGE,9.0,DEBTCONSOLIDATION,B,22500,6.96,1,0.25,N,7
35,46100,RENT,6.8,VENTURE,A,5000,7.0,0,0.11,N,3
26,95500,MORTGAGE,3.7,MEDICAL,D,48100,9.42,0,0.5,N,5
56,76500,MORTGAGE,7.9,DEBTCONSOLIDATION,C,44300,6.38,0,0.58,N,16
52,118900,RENT,1.2,EDUCATION,A,15100,7.83,0,0.13,N,11
60,107900,OWN,4.9,MEDICAL,C,50000,8.14,0,0.46,N,6
68,66200,OWN,5.7,DEBTCONSOLIDATION,D,28000,8.02,0,0.42,Y,3
39,50800,RENT,14.3,VENTURE,B,11900,5.61,0,0.23,Y,10
65,84900,MORTGAGE,0.7,PERSONAL,A,20400,5.97,0,0.24,N,7
28,137300,RENT,5.5,DEBTCONSOLIDATION,E,50000,10.94,1,0.36,Y,5
27,169700,RENT,4.4,HOMEIMPROVEMENT,B,50000,6.54,0,0.29,N,6
65,42300,RENT,12.4,MEDICAL,E,14000,12.09,0,0.33,Y,2
56,55700,RENT,1.2,MEDICAL,C,14900,6.56,0,0.27,N,7
25,61500,RENT,5.0,PERSONAL,A,10300,6.87,0,0.17,N,9
61,105300,MORTGAGE,4.2,MEDICAL,C,26800,7.95,0,0.25,Y,8
55,94300,MORTGAGE,14.7,PERSONAL,A,20800,6.06,0,0.22,N,9
38,72200,OWN,5.7,VENTURE,C,25000,8.55,0,0.35,N,1
41,59400,RENT,8.4,VENTURE,C,17800,7.71,0,0.3,N,1
32,54500,MORTGAGE,1.4,DEBTCONSOLIDATION,A,9300,7.31,0,0.17,N,7
62,120000,MORTGAGE,5.5,DEBTCONSOLIDATION,C,42000,5.4,0,0.35,N,5
24,93200,RENT,0.2,DEBTCONSOLIDATION,E,43900,9.87,1,0.47,Y,7
31,89700,RENT,5.5,VENTURE,B,35500,6.93,0,0.4,N,15
33,77600,RENT,4.7,EDUCATION,E,45900,10.85,0,0.59,N,8
42,73500,RENT,15.2,HOMEIMPROVEMENT,A,30600,5.61,0,0.42,N,15
34,56300,MORTGAGE,16.2,DEBTCONSOLIDATION,A,20000,5.4,0,0.36,N,1
25,78400,MORTGAGE,8.6,DEBTCONSOLIDATION,A,19400,6.77,0,0.25,N,9
53,80100,RENT,7.4,DEBTCONSOLIDATION,A,16100,5.4,0,0.2,N,10
23,24600,OWN,3.0,DEBTCONSOLIDATION,A,1500,5.4,0,0.06,N,7
28,54700,RENT,1.7,DEBTCONSOLIDATION,C,16900,8.22,0,0.31,N,7
34,65500,MORTGAGE,10.5,HOMEIMPROVEMENT,A,5800,5.4,0,0.09,N,6
46,55500,RENT,6.2,VENTURE,C,7700,7.54,0,0.14,N,3
34,77900,MORTGAGE,6.2,VENTURE,A,12900,7.07,0,0.17,N,7
45,80300,RENT,4.0,EDUCATION,A,23000,5.58,0,0.29,N,10
40,50500,RENT,8.3,DEBTCONSOLIDATION,C,25900,7.3,0,0.51,N,6
26,77300,RENT,2.6,DEBTCONSOLIDATION,A,7000,8.76,0,0.09,N,5
40,69700,MORTGAGE,8.3,DEBTCONSOLIDATION,C,30600,8.27,0,0.44,N,14
28,33600,MORTGAGE,5.1,MEDICAL,F,21500,12.35,0,0.64,Y,3
67,121000,MORTGAGE,9.0,PERSONAL,C,34800,8.28,0,0.29,Y,4
66,48700,RENT,3.9,DEBTCONSOLIDATION,C,22100,7.73,0,0.45,Y,7
40,111200,OWN,6.3,MEDICAL,C,36900,7.15,0,0.33,N,11
57,63800,RENT,13.8,VENTURE,A,7300,5.4,1,0.11,N,1
62,30900,RENT,4.4,VENTURE,E,12800,9.35,1,0.41,N,7
56,57900,RENT,2.8,EDUCATION,D,37400,9.04,0,0.65,N,6
27,46500,RENT,4.0,EDUCATION,A,10100,7.14,0,0.22,N,7
45,43000,MORTGAGE,8.1,HOMEIMPROVEMENT,A,6700,5.4,0,0.16,N,4
23,83200,RENT,1.5,MEDICAL,C,35700,8.72,0,0.43,N,4
47,97500,OWN,3.9,HOMEIMPROVEMENT,C,47800,8.95,0,0.49,N,14
51,98900,OWN,6.4,HOMEIMPROVEMENT,C,50000,9.44,0,0.51,N,3
47,94800,RENT,4.7,DEBTCONSOLIDATION,F,50000,10.99,0,0.53,N,3
29,68000,MORTGAGE,3.5,DEBTCONSOLIDATION,C,36200,7.71,0,0.53,N,6
63,89100,MORTGAGE,1.0,EDUCATION,B,26500,7.91,0,0.3,N,3
23,52500,MORTGAGE,3.7,DEBTCONSOLIDATION,A,3800,7.35,0,0.07,N,3
29,114600,RENT,1.2,PERSONAL,D,49200,9.43,1,0.43,N,10
25,40400,MORTGAGE,5.2,HOMEIMPROVEMENT,A,2700,5.69,0,0.07,N,7
34,86600,MORTGAGE,7.5,MEDICAL,A,3600,5.4,0,0.04,N,5
47,68700,MORTGAGE,5.8,DEBTCONSOLIDATION,A,14100,5.71,0,0.21,N,3
67,103400,OWN,3.3,DEBTCONSOLIDATION,B,26900,7.18,0,0.26,N,9
67,53200,MORTGAGE,4.7,HOMEIMPROVEMENT,B,22900,6.67,0,0.43,N,16
29,114900,MORTGAGE,5.8,DEBTCONSOLIDATION,B,47800,5.55,0,0.42,N,3
21,97700,RENT,5.0,DEBTCONSOLIDATION,E,50000,10.87,1,0.51,Y,5
29,98800,OWN,6.4,MEDICAL,A,21400,6.18,0,0.22,N,5
33,93600,RENT,2.7,PERSONAL,B,28800,7.32,1,0.31,N,7
40,62500,MORTGAGE,0.9,VENTURE,C,15500,9.17,0,0.25,Y,15
45,79300,MORTGAGE,6.5,HOMEIMPROVEMENT,C,50000,10.0,1,0.63,N,16
59,84200,MORTGAGE,12.9,MEDICAL,A,18400,8.12,0,0.22,N,2
60,107100,MORTGAGE,4.0,VENTURE,A,7700,7.12,0,0.07,N,3
66,62800,RENT,2.8,DEBTCONSOLIDATION,A,3200,7.49,0,0.05,N,1
36,88000,RENT,11.8,DEBTCONSOLIDATION,D,48900,9.83,0,0.56,Y,13
61,129100,MORTGAGE,5.0,MEDICAL,B,50000,6.35,0,0.39,N,11
32,48600,MORTGAGE,16.0,MEDICAL,B,17200,8.2,0,0.35,N,5
63,51800,MORTGAGE,4.0,MEDICAL,C,31100,6.18,0,0.6,N,17
43,136400,RENT,8.7,DEBTCONSOLIDATION,B,50000,8.77,0,0.37,N,7
45,112100,RENT,4.2,HOMEIMPROVEMENT,B,38900,5.45,0,0.35,N,7
67,118400,MORTGAGE,12.0,DEBTCONSOLIDATION,D,50000,6.81,0,0.42,N,10
56,53500,MORTGAGE,3.8,MEDICAL,C,26300,6.29,0,0.49,N,7
57,62200,OWN,3.6,VENTURE,D,31100,9.23,0,0.5,N,2
26,36600,MORTGAGE,2.6,MEDICAL,A,5800,5.4,0,0.16,N,5
63,72700,RENT,3.6,PERSONAL,B,25100,5.4,0,0.35,N,4
40,158300,RENT,8.0,EDUCATION,A,16400,6.46,0,0.1,N,9
69,111900,RENT,1.3,MEDICAL,B,24600,8.12,0,0.22,N,2
37,130400,MORTGAGE,8.3,EDUCATION,A,50000,6.07,0,0.38,N,4
41,146500,RENT,7.0,DEBTCONSOLIDATION,A,25200,8.39,0,0.17,N,11
27,77200,MORTGAGE,5.5,PERSONAL,E,38800,9.45,0,0.5,Y,3
21,35800,MORTGAGE,5.0,HOMEIMPROVEMENT,F,20300,12.44,1,0.57,Y,5
23,32200,RENT,7.0,MEDICAL,B,9200,6.75,0,0.29,N,7
45,45200,MORTGAGE,14.5,VENTURE,A,21700,7.84,0,0.48,N,27
36,95300,RENT,9.5,VENTURE,C,50000,7.93,1,0.52,N,10
41,112500,OTHER,3.1,DEBTCONSOLIDATION,B,50000,5.4,0,0.44,N,4
42,57800,MORTGAGE,11.1,PERSONAL,A,19800,5.4,0,0.34,N,3
68,64500,MORTGAGE,9.6,DEBTCONSOLIDATION,A,2700,5.69,0,0.04,N,14
55,82100,RENT,11.3,PERSONAL,B,34700,7.96,0,0.42,N,7
26,37600,MORTGAGE,8.4,MEDICAL,B,7500,6.65,0,0.2,Y,4
45,81400,OWN,8.5,EDUCATION,B,27800,6.4,1,0.34,N,2
67,84400,RENT,3.4,HOMEIMPROVEMENT,E,35500,10.42,0,0.42,Y,5
40,131700,RENT,1.5,DEBTCONSOLIDATION,D,50000,9.09,1,0.38,N,8
51,78800,MORTGAGE,4.4,MEDICAL,D,16500,8.79,0,0.21,Y,3
46,126300,MORTGAGE,12.5,DEBTCONSOLIDATION,B,50000,5.4,0,0.4,N,5
30,83100,OWN,4.8,DEBTCONSOLIDATION,C,50000,7.14,0,0.6,N,14
62,61200,MORTGAGE,1.5,DEBTCONSOLIDATION,F,33700,11.4,0,0.55,Y,7
37,46600,RENT,5.1,PERSONAL,C,18400,7.8,1,0.39,N,2
64,57500,MORTGAGE,3.0,PERSONAL,A,11200,5.4,0,0.19,N,4
36,53300,RENT,8.2,EDUCATION,A,12100,6.89,0,0.23,N,11
65,103000,RENT,4.7,PERSONAL,E,45300,6.91,1,0.44,N,5
65,56000,RENT,17.8,EDUCATION,A,8600,6.53,0,0.15,N,6
42,126800,MORTGAGE,8.1,MEDICAL,C,50000,7.71,0,0.39,N,8
48,78700,RENT,7.2,PERSONAL,C,44200,7.96,0,0.56,N,16
55,45700,MORTGAGE,5.8,PERSONAL,D,27700,9.31,0,0.61,N,6
38,53600,RENT,3.5,DEBTCONSOLIDATION,E,33700,10.0,0,0.63,N,4
58,105900,OWN,6.1,DEBTCONSOLIDATION,E,35500,8.72,1,0.34,Y,9
57,89600,RENT,4.2,DEBTCONSOLIDATION,A,18900,6.51,0,0.21,N,15
47,31700,OWN,14.0,MEDICAL,E,19800,10.79,0,0.62,N,5
21,34300,RENT,2.7,MEDICAL,B,12800,5.48,0,0.37,N,5
62,117300,MORTGAGE,4.5,MEDICAL,C,19900,7.91,1,0.17,N,9
32,68000,RENT,10.1,DEBTCONSOLIDATION,A,17400,5.4,0,0.26,N,4
22,161500,RENT,6.0,DEBTCONSOLIDATION,C,50000,6.85,0,0.31,N,1
60,82900,MORTGAGE,6.4,EDUCATION,B,47500,7.13,0,0.57,N,4
70,67800,RENT,4.4,DEBTCONSOLIDATION,A,5200,5.52,0,0.08,N,7
40,181100,OWN,13.7,EDUCATION,B,50000,6.34,0,0.28,Y,4
55,24700,MORTGAGE,2.7,DEBTCONSOLIDATION,A,3100,5.4,1,0.13,N,5
67,46300,RENT,4.5,VENTURE,F,29900,10.34,0,0.65,N,1
56,120200,OTHER,7.0,PERSONAL,B,31400,5.48,0,0.26,N,5
58,41100,MORTGAGE,6.6,PERSONAL,A,2700,5.4,0,0.07,N,11
38,61600,RENT,4.4,VENTURE,D,36000,10.15,1,0.58,N,9
31,51300,RENT,5.4,HOMEIMPROVEMENT,C,14500,7.73,0,0.28,N,3
46,56900,OWN,5.1,DEBTCONSOLIDATION,B,27300,6.85,0,0.48,N,6
26,39400,OWN,0.8,DEBTCONSOLIDATION,B,4800,5.73,0,0.12,N,10
63,151900,RENT,1.4,EDUCATION,B,34200,7.28,0,0.23,N,5
25,141600,OWN,5.3,VENTURE,D,50000,9.98,0,0.35,N,1
46,63000,RENT,4.3,PERSONAL,E,19400,8.67,1,0.31,Y,6
69,122100,RENT,13.9,PERSONAL,C,50000,8.85,0,0.41,Y,5
66,121200,RENT,8.0,HOMEIMPROVEMENT,B,14300,8.34,1,0.12,Y,8
30,90700,OWN,12.7,MEDICAL,B,45400,8.45,0,0.5,N,8
47,112000,RENT,11.1,DEBTCONSOLIDATION,B,34900,5.76,0,0.31,N,11
52,108600,RENT,2.8,VENTURE,F,50000,12.12,1,0.46,Y,2
63,48400,RENT,3.7,PERSONAL,A,10300,7.98,0,0.21,N,14
36,81300,RENT,5.9,DEBTCONSOLIDATION,B,19900,6.45,0,0.24,N,8
29,46300,MORTGAGE,13.0,DEBTCONSOLIDATION,A,9000,5.4,0,0.19,N,2
41,91800,RENT,4.4,DEBTCONSOLIDATION,E,50000,9.56,1,0.54,N,9
60,31800,RENT,2.0,MEDICAL,C,13700,8.7,1,0.43,N,8
67,84100,RENT,2.8,HOMEIMPROVEMENT,A,15100,7.21,0,0.18,N,7
53,115600,OWN,4.5,PERSONAL,A,20800,5.4,0,0.18,N,6
55,82600,RENT,1.8,PERSONAL,A,4900,6.09,0,0.06,N,9
41,43500,OWN,6.5,EDUCATION,B,18000,6.18,0,0.41,N,7
63,71900,RENT,3.4,PERSONAL,E,37900,7.14,1,0.53,N,8
57,125400,RENT,13.8,PERSONAL,A,4600,8.77,0,0.04,N,4
35,62600,RENT,16.8,VENTURE,E,25400,10.43,1,0.41,Y,5
61,75500,MORTGAGE,4.2,DEBTCONSOLIDATION,C,39500,8.27,1,0.52,N,6
44,25100,MORTGAGE,6.0,DEBTCONSOLIDATION,D,8400,6.43,0,0.33,Y,2
52,41700,RENT,3.7,VENTURE,C,4700,6.23,0,0.11,N,5
60,142700,MORTGAGE,3.1,DEBTCONSOLIDATION,B,41300,6.6,0,0.29,N,6
57,79400,RENT,13.3,HOMEIMPROVEMENT,B,28300,7.35,0,0.36,N,3
55,52600,OWN,8.8,PERSONAL,A,17200,7.43,0,0.33,N,14
59,83600,MORTGAGE,7.5,VENTURE,C,25500,7.85,0,0.31,N,2
60,49800,OTHER,12.7,DEBTCONSOLIDATION,E,25900,9.72,0,0.52,N,5
21,37000,MORTGAGE,5.0,HOMEIMPROVEMENT,B,5700,6.92,0,0.15,Y,5
61,57100,MORTGAGE,4.9,DEBTCONSOLIDATION,B,17900,5.4,0,0.31,N,6
52,100100,RENT,7.1,HOMEIMPROVEMENT,B,35700,5.4,1,0.36,N,2
30,26900,OWN,7.0,EDUCATION,C,13000,6.72,0,0.48,N,3
24,61400,RENT,4.0,MEDICAL,F,38800,15.42,1,0.63,Y,5
34,136500,OWN,3.8,DEBTCONSOLIDATION,A,20200,7.28,0,0.15,N,3
54,69500,RENT,9.5,HOMEIMPROVEMENT,B,15200,6.79,0,0.22,N,0
33,30600,RENT,8.4,VENTURE,A,7400,7.18,0,0.24,N,10
41,59800,MORTGAGE,5.6,PERSONAL,A,6000,8.04,0,0.1,N,2
22,29000,OWN,6.0,VENTURE,B,4400,6.93,0,0.15,N,6
50,41800,OWN,2.6,DEBTCONSOLIDATION,C,17800,9.7,0,0.43,N,13
42,63700,RENT,4.4,HOMEIMPROVEMENT,A,25400,6.86,0,0.4,N,26
62,130600,RENT,1.5,VENTURE,C,50000,6.13,0,0.38,N,7
29,89400,RENT,6.8,PERSONAL,D,50000,9.47,0,0.56,N,3
36,49000,RENT,1.7,EDUCATION,B,17400,6.64,0,0.36,N,4
25,49500,RENT,9.0,DEBTCONSOLIDATION,B,15100,9.9,0,0.31,N,8
50,138600,RENT,17.7,PERSONAL,A,39400,7.38,0,0.28,N,15
63,106400,RENT,6.2,VENTURE,A,31700,6.84,0,0.3,N,8
37,108500,MORTGAGE,5.0,DEBTCONSOLIDATION,A,22300,5.4,1,0.21,N,7
47,44600,RENT,0.2,DEBTCONSOLIDATION,C,17800,7.07,0,0.4,N,4
61,88900,MORTGAGE,4.4,EDUCATION,C,49700,8.17,0,0.56,N,3
58,61100,OWN,8.7,PERSONAL,A,3200,5.72,0,0.05,N,6
68,93400,OWN,7.5,PERSONAL,A,6900,5.4,0,0.07,N,11
36,47100,MORTGAGE,7.6,MEDICAL,C,20500,8.57,0,0.44,N,11
54,76500,OWN,14.8,DEBTCONSOLIDATION,B,34600,8.05,0,0.45,N,7
34,48400,RENT,4.0,DEBTCONSOLIDATION,E,21900,9.84,0,0.45,N,3
40,59300,MORTGAGE,10.2,MEDICAL,B,22200,7.82,1,0.37,N,5
38,28200,MORTGAGE,6.0,MEDICAL,C,14200,7.4,0,0.5,N,5
35,37400,RENT,7.9,PERSONAL,B,9800,7.2,1,0.26,N,4
25,69800,MORTGAGE,4.9,VENTURE,D,37800,9.09,0,0.54,N,3
61,59900,OWN,8.1,VENTURE,B,15400,7.96,0,0.26,N,12
27,64300,RENT,6.1,DEBTCONSOLIDATION,B,9300,6.19,0,0.14,N,8
29,82900,MORTGAGE,4.1,DEBTCONSOLIDATION,A,6600,6.0,0,0.08,N,8
67,53800,MORTGAGE,2.4,HOMEIMPROVEMENT,D,34700,8.46,0,0.64,N,11
22,48700,MORTGAGE,5.9,EDUCATION,C,26800,7.26,0,0.55,N,6
35,64700,MORTGAGE,4.6,EDUCATION,A,2600,5.4,0,0.04,N,13
58,123000,RENT,4.3,MEDICAL,C,50000,6.54,1,0.41,N,5
41,29800,RENT,7.9,MEDICAL,B,11900,7.97,0,0.4,N,3
56,50500,OWN,2.8,HOMEIMPROVEMENT,A,15700,6.91,0,0.31,N,9
26,36800,RENT,3.0,PERSONAL,F,20100,12.09,1,0.55,Y,10
23,54200,RENT,7.0,DEBTCONSOLIDATION,A,4600,6.08,0,0.08,N,4
55,82600,RENT,3.4,VENTURE,E,45300,12.05,0,0.55,N,2
31,50100,MORTGAGE,1.3,PERSONAL,A,4100,5.48,0,0.08,N,5
48,35500,MORTGAGE,2.1,MEDICAL,C,7300,6.11,0,0.21,Y,3
28,76200,RENT,1.4,DEBTCONSOLIDATION,C,41000,6.32,1,0.54,N,9
60,125200,OWN,10.2,MEDICAL,D,50000,8.6,0,0.4,Y,7
51,24200,RENT,4.7,DEBTCONSOLIDATION,C,8400,6.87,1,0.35,N,3
28,47300,RENT,0.4,EDUCATION,C,14400,8.4,0,0.3,N,3
25,58700,MORTGAGE,9.0,DEBTCONSOLIDATION,D,36300,9.28,1,0.62,N,9
64,37700,MORTGAGE,2.1,PERSONAL,E,21400,9.86,1,0.57,N,9
55,85300,MORTGAGE,2.9,EDUCATION,A,15500,5.4,0,0.18,N,4
58,98900,MORTGAGE,2.3,PERSONAL,A,50000,7.33,0,0.51,N,9
36,76400,OWN,8.2,PERSONAL,B,8600,5.4,0,0.11,Y,6
22,63200,RENT,6.0,VENTURE,C,25600,6.99,0,0.41,N,3
30,38000,MORTGAGE,13.0,VENTURE,B,18000,8.51,0,0.47,N,5
62,54600,MORTGAGE,8.7,DEBTCONSOLIDATION,A,2600,5.69,0,0.05,N,11
40,35300,RENT,1.5,EDUCATION,D,16400,8.38,1,0.46,N,2
45,50900,RENT,2.9,DEBTCONSOLIDATION,D,16700,8.75,1,0.33,Y,12
57,36500,MORTGAGE,1.1,MEDICAL,B,10100,9.42,0,0.28,N,8
22,24300,MORTGAGE,5.1,HOMEIMPROVEMENT,A,2000,5.4,0,0.08,N,6
61,109200,RENT,4.5,MEDICAL,B,5800,5.89,0,0.05,N,9
53,88800,MORTGAGE,0.8,PERSONAL,B,50000,5.91,0,0.56,N,12
33,33200,RENT,1.4,VENTURE,C,5800,9.24,0,0.17,N,3
44,50800,OWN,4.3,MEDICAL,B,21800,7.97,0,0.43,N,8
40,55800,RENT,8.9,EDUCATION,D,18300,8.27,0,0.33,Y,5
58,89300,RENT,6.0,MEDICAL,A,5900,5.4,0,0.07,N,7
56,159200,RENT,4.7,MEDICAL,D,27200,7.66,0,0.17,Y,2
38,123100,MORTGAGE,3.2,DEBTCONSOLIDATION,B,46500,5.98,0,0.38,N,13
58,99500,RENT,3.7,PERSONAL,C,50000,6.02,0,0.5,N,4
70,37300,OWN,14.5,MEDICAL,A,6500,6.55,0,0.17,N,12
37,65400,RENT,0.8,MEDICAL,C,26500,5.92,0,0.41,N,16
47,183000,RENT,11.2,DEBTCONSOLIDATION,A,30500,7.44,1,0.17,N,9
49,138300,RENT,5.4,EDUCATION,C,50000,8.31,0,0.36,N,2
44,48100,MORTGAGE,19.8,DEBTCONSOLIDATION,A,5600,5.4,0,0.12,N,3
37,74100,MORTGAGE,7.7,PERSONAL,A,3600,5.4,0,0.05,N,1
41,130300,RENT,7.1,DEBTCONSOLIDATION,B,31900,5.4,0,0.24,N,7
38,93000,RENT,14.8,DEBTCONSOLIDATION,A,19200,8.41,0,0.21,N,3
35,98700,RENT,4.2,PERSONAL,B,21500,6.91,0,0.22,N,2
43,83100,RENT,7.4,DEBTCONSOLIDATION,E,47800,10.92,0,0.58,Y,7
48,70600,MORTGAGE,7.7,PERSONAL,A,7900,6.8,0,0.11,N,10
23,33300,RENT,5.2,VENTURE,A,1400,5.44,0,0.04,N,7
65,106400,RENT,6.6,DEBTCONSOLIDATION,C,50000,6.69,0,0.47,N,11
50,106000,OWN,3.7,VENTURE,A,5000,6.16,0,0.05,N,2
63,174100,MORTGAGE,1.8,EDUCATION,A,50000,5.4,0,0.29,N,13
37,144700,MORTGAGE,3.1,MEDICAL,C,50000,5.55,0,0.35,N,5
24,74000,OWN,1.9,HOMEIMPROVEMENT,A,11400,7.68,0,0.15,N,8
23,86700,RENT,5.3,DEBTCONSOLIDATION,B,32100,6.06,0,0.37,N,4
47,49400,RENT,9.5,DEBTCONSOLIDATION,A,11900,5.4,0,0.24,N,5
30,135400,MORTGAGE,4.6,DEBTCONSOLIDATION,C,50000,7.25,1,0.37,N,4
52,180900,RENT,4.8,HOMEIMPROVEMENT,A,50000,7.44,0,0.28,N,5
30,56500,OWN,14.0,HOMEIMPROVEMENT,A,9100,5.4,0,0.16,N,3
67,48600,MORTGAGE,2.8,PERSONAL,B,15600,7.24,0,0.32,N,3
39,101100,OWN,6.8,VENTURE,B,24400,5.81,0,0.24,N,4
32,120000,MORTGAGE,7.3,HOMEIMPROVEMENT,C,50000,7.84,0,0.42,N,3
35,30600,MORTGAGE,10.9,HOMEIMPROVEMENT,A,5300,7.17,0,0.17,N,7
29,45100,MORTGAGE,13.0,DEBTCONSOLIDATION,C,29100,7.42,0,0.65,N,2
69,69900,MORTGAGE,8.3,VENTURE,B,30200,5.4,0,0.43,N,23
27,66900,RENT,11.0,HOMEIMPROVEMENT,D,25200,7.53,0,0.38,N,3
46,71300,RENT,18.2,DEBTCONSOLIDATION,A,11100,5.67,0,0.16,N,13
41,217600,MORTGAGE,4.7,DEBTCONSOLIDATION,B,50000,7.05,0,0.23,N,2
22,35900,OTHER,2.7,PERSONAL,A,2100,5.4,0,0.06,N,0
36,130400,MORTGAGE,9.6,VENTURE,B,24200,7.1,0,0.19,N,4
25,52000,RENT,2.0,VENTURE,C,16500,6.39,0,0.32,N,4
29,95100,RENT,5.5,DEBTCONSOLIDATION,A,3500,5.4,0,0.04,N,4
26,90700,OWN,9.2,MEDICAL,D,49100,6.83,1,0.54,N,3
60,55400,RENT,5.6,EDUCATION,A,5900,7.05,0,0.11,N,7
62,83200,RENT,4.0,EDUCATION,A,14000,5.54,0,0.17,N,8
22,63000,OWN,5.4,PERSONAL,D,38500,8.06,0,0.61,N,6
52,96500,MORTGAGE,4.5,PERSONAL,A,12100,6.54,0,0.13,N,8
63,69100,MORTGAGE,6.5,MEDICAL,B,35100,7.01,0,0.51,N,5
23,84500,RENT,5.2,VENTURE,C,38600,5.71,1,0.46,N,6
64,298100,RENT,5.5,HOMEIMPROVEMENT,B,50000,6.13,1,0.17,N,3
46,49800,RENT,6.1,DEBTCONSOLIDATION,B,6000,5.66,0,0.12,N,1
39,69300,MORTGAGE,10.0,DEBTCONSOLIDATION,C,35800,8.53,0,0.52,N,4
30,106900,OTHER,2.1,DEBTCONSOLIDATION,C,31300,7.26,0,0.29,N,3
61,75000,RENT,5.5,EDUCATION,C,46400,7.44,0,0.62,N,12
52,59600,OTHER,13.2,PERSONAL,B,30800,7.29,0,0.52,N,13
24,69400,RENT,4.6,MEDICAL,F,20900,10.89,1,0.3,Y,3
28,56500,OWN,4.0,DEBTCONSOLIDATION,D,33100,8.5,0,0.59,N,12
28,47000,RENT,7.3,MEDICAL,B,11200,7.29,0,0.24,N,1
26,60900,MORTGAGE,9.8,MEDICAL,C,22000,8.1,0,0.36,N,3
38,145300,MORTGAGE,12.2,PERSONAL,A,22000,6.03,0,0.15,N,3
33,58400,RENT,8.2,DEBTCONSOLIDATION,B,20200,6.62,0,0.35,N,3
55,40300,RENT,1.7,DEBTCONSOLIDATION,B,11600,7.3,0,0.29,N,13
58,131900,RENT,7.1,DEBTCONSOLIDATION,B,50000,7.18,0,0.38,N,10
25,38700,OWN,0.7,PERSONAL,A,3300,5.4,0,0.09,N,8
53,69600,MORTGAGE,2.6,DEBTCONSOLIDATION,E,33000,8.96,1,0.47,Y,1
25,63500,RENT,9.0,DEBTCONSOLIDATION,A,13200,7.92,0,0.21,N,6
25,68200,OWN,3.6,VENTURE,E,41700,7.99,0,0.61,N,3
39,120300,RENT,2.6,HOMEIMPROVEMENT,A,27100,5.4,0,0.23,N,6
70,161300,MORTGAGE,3.4,DEBTCONSOLIDATION,A,36300,5.4,0,0.23,N,8
41,161900,MORTGAGE,7.8,MEDICAL,C,50000,5.62,0,0.31,N,6
44,47900,RENT,1.3,VENTURE,D,23900,9.38,1,0.5,N,14
42,104400,MORTGAGE,18.7,HOMEIMPROVEMENT,A,36000,6.83,0,0.34,N,11
68,91000,RENT,9.6,VENTURE,C,33900,7.33,0,0.37,N,5
26,92300,RENT,7.8,DEBTCONSOLIDATION,A,24000,7.17,0,0.26,N,9
64,90800,RENT,6.1,VENTURE,A,20500,7.28,0,0.23,N,13
28,52800,RENT,12.0,EDUCATION,D,23100,10.02,0,0.44,Y,7
42,70200,MORTGAGE,3.6,EDUCATION,D,17000,7.14,1,0.24,Y,21
28,94400,MORTGAGE,9.4,MEDICAL,A,33400,5.4,0,0.35,N,2
70,84200,RENT,2.5,PERSONAL,A,3900,5.55,0,0.05,N,6
44,52000,MORTGAGE,5.4,PERSONAL,F,32200,9.28,1,0.62,Y,15
23,68300,OWN,7.0,MEDICAL,A,4400,5.5,0,0.06,N,7
68,70000,MORTGAGE,3.1,DEBTCONSOLIDATION,B,26400,8.9,0,0.38,N,2
23,114600,OWN,3.3,DEBTCONSOLIDATION,D,50000,7.59,0,0.44,Y,7
59,78900,MORTGAGE,4.3,DEBTCONSOLIDATION,F,41500,11.9,0,0.53,Y,9
35,97500,RENT,3.3,EDUCATION,C,41800,6.09,1,0.43,N,2
34,91800,MORTGAGE,9.8,MEDICAL,A,3300,5.4,1,0.04,N,11
61,113700,RENT,9.3,EDUCATION,B,19700,7.72,0,0.17,Y,8
68,156200,MORTGAGE,8.7,PERSONAL,A,50000,5.4,0,0.32,N,14
24,31800,OWN,8.0,EDUCATION,C,11500,5.4,0,0.36,N,8
57,45100,RENT,8.1,DEBTCONSOLIDATION,C,19300,9.81,0,0.43,N,4
30,102000,MORTGAGE,8.2,MEDICAL,D,50000,7.2,1,0.49,N,2
38,124300,OWN,11.5,EDUCATION,D,50000,8.02,1,0.4,Y,5
44,81800,RENT,4.3,DEBTCONSOLIDATION,A,2900,5.4,0,0.04,N,2
31,51000,OWN,15.0,DEBTCONSOLIDATION,C,23300,10.74,1,0.46,N,3
40,72200,MORTGAGE,6.1,VENTURE,D,46000,7.79,0,0.64,N,12
42,24200,RENT,9.1,PERSONAL,C,9100,9.39,0,0.38,N,9
35,76200,RENT,2.6,VENTURE,C,41500,6.99,1,0.54,N,10
67,102800,OTHER,2.9,EDUCATION,C,50000,8.42,0,0.49,N,5
60,86100,RENT,5.0,MEDICAL,B,15500,5.57,0,0.18,N,5
50,61300,MORTGAGE,0.6,MEDICAL,A,14100,5.4,0,0.23,N,6
52,85200,RENT,7.3,DEBTCONSOLIDATION,E,50000,8.93,0,0.59,N,8
31,31700,RENT,5.9,DEBTCONSOLIDATION,B,13500,6.83,0,0.43,N,5
41,51700,RENT,2.8,MEDICAL,B,11300,6.24,0,0.22,N,9
25,32600,RENT,5.8,EDUCATION,C,12900,6.55,0,0.4,N,4
59,35600,RENT,8.9,DEBTCONSOLIDATION,D,8400,8.76,0,0.24,Y,6
53,157500,MORTGAGE,5.2,MEDICAL,C,50000,7.84,0,0.32,N,12
47,59900,RENT,21.2,EDUCATION,B,31900,7.32,0,0.53,N,9
61,69200,MORTGAGE,19.0,VENTURE,B,30800,7.4,0,0.45,N,8
29,70400,RENT,8.3,EDUCATION,C,13700,6.33,0,0.19,Y,13
37,155400,RENT,7.2,MEDICAL,B,50000,5.4,0,0.32,N,4
27,49700,MORTGAGE,5.1,VENTURE,A,5800,6.08,0,0.12,N,3
62,80300,RENT,4.3,PERSONAL,B,7000,7.27,0,0.09,N,3
36,39700,MORTGAGE,2.6,PERSONAL,A,13500,5.86,0,0.34,N,9
23,37300,RENT,2.0,DEBTCONSOLIDATION,E,13000,6.92,0,0.35,Y,1
55,57500,RENT,7.3,PERSONAL,D,29100,5.4,0,0.51,N,7
35,42000,MORTGAGE,8.9,MEDICAL,A,14000,7.9,0,0.33,N,5
58,140500,RENT,4.5,DEBTCONSOLIDATION,B,13000,7.22,0,0.09,N,9
55,30400,RENT,0.4,EDUCATION,E,10700,8.23,0,0.35,N,5
23,70100,MORTGAGE,6.5,PERSONAL,B,21000,9.12,0,0.3,N,7
56,95100,RENT,9.4,VENTURE,D,47000,8.62,0,0.49,N,15
43,52100,RENT,11.5,VENTURE,B,12600,7.3,0,0.24,N,7
69,67900,RENT,2.5,MEDICAL,E,35400,9.82,0,0.52,Y,9
31,63000,RENT,5.1,DEBTCONSOLIDATION,B,8900,6.16,1,0.14,Y,2
63,91800,MORTGAGE,23.1,EDUCATION,A,50000,5.4,0,0.54,N,10
36,43500,RENT,15.7,MEDICAL,B,14800,5.4,0,0.34,N,3
53,137700,RENT,7.4,DEBTCONSOLIDATION,D,50000,6.86,1,0.36,N,2
54,70100,MORTGAGE,3.1,EDUCATION,E,27000,9.03,0,0.39,Y,4
70,58800,RENT,7.9,EDUCATION,A,5700,7.78,0,0.1,N,4
26,110200,MORTGAGE,4.4,DEBTCONSOLIDATION,D,36600,6.93,0,0.33,Y,6
58,59100,OWN,3.2,DEBTCONSOLIDATION,D,23800,9.85,0,0.4,N,4
57,114800,RENT,1.3,EDUCATION,C,43400,8.43,1,0.38,N,10
45,66300,OWN,4.4,PERSONAL,B,25900,7.74,0,0.39,N,9
30,65200,MORTGAGE,3.2,MEDICAL,B,10400,7.91,0,0.16,N,3
67,79400,OWN,1.3,DEBTCONSOLIDATION,B,25300,9.01,0,0.32,N,7
69,132200,RENT,5.1,EDUCATION,B,19300,5.93,1,0.15,N,1
69,74700,RENT,14.0,DEBTCONSOLIDATION,A,8300,5.95,0,0.11,N,1
26,44100,OWN,3.6,PERSONAL,A,16300,5.4,0,0.37,N,8
27,231200,MORTGAGE,3.5,HOMEIMPROVEMENT,B,50000,9.82,0,0.22,N,9
21,65900,MORTGAGE,5.0,HOMEIMPROVEMENT,E,34900,8.33,0,0.53,N,5
43,170200,RENT,6.9,PERSONAL,A,13800,5.4,0,0.08,N,6
58,97500,RENT,3.7,DEBTCONSOLIDATION,D,33000,8.45,0,0.34,N,2
39,54300,RENT,14.8,EDUCATION,A,17400,7.74,0,0.32,N,1
60,47600,MORTGAGE,8.9,HOMEIMPROVEMENT,A,1900,5.4,0,0.04,N,7
30,95500,MORTGAGE,11.0,DEBTCONSOLIDATION,A,24000,6.58,0,0.25,N,11
36,39200,RENT,8.8,DEBTCONSOLIDATION,D,18000,9.44,0,0.46,N,4
26,71000,RENT,8.1,DEBTCONSOLIDATION,E,45000,9.33,0,0.63,N,2
38,65400,RENT,6.5,EDUCATION,A,17300,7.66,0,0.26,N,8
32,100600,MORTGAGE,4.8,HOMEIMPROVEMENT,A,11000,5.48,0,0.11,N,6
48,72200,MORTGAGE,3.2,PERSONAL,C,36900,5.4,0,0.51,N,20
45,44700,RENT,5.1,PERSONAL,B,10900,6.41,0,0.24,N,3
44,53700,RENT,21.9,DEBTCONSOLIDATION,C,29700,7.72,0,0.55,N,7
52,67300,OWN,9.6,DEBTCONSOLIDATION,B,19200,7.93,0,0.29,N,5
38,63100,OWN,3.2,EDUCATION,A,10600,6.63,0,0.17,N,2
46,60800,RENT,16.3,EDUCATION,B,23400,7.36,0,0.38,N,1
46,114300,MORTGAGE,7.6,DEBTCONSOLIDATION,A,4700,5.4,0,0.04,Y,1
26,30900,RENT,5.0,HOMEIMPROVEMENT,B,14900,6.16,0,0.48,N,6
24,20400,RENT,4.1,HOMEIMPROVEMENT,E,8100,10.48,0,0.4,Y,8
45,96700,MORTGAGE,3.7,EDUCATION,B,43200,7.04,0,0.45,N,7
30,38700,OTHER,5.5,DEBTCONSOLIDATION,B,13100,6.02,0,0.34,N,2
46,25900,RENT,16.4,DEBTCONSOLIDATION,A,8100,5.4,0,0.31,N,10
62,126500,MORTGAGE,8.9,MEDICAL,B,50000,6.3,0,0.4,N,3
59,65700,MORTGAGE,26.9,HOMEIMPROVEMENT,A,26100,6.1,0,0.4,N,12
53,179900,MORTGAGE,6.2,MEDICAL,C,42400,7.87,0,0.24,Y,9
49,63800,MORTGAGE,2.0,DEBTCONSOLIDATION,D,33800,9.77,1,0.53,N,5
39,69700,RENT,7.0,DEBTCONSOLIDATION,B,18800,7.31,0,0.27,N,3
65,142900,OTHER,7.6,DEBTCONSOLIDATION,C,50000,8.24,0,0.35,N,13
47,54100,RENT,3.2,MEDICAL,F,34100,11.74,1,0.63,Y,2
68,72900,RENT,6.0,DEBTCONSOLIDATION,D,38600,8.72,0,0.53,N,20
38,83800,MORTGAGE,3.8,EDUCATION,C,32300,7.33,0,0.39,N,8
41,47000,RENT,7.2,HOMEIMPROVEMENT,B,10600,6.59,0,0.23,N,4
50,115100,RENT,11.7,DEBTCONSOLIDATION,C,11200,9.38,0,0.1,Y,10
58,40800,RENT,0.6,DEBTCONSOLIDATION,D,24800,7.8,0,0.61,N,5
21,58500,MORTGAGE,3.1,DEBTCONSOLIDATION,B,12600,6.66,0,0.22,N,1
55,116300,OWN,5.4,MEDICAL,A,17900,6.68,0,0.15,N,7
49,26400,RENT,11.0,DEBTCONSOLIDATION,A,5800,6.98,0,0.22,N,12
22,39800,RENT,6.0,DEBTCONSOLIDATION,C,8500,7.08,0,0.21,N,6
61,110300,OTHER,6.9,MEDICAL,F,50000,10.5,1,0.45,Y,2
43,47000,MORTGAGE,11.8,PERSONAL,A,20900,5.56,0,0.44,N,3
55,181000,RENT,16.8,DEBTCONSOLIDATION,A,45900,7.04,0,0.25,N,3
26,61000,OWN,5.6,EDUCATION,F,38000,12.91,0,0.62,Y,3
65,118100,MORTGAGE,5.9,PERSONAL,C,50000,7.24,0,0.42,N,2
59,64700,RENT,4.4,DEBTCONSOLIDATION,E,37000,10.05,1,0.57,N,14
44,31600,RENT,8.9,MEDICAL,D,8900,7.61,0,0.28,N,1
69,73100,RENT,3.6,MEDICAL,A,9000,8.78,0,0.12,N,5
29,27100,RENT,8.0,DEBTCONSOLIDATION,C,17400,6.62,0,0.64,N,5
21,38900,RENT,2.9,HOMEIMPROVEMENT,F,18700,8.59,1,0.48,Y,5
30,85000,RENT,14.0,HOMEIMPROVEMENT,A,13800,6.03,0,0.16,N,10
28,78600,OWN,10.5,DEBTCONSOLIDATION,C,34100,5.56,0,0.43,N,9
56,53600,RENT,10.7,MEDICAL,D,7300,8.64,0,0.14,Y,3
65,88400,OWN,2.3,EDUCATION,D,32300,8.95,0,0.37,Y,3
36,78900,RENT,4.3,PERSONAL,A,14400,7.75,0,0.18,N,8
48,245300,RENT,6.9,DEBTCONSOLIDATION,A,50000,5.71,0,0.2,N,16
60,135200,MORTGAGE,3.5,PERSONAL,A,48400,8.69,1,0.36,N,8
60,121400,RENT,4.5,PERSONAL,C,31100,7.69,1,0.26,N,6
70,42300,RENT,3.8,MEDICAL,A,2700,5.4,0,0.06,N,30
58,121500,OWN,10.9,DEBTCONSOLIDATION,B,50000,6.35,1,0.41,N,11
60,150500,OTHER,1.3,DEBTCONSOLIDATION,D,50000,6.27,0,0.33,N,3
70,120900,RENT,1.1,MEDICAL,B,10100,6.54,0,0.08,Y,8
56,140400,MORTGAGE,7.6,PERSONAL,B,50000,7.34,0,0.36,N,7
36,64900,RENT,5.8,DEBTCONSOLIDATION,B,12000,8.07,0,0.18,N,7
56,42200,RENT,8.3,EDUCATION,C,17500,5.4,0,0.41,N,6
40,140000,MORTGAGE,2.8,DEBTCONSOLIDATION,A,24400,5.98,0,0.17,N,6
57,39800,RENT,0.7,PERSONAL,E,24300,7.0,0,0.61,N,2
63,244600,MORTGAGE,4.7,HOMEIMPROVEMENT,B,50000,7.14,0,0.2,N,2
59,201300,RENT,9.5,VENTURE,A,50000,6.82,0,0.25,N,12
36,41200,RENT,3.7,DEBTCONSOLIDATION,E,25100,11.06,0,0.61,N,2
25,56300,OWN,7.0,DEBTCONSOLIDATION,A,3100,6.17,0,0.06,N,8
68,109700,MORTGAGE,3.0,PERSONAL,A,30700,8.69,0,0.28,N,2
31,32100,RENT,4.1,EDUCATION,D,20700,7.56,0,0.64,N,9
46,60700,RENT,9.6,DEBTCONSOLIDATION,B,8300,7.74,0,0.14,Y,12
52,69600,RENT,1.4,DEBTCONSOLIDATION,A,11000,5.4,0,0.16,N,6
51,116600,MORTGAGE,4.7,DEBTCONSOLIDATION,B,50000,7.67,1,0.43,N,2
55,117400,RENT,3.5,DEBTCONSOLIDATION,D,35400,9.78,0,0.3,N,3
41,106500,RENT,4.5,DEBTCONSOLIDATION,D,50000,6.53,0,0.47,N,7
37,60800,MORTGAGE,11.2,DEBTCONSOLIDATION,E,36800,9.76,0,0.61,N,5
68,65300,RENT,4.0,VENTURE,A,3800,5.44,0,0.06,N,5
28,38800,RENT,0.5,MEDICAL,C,16500,7.5,0,0.43,N,5
28,63900,RENT,6.6,MEDICAL,E,20600,9.46,0,0.32,Y,12
55,44300,MORTGAGE,1.1,EDUCATION,B,5900,6.43,0,0.13,N,12
57,73600,MORTGAGE,2.6,EDUCATION,A,15600,7.54,0,0.21,N,12
47,87200,RENT,4.7,DEBTCONSOLIDATION,C,50000,8.44,0,0.57,N,10
62,92700,OWN,3.1,DEBTCONSOLIDATION,A,5800,6.28,0,0.06,N,9
22,33500,RENT,6.0,MEDICAL,F,16600,10.48,1,0.5,N,4
62,66100,OWN,2.0,EDUCATION,C,32400,5.58,1,0.49,N,4
56,41200,RENT,9.6,DEBTCONSOLIDATION,A,4100,5.98,0,0.1,N,9
37,62400,OWN,7.0,MEDICAL,B,3300,5.4,0,0.05,Y,5
53,72100,MORTGAGE,12.2,VENTURE,A,14700,5.4,0,0.2,N,5
24,182800,OTHER,8.0,VENTURE,B,50000,8.72,0,0.27,N,3
55,105000,RENT,5.1,HOMEIMPROVEMENT,B,11200,7.55,0,0.11,N,3
48,117900,OWN,4.0,EDUCATION,B,50000,5.4,0,0.42,N,7
37,86000,RENT,21.0,HOMEIMPROVEMENT,C,41600,9.04,0,0.48,N,8
41,60200,MORTGAGE,4.7,DEBTCONSOLIDATION,E,24700,9.5,0,0.41,Y,6
38,75000,OWN,3.9,DEBTCONSOLIDATION,C,31600,6.87,0,0.42,N,15
50,100200,RENT,3.9,MEDICAL,C,35700,6.68,0,0.36,N,7
35,41400,RENT,5.7,DEBTCONSOLIDATION,C,6600,7.46,0,0.16,Y,5
66,45000,RENT,6.0,MEDICAL,A,5400,5.4,0,0.12,N,7
59,73000,RENT,4.4,MEDICAL,D,36700,10.34,0,0.5,N,7
59,131700,MORTGAGE,4.9,DEBTCONSOLIDATION,B,32900,5.4,1,0.25,N,1
46,84900,OWN,1.8,PERSONAL,A,26600,5.4,0,0.31,N,6
25,43900,OWN,8.1,DEBTCONSOLIDATION,A,8800,7.05,0,0.2,N,3
51,106700,OWN,1.2,MEDICAL,B,50000,5.4,0,0.47,N,11
34,131400,MORTGAGE,2.8,DEBTCONSOLIDATION,D,50000,8.48,0,0.38,N,4
60,65000,MORTGAGE,6.4,VENTURE,D,36100,7.0,0,0.56,Y,16
30,83700,MORTGAGE,7.2,EDUCATION,A,4000,6.61,0,0.05,N,2
67,272800,RENT,4.2,PERSONAL,A,43400,7.97,0,0.16,N,9
32,66900,OWN,2.1,DEBTCONSOLIDATION,D,37400,8.31,1,0.56,N,9
66,143100,MORTGAGE,1.9,PERSONAL,A,16000,6.76,0,0.11,N,8
56,98800,OWN,2.1,HOMEIMPROVEMENT,A,21900,7.2,0,0.22,N,7
54,52700,MORTGAGE,0.6,MEDICAL,D,27600,7.66,0,0.52,N,10
28,83600,MORTGAGE,12.0,EDUCATION,A,3300,5.4,0,0.04,N,12
43,79600,RENT,4.5,DEBTCONSOLIDATION,B,25600,5.76,0,0.32,N,11
50,132600,MORTGAGE,4.6,EDUCATION,A,50000,5.66,1,0.38,N,10
64,173600,RENT,6.7,DEBTCONSOLIDATION,B,37900,6.53,0,0.22,N,10
70,111700,MORTGAGE,8.5,EDUCATION,B,45400,7.76,0,0.41,N,6
67,259100,OWN,13.4,PERSONAL,A,50000,6.21,0,0.19,Y,5
39,60400,RENT,5.3,HOMEIMPROVEMENT,D,32800,7.47,1,0.54,N,4
54,115500,OWN,7.4,HOMEIMPROVEMENT,B,50000,7.22,0,0.43,N,8
52,42600,RENT,10.7,HOMEIMPROVEMENT,D,20500,6.33,0,0.48,N,3
52,47200,MORTGAGE,2.9,DEBTCONSOLIDATION,F,26300,10.02,1,0.56,Y,6
22,38300,MORTGAGE,6.0,PERSONAL,A,11400,5.76,0,0.3,N,4
47,149800,OWN,20.6,PERSONAL,A,42800,5.4,1,0.29,N,6
32,62400,MORTGAGE,2.6,DEBTCONSOLIDATION,A,6400,5.4,0,0.1,N,4
22,36500,RENT,6.0,DEBTCONSOLIDATION,E,15700,10.37,0,0.43,N,3
52,87900,OWN,2.5,DEBTCONSOLIDATION,C,43800,5.4,0,0.5,N,4
62,113800,RENT,1.2,DEBTCONSOLIDATION,C,49700,6.85,0,0.44,N,2
23,76300,RENT,5.9,DEBTCONSOLIDATION,C,33900,7.87,0,0.44,N,5
60,70600,RENT,9.0,DEBTCONSOLIDATION,A,9100,5.4,1,0.13,N,13
47,42300,RENT,2.1,MEDICAL,E,25300,11.48,0,0.6,N,7
35,80600,RENT,2.7,DEBTCONSOLIDATION,C,37900,7.95,1,0.47,N,8
21,74200,RENT,5.0,HOMEIMPROVEMENT,C,40700,8.79,1,0.55,N,2
52,39800,RENT,7.7,HOMEIMPROVEMENT,A,6300,5.4,0,0.16,N,6
40,82100,MORTGAGE,6.5,DEBTCONSOLIDATION,A,19600,8.84,0,0.24,N,10
37,92800,RENT,3.4,HOMEIMPROVEMENT,B,18100,7.11,1,0.2,N,6
44,73000,RENT,2.0,HOMEIMPROVEMENT,C,35800,7.62,1,0.49,N,16
62,80600,MORTGAGE,5.9,HOMEIMPROVEMENT,B,17900,7.17,0,0.22,N,6
40,54400,OWN,16.8,VENTURE,A,10200,6.16,0,0.19,N,16
25,46300,MORTGAGE,3.0,DEBTCONSOLIDATION,A,2800,5.4,0,0.06,Y,9
36,98000,MORTGAGE,6.1,EDUCATION,D,50000,8.11,0,0.51,N,3
54,74500,OWN,6.9,VENTURE,A,20100,8.34,0,0.27,N,3
61,263400,RENT,17.4,DEBTCONSOLIDATION,A,50000,6.17,0,0.19,N,3
64,66100,RENT,3.8,EDUCATION,A,7300,5.4,0,0.11,N,21
50,92900,RENT,3.6,EDUCATION,C,50000,8.28,0,0.54,N,3
33,63000,RENT,7.7,MEDICAL,A,3800,5.42,0,0.06,N,15
26,81400,RENT,10.0,MEDICAL,B,29400,5.4,0,0.36,N,9
64,84100,RENT,6.9,DEBTCONSOLIDATION,C,26700,6.03,0,0.32,N,2
45,115600,MORTGAGE,8.5,DEBTCONSOLIDATION,A,5600,7.13,0,0.05,N,3
47,138500,OWN,2.3,DEBTCONSOLIDATION,B,50000,8.3,0,0.36,N,5
35,157100,OTHER,4.1,DEBTCONSOLIDATION,B,49300,6.07,0,0.31,N,3
35,118600,RENT,9.4,PERSONAL,D,49000,7.85,0,0.41,N,6
27,56800,RENT,11.0,VENTURE,A,13300,8.72,0,0.23,N,3
68,107400,MORTGAGE,13.2,PERSONAL,B,20900,5.6,0,0.19,Y,7
27,175400,MORTGAGE,1.5,DEBTCONSOLIDATION,C,50000,8.8,0,0.29,Y,7
55,43100,RENT,3.6,EDUCATION,A,11900,6.71,0,0.28,N,7
57,36100,MORTGAGE,16.0,HOMEIMPROVEMENT,A,12700,5.4,0,0.35,N,11
34,106600,RENT,6.2,EDUCATION,C,36100,9.1,0,0.34,Y,5
24,97100,MORTGAGE,4.7,VENTURE,D,50000,7.25,0,0.51,N,8
55,125500,RENT,5.9,EDUCATION,B,50000,5.4,0,0.4,N,6
47,118600,RENT,10.4,PERSONAL,E,50000,9.63,1,0.42,Y,12
23,128800,MORTGAGE,6.1,HOMEIMPROVEMENT,A,30900,5.4,0,0.24,N,1
51,35300,OTHER,6.6,HOMEIMPROVEMENT,A,9700,5.4,0,0.27,N,2
53,110900,MORTGAGE,15.0,PERSONAL,A,50000,6.06,0,0.45,N,14
28,26800,RENT,2.3,MEDICAL,D,10400,7.23,0,0.39,N,1
61,112200,MORTGAGE,1.2,VENTURE,B,40800,6.58,1,0.36,N,7
31,45300,RENT,9.3,PERSONAL,B,20800,7.89,0,0.46,N,6
57,45600,OWN,5.1,DEBTCONSOLIDATION,D,23600,11.05,1,0.52,N,6
50,54300,OWN,8.8,PERSONAL,C,28400,8.2,0,0.52,N,4
51,74400,RENT,8.0,EDUCATION,A,11100,6.97,0,0.15,N,11
49,72100,RENT,2.5,DEBTCONSOLIDATION,D,33800,9.05,0,0.47,N,2
53,90700,MORTGAGE,14.1,EDUCATION,A,29500,6.5,0,0.33,N,5
51,57600,MORTGAGE,0.9,DEBTCONSOLIDATION,B,21200,5.4,1,0.37,N,11
41,139700,OWN,3.6,DEBTCONSOLIDATION,D,50000,8.1,0,0.36,Y,2
37,45100,MORTGAGE,5.3,DEBTCONSOLIDATION,D,28300,7.56,0,0.63,N,6
66,147500,RENT,8.1,PERSONAL,C,27000,5.4,0,0.18,Y,2
67,117000,RENT,6.6,MEDICAL,A,13900,5.4,0,0.12,N,3
34,91900,RENT,5.1,VENTURE,B,50000,6.51,0,0.54,N,14
24,72200,RENT,5.7,HOMEIMPROVEMENT,E,40400,11.14,0,0.56,N,6
66,96800,RENT,2.5,HOMEIMPROVEMENT,B,23000,8.14,0,0.24,N,3
40,56300,OWN,0.2,DEBTCONSOLIDATION,D,26100,8.2,0,0.46,N,12
42,76000,RENT,7.7,MEDICAL,A,15500,6.27,0,0.2,N,7
40,68900,RENT,5.2,DEBTCONSOLIDATION,C,31600,9.03,0,0.46,N,10
41,120800,MORTGAGE,18.0,VENTURE,A,50000,7.89,0,0.41,N,20
58,38300,MORTGAGE,12.2,VENTURE,A,7200,5.4,0,0.19,N,6
23,36400,RENT,3.1,DEBTCONSOLIDATION,B,8500,6.78,0,0.23,N,7
46,52600,MORTGAGE,1.5,EDUCATION,C,23300,7.83,0,0.44,N,2
69,60300,RENT,9.1,DEBTCONSOLIDATION,C,17900,6.08,0,0.3,Y,7
41,39700,MORTGAGE,7.4,DEBTCONSOLIDATION,A,11500,7.38,0,0.29,N,18
56,98700,OWN,3.4,DEBTCONSOLIDATION,C,20600,9.68,0,0.21,Y,1
48,81300,MORTGAGE,13.7,PERSONAL,A,24400,6.72,0,0.3,N,8
28,41400,MORTGAGE,0.9,DEBTCONSOLIDATION,C,21900,7.71,0,0.53,N,11
33,154500,MORTGAGE,17.0,PERSONAL,A,36800,5.4,0,0.24,N,1
26,77600,RENT,4.8,MEDICAL,E,44800,9.26,1,0.58,N,3
44,148800,RENT,3.6,DEBTCONSOLIDATION,A,16400,6.2,0,0.11,N,17
50,72600,MORTGAGE,3.4,VENTURE,C,33200,5.4,0,0.46,N,8
62,34500,RENT,0.8,EDUCATION,B,13700,7.93,0,0.4,N,11
47,101300,RENT,17.0,DEBTCONSOLIDATION,B,37900,6.25,0,0.37,N,5
52,108800,MORTGAGE,4.3,DEBTCONSOLIDATION,B,39400,5.79,0,0.36,N,6
47,37400,RENT,9.7,VENTURE,A,4000,9.07,0,0.11,N,5
64,126100,RENT,1.5,EDUCATION,C,50000,9.36,0,0.4,N,7
32,67600,RENT,4.0,VENTURE,C,31800,7.09,0,0.47,N,4
63,76500,OWN,1.1,HOMEIMPROVEMENT,F,39900,12.27,0,0.52,Y,3
56,73300,MORTGAGE,3.3,EDUCATION,A,11700,5.4,0,0.16,N,7
53,159100,RENT,12.2,DEBTCONSOLIDATION,D,45300,9.36,0,0.28,N,5
21,48300,MORTGAGE,5.0,MEDICAL,C,15200,5.92,0,0.31,N,2
51,69800,MORTGAGE,3.8,DEBTCONSOLIDATION,A,5500,5.4,0,0.08,N,1
25,70400,RENT,5.6,EDUCATION,E,45500,9.93,0,0.65,N,5
67,126300,OWN,7.8,EDUCATION,A,36500,8.99,0,0.29,N,9
24,76600,OWN,0.7,DEBTCONSOLIDATION,B,33000,7.21,0,0.43,N,8
46,113400,RENT,1.3,VENTURE,D,50000,9.21,0,0.44,N,7
45,156000,MORTGAGE,3.8,PERSONAL,B,50000,7.11,0,0.32,N,6
40,234300,MORTGAGE,11.2,EDUCATION,A,50000,5.4,0,0.21,N,9
50,133300,MORTGAGE,9.5,VENTURE,D,50000,10.29,0,0.38,N,2
48,52500,RENT,6.4,PERSONAL,D,28700,9.37,0,0.55,N,5
33,38500,RENT,17.0,DEBTCONSOLIDATION,B,10000,7.65,0,0.26,N,5
28,89500,RENT,4.9,DEBTCONSOLIDATION,B,28300,7.71,0,0.32,N,10
31,38400,RENT,3.1,HOMEIMPROVEMENT,A,1800,6.62,1,0.05,N,9
29,32000,MORTGAGE,7.2,PERSONAL,A,12100,6.77,0,0.38,N,13
34,72500,MORTGAGE,1.7,PERSONAL,C,13000,5.62,0,0.18,Y,13
42,60700,RENT,8.2,EDUCATION,B,4800,10.68,0,0.08,N,9
58,80800,RENT,3.6,MEDICAL,F,35400,10.7,1,0.44,Y,8
46,178600,MORTGAGE,15.4,DEBTCONSOLIDATION,A,41000,5.4,0,0.23,N,8
63,68600,RENT,1.9,DEBTCONSOLIDATION,A,7300,6.12,0,0.11,N,8
31,79800,MORTGAGE,8.7,HOMEIMPROVEMENT,A,4400,6.43,0,0.06,N,1
37,80700,MORTGAGE,10.0,PERSONAL,A,7000,5.4,0,0.09,N,4
35,36000,MORTGAGE,1.3,EDUCATION,D,20900,9.73,0,0.58,N,4
49,48200,RENT,4.1,DEBTCONSOLIDATION,B,9300,8.08,0,0.19,N,5
40,21400,OTHER,2.3,DEBTCONSOLIDATION,C,5200,6.88,0,0.24,N,6
69,90500,OTHER,5.2,VENTURE,B,50000,6.59,0,0.55,N,15
27,141000,MORTGAGE,7.2,MEDICAL,A,45500,5.59,0,0.32,N,5
63,157600,OWN,9.8,DEBTCONSOLIDATION,A,40600,5.84,0,0.26,N,6
49,75900,RENT,12.6,DEBTCONSOLIDATION,A,9400,7.29,0,0.12,N,1
64,33800,MORTGAGE,6.5,DEBTCONSOLIDATION,A,8600,5.78,0,0.25,N,4
59,78200,OWN,1.7,DEBTCONSOLIDATION,A,2800,5.4,0,0.04,N,9
52,139900,MORTGAGE,4.8,MEDICAL,C,12600,5.4,0,0.09,Y,3
44,98100,RENT,4.5,DEBTCONSOLIDATION,A,14600,5.4,0,0.15,N,6
55,57200,OTHER,4.7,MEDICAL,E,29900,8.83,0,0.52,N,0
40,265500,RENT,5.3,DEBTCONSOLIDATION,A,50000,5.4,0,0.19,N,4
54,65800,RENT,6.2,EDUCATION,C,22200,8.56,1,0.34,N,5
63,154500,OWN,4.3,DEBTCONSOLIDATION,A,14600,5.62,0,0.09,N,10
30,58500,MORTGAGE,8.1,PERSONAL,C,31000,7.7,0,0.53,N,9
65,45900,OWN,8.0,DEBTCONSOLIDATION,F,23200,11.3,0,0.51,Y,6
33,72700,MORTGAGE,4.1,DEBTCONSOLIDATION,B,33200,5.66,0,0.46,N,13
36,56500,RENT,4.2,PERSONAL,B,3900,7.0,0,0.07,Y,3
66,57200,RENT,9.6,EDUCATION,A,8500,6.82,0,0.15,N,1
59,66400,RENT,0.9,PERSONAL,E,42700,9.88,1,0.64,N,10
51,126100,MORTGAGE,3.8,MEDICAL,C,50000,6.67,0,0.4,N,3
44,63700,RENT,4.4,DEBTCONSOLIDATION,C,10600,6.95,0,0.17,Y,12
37,72600,OWN,10.8,DEBTCONSOLIDATION,B,43600,6.45,0,0.6,N,10
41,43300,MORTGAGE,7.0,DEBTCONSOLIDATION,C,7000,6.53,0,0.16,Y,3
36,223100,OWN,6.8,DEBTCONSOLIDATION,A,34600,5.4,0,0.16,N,13
64,70000,RENT,9.9,DEBTCONSOLIDATION,C,15700,9.79,1,0.22,Y,2
34,62300,MORTGAGE,4.0,HOMEIMPROVEMENT,E,35900,10.65,0,0.58,Y,2
46,102000,RENT,15.7,DEBTCONSOLIDATION,A,25600,6.11,0,0.25,N,7
51,58600,OTHER,6.8,VENTURE,C,25400,6.93,0,0.43,Y,15
37,32300,MORTGAGE,8.7,EDUCATION,C,17900,7.41,1,0.55,N,4
63,75800,RENT,12.5,PERSONAL,A,17400,7.64,0,0.23,N,3
59,86600,MORTGAGE,2.6,VENTURE,B,39800,6.9,1,0.46,N,8
46,50500,MORTGAGE,3.8,HOMEIMPROVEMENT,A,19900,5.4,0,0.39,N,20
30,18000,RENT,4.1,EDUCATION,D,9400,8.41,0,0.52,N,9
37,38600,MORTGAGE,11.5,MEDICAL,C,22600,7.38,1,0.59,N,18
68,89500,MORTGAGE,0.5,EDUCATION,B,19100,8.44,0,0.21,N,6
53,113600,MORTGAGE,17.0,PERSONAL,C,48300,8.34,0,0.43,Y,7
32,99200,RENT,5.7,MEDICAL,A,5200,5.4,0,0.05,N,5
44,51400,MORTGAGE,9.2,MEDICAL,D,20000,7.84,0,0.39,N,7
33,63400,RENT,7.8,DEBTCONSOLIDATION,A,16400,6.87,0,0.26,N,6
27,119000,RENT,3.3,DEBTCONSOLIDATION,F,50000,13.27,1,0.42,Y,6
51,80800,RENT,8.1,HOMEIMPROVEMENT,A,8300,8.11,0,0.1,N,11
21,48300,RENT,5.0,DEBTCONSOLIDATION,D,14600,8.04,0,0.3,N,5
38,56700,RENT,3.6,HOMEIMPROVEMENT,A,9900,6.74,0,0.17,N,12
50,46700,MORTGAGE,9.7,MEDICAL,B,15400,8.83,0,0.33,N,15
41,52500,MORTGAGE,7.4,DEBTCONSOLIDATION,D,31900,8.76,0,0.61,N,11
67,112000,MORTGAGE,5.8,MEDICAL,B,50000,7.76,1,0.45,N,4
33,104100,MORTGAGE,9.9,PERSONAL,A,34800,5.48,0,0.33,N,11
68,42900,RENT,3.4,DEBTCONSOLIDATION,C,19100,7.16,0,0.45,N,9
21,133500,OWN,4.2,MEDICAL,B,25300,6.71,1,0.19,N,5
41,45800,OWN,6.7,DEBTCONSOLIDATION,B,16200,8.9,0,0.35,N,20
56,69700,OWN,9.1,PERSONAL,B,37100,5.4,0,0.53,N,5
40,146600,RENT,2.5,EDUCATION,A,36500,8.56,0,0.25,N,3
49,95900,RENT,4.7,DEBTCONSOLIDATION,C,50000,8.05,0,0.52,N,13
50,81900,OWN,2.0,EDUCATION,A,17300,6.27,1,0.21,N,4
62,84800,MORTGAGE,14.3,HOMEIMPROVEMENT,C,46200,7.63,0,0.54,Y,20
56,81600,MORTGAGE,23.1,DEBTCONSOLIDATION,A,25500,6.2,0,0.31,N,4
48,96100,RENT,7.0,VENTURE,A,7700,7.09,0,0.08,N,6
23,92500,OWN,6.5,HOMEIMPROVEMENT,C,41300,8.09,0,0.45,N,5
68,67700,RENT,9.0,EDUCATION,D,42300,9.06,0,0.62,N,8
54,34700,OWN,5.8,DEBTCONSOLIDATION,A,5600,8.11,0,0.16,N,7
31,46800,MORTGAGE,1.7,DEBTCONSOLIDATION,D,29300,9.05,0,0.63,N,9
49,122100,RENT,3.9,MEDICAL,A,8400,6.08,0,0.07,N,16
50,148100,RENT,5.2,DEBTCONSOLIDATION,B,21000,6.12,1,0.14,N,4
25,70700,MORTGAGE,3.0,DEBTCONSOLIDATION,F,44000,12.35,0,0.62,Y,9
32,203500,MORTGAGE,16.0,DEBTCONSOLIDATION,A,50000,6.94,0,0.25,N,7
23,56000,RENT,7.0,PERSONAL,A,3700,5.4,0,0.07,N,7
47,39200,MORTGAGE,2.6,DEBTCONSOLIDATION,B,16900,5.92,1,0.43,N,4
21,53600,RENT,5.0,PERSONAL,D,31500,8.87,0,0.59,N,5
43,96600,RENT,14.2,PERSONAL,A,24400,7.14,0,0.25,N,6
51,113200,RENT,0.9,MEDICAL,D,49500,9.62,1,0.44,N,15
58,78100,RENT,1.3,MEDICAL,F,33400,12.38,0,0.43,N,3
31,132000,RENT,6.7,DEBTCONSOLIDATION,B,50000,5.4,0,0.38,N,7
61,153200,RENT,3.1,PERSONAL,E,38800,7.45,0,0.25,Y,1
45,47100,MORTGAGE,19.8,MEDICAL,A,16700,5.4,0,0.35,N,11
63,38600,MORTGAGE,4.4,VENTURE,B,10500,7.92,0,0.27,N,2
53,87700,RENT,12.7,VENTURE,B,31900,6.19,0,0.36,N,9
25,74800,RENT,1.9,VENTURE,D,31000,7.17,0,0.41,N,3
38,65500,MORTGAGE,3.1,HOMEIMPROVEMENT,B,24700,7.41,0,0.38,N,5
39,53900,OTHER,3.7,DEBTCONSOLIDATION,F,30200,10.25,0,0.56,Y,6
33,63000,RENT,8.7,DEBTCONSOLIDATION,E,34900,9.25,1,0.55,Y,9
49,86600,RENT,8.9,DEBTCONSOLIDATION,A,13600,7.34,0,0.16,N,10
67,236700,OTHER,20.8,HOMEIMPROVEMENT,A,50000,5.4,0,0.21,N,3
33,108600,RENT,3.8,DEBTCONSOLIDATION,C,38000,9.34,1,0.35,N,1
56,35700,MORTGAGE,10.6,PERSONAL,A,6500,7.16,0,0.18,N,7
46,219700,RENT,13.0,PERSONAL,A,25400,6.2,0,0.12,N,7
52,136400,RENT,9.6,VENTURE,A,17200,5.4,0,0.13,N,9
44,154700,MORTGAGE,7.9,PERSONAL,A,20000,5.4,0,0.13,N,1
44,73000,OWN,1.3,MEDICAL,C,23000,5.7,0,0.32,N,9
45,94700,RENT,6.2,MEDICAL,A,7900,6.26,0,0.08,N,12
52,189700,MORTGAGE,2.5,EDUCATION,A,50000,5.4,0,0.26,N,5
46,72600,MORTGAGE,5.9,PERSONAL,F,47000,12.69,1,0.65,Y,14
41,73900,RENT,4.3,EDUCATION,B,24500,6.41,1,0.33,N,7
53,136800,OWN,13.4,VENTURE,B,32100,6.17,0,0.23,N,3
62,98700,RENT,1.2,HOMEIMPROVEMENT,C,35100,6.5,0,0.36,N,5
39,66800,RENT,9.5,DEBTCONSOLIDATION,D,39500,7.06,0,0.59,N,7
60,80000,MORTGAGE,7.4,EDUCATION,A,21800,8.1,0,0.27,N,6
39,52200,RENT,9.9,DEBTCONSOLIDATION,B,12800,5.4,0,0.25,N,6
37,51900,RENT,16.5,DEBTCONSOLIDATION,A,5800,5.4,0,0.11,N,7
44,80200,OWN,15.2,HOMEIMPROVEMENT,A,23600,5.4,0,0.29,N,6
38,47300,MORTGAGE,3.7,DEBTCONSOLIDATION,C,14600,6.16,0,0.31,N,1
36,82900,MORTGAGE,5.4,EDUCATION,D,49800,5.47,0,0.6,N,5
48,105900,RENT,5.6,MEDICAL,B,25700,5.56,0,0.24,N,6
55,62500,RENT,11.8,HOMEIMPROVEMENT,B,14700,8.37,1,0.24,N,11
65,73500,MORTGAGE,5.2,EDUCATION,B,28500,8.39,0,0.39,N,6
70,33100,OWN,5.0,DEBTCONSOLIDATION,E,19400,10.5,0,0.59,N,2
34,65100,MORTGAGE,3.4,EDUCATION,E,26700,9.61,1,0.41,Y,2
44,104100,RENT,2.3,VENTURE,D,50000,8.29,0,0.48,N,6
47,94800,RENT,13.8,DEBTCONSOLIDATION,B,40400,7.67,0,0.43,N,4
37,71500,MORTGAGE,6.7,PERSONAL,C,41300,7.08,0,0.58,N,0
54,49600,RENT,7.4,HOMEIMPROVEMENT,B,10200,5.4,0,0.21,N,1
45,44400,OWN,0.4,EDUCATION,E,25400,10.23,1,0.57,N,4
67,138600,MORTGAGE,12.4,MEDICAL,B,49700,6.52,1,0.36,N,7
23,42700,RENT,7.0,DEBTCONSOLIDATION,A,6700,5.56,1,0.16,N,3
49,89200,MORTGAGE,5.2,PERSONAL,D,27300,9.37,0,0.31,Y,1
39,92800,RENT,3.0,PERSONAL,B,46300,5.4,0,0.5,N,20
63,44700,RENT,4.8,PERSONAL,D,11500,8.38,0,0.26,Y,2
66,92800,OTHER,4.1,MEDICAL,D,50000,9.6,0,0.54,N,9
54,173600,RENT,9.4,EDUCATION,B,50000,8.15,0,0.29,N,3
41,107700,MORTGAGE,16.2,DEBTCONSOLIDATION,B,45800,9.3,0,0.43,Y,10
37,162800,OWN,11.5,PERSONAL,A,29500,6.73,0,0.18,Y,5
37,113400,RENT,12.1,HOMEIMPROVEMENT,A,4900,5.4,0,0.04,N,9
29,37100,MORTGAGE,13.0,VENTURE,A,3400,5.8,0,0.09,N,0
66,86800,MORTGAGE,3.4,VENTURE,A,12500,5.4,0,0.14,N,9
32,103500,RENT,2.0,DEBTCONSOLIDATION,D,43400,8.12,1,0.42,N,9
43,78700,MORTGAGE,5.7,HOMEIMPROVEMENT,E,26700,12.25,0,0.34,Y,7
70,72000,RENT,6.4,MEDICAL,F,36000,12.4,0,0.5,Y,2
49,61600,RENT,8.7,VENTURE,B,9900,7.52,0,0.16,Y,17
51,115200,RENT,5.1,HOMEIMPROVEMENT,B,16600,7.68,0,0.14,N,2
22,37500,MORTGAGE,6.0,PERSONAL,A,3300,5.4,0,0.09,N,6
60,67600,OWN,5.1,MEDICAL,A,4100,6.39,0,0.06,N,2
69,116400,RENT,5.2,HOMEIMPROVEMENT,E,50000,8.9,1,0.43,Y,11
34,48000,RENT,10.1,DEBTCONSOLIDATION,C,25700,8.84,1,0.54,N,3
23,41300,MORTGAGE,5.4,DEBTCONSOLIDATION,B,13300,6.5,0,0.32,N,6
33,50400,RENT,2.2,MEDICAL,D,24800,9.38,1,0.49,N,10
46,136700,RENT,6.8,DEBTCONSOLIDATION,C,50000,7.46,0,0.37,N,2
33,31600,RENT,16.2,PERSONAL,A,9600,7.7,0,0.3,N,16
30,67900,RENT,1.2,MEDICAL,B,15500,7.82,0,0.23,N,7
22,44400,RENT,6.0,DEBTCONSOLIDATION,A,1900,6.78,0,0.04,N,3
66,115800,RENT,3.8,HOMEIMPROVEMENT,A,10800,5.4,0,0.09,N,11
24,67800,RENT,6.4,DEBTCONSOLIDATION,A,8300,7.11,0,0.12,N,3
21,120900,MORTGAGE,5.0,EDUCATION,B,50000,7.25,1,0.41,N,2
25,52300,MORTGAGE,1.6,DEBTCONSOLIDATION,F,32800,10.22,0,0.63,Y,9
46,76400,RENT,10.9,VENTURE,A,18300,7.89,0,0.24,N,4
59,104400,MORTGAGE,22.9,EDUCATION,C,45200,9.17,1,0.43,N,4
64,156500,MORTGAGE,13.5,DEBTCONSOLIDATION,B,50000,7.16,0,0.32,N,3
51,205400,MORTGAGE,3.5,PERSONAL,C,50000,6.95,0,0.24,N,3
23,130800,RENT,2.7,DEBTCONSOLIDATION,B,36500,6.45,0,0.28,N,7
38,72900,RENT,0.5,EDUCATION,D,39100,7.32,0,0.54,N,4
21,117700,RENT,1.9,EDUCATION,E,50000,9.56,0,0.42,Y,3
32,102000,RENT,2.3,MEDICAL,C,16200,7.59,0,0.16,N,7
53,65400,MORTGAGE,5.0,DEBTCONSOLIDATION,B,11200,6.75,0,0.17,Y,6
46,56900,RENT,4.2,HOMEIMPROVEMENT,C,28600,7.14,0,0.5,N,5
21,31900,OWN,0.5,MEDICAL,F,11800,12.15,1,0.37,Y,1
50,50200,RENT,4.9,MEDICAL,E,28100,11.01,1,0.56,N,5
46,33100,OTHER,2.1,VENTURE,B,6900,5.4,0,0.21,N,2
30,21700,MORTGAGE,3.1,MEDICAL,B,7400,5.8,0,0.34,N,6
61,65100,OWN,1.6,HOMEIMPROVEMENT,C,36600,6.45,0,0.56,N,9
31,50700,OTHER,7.8,DEBTCONSOLIDATION,A,5800,5.4,0,0.11,N,10
51,182300,OWN,5.1,PERSONAL,A,50000,5.77,0,0.27,N,8
43,69000,MORTGAGE,10.2,PERSONAL,B,30000,7.16,0,0.43,N,9
57,81200,RENT,8.5,PERSONAL,A,10600,5.4,0,0.13,N,12
31,149000,OWN,9.1,HOMEIMPROVEMENT,A,50000,5.4,0,0.34,N,9
47,78100,RENT,9.5,HOMEIMPROVEMENT,C,39400,7.54,0,0.5,N,11
47,122000,RENT,13.5,EDUCATION,B,50000,6.45,0,0.41,N,14
62,223800,MORTGAGE,6.9,EDUCATION,B,50000,7.31,0,0.22,N,2
39,51000,OWN,4.5,EDUCATION,A,9200,7.09,0,0.18,N,3
44,53100,RENT,2.4,DEBTCONSOLIDATION,F,24800,10.86,1,0.47,Y,1
25,74900,RENT,2.3,MEDICAL,C,21700,7.97,0,0.29,N,9
29,40600,MORTGAGE,7.0,HOMEIMPROVEMENT,A,3800,5.4,0,0.09,N,4
31,88600,MORTGAGE,4.9,MEDICAL,A,11700,6.15,0,0.13,N,9
56,75900,OWN,0.9,EDUCATION,A,18100,5.71,0,0.24,N,5
62,110800,RENT,2.1,EDUCATION,E,41700,11.06,1,0.38,Y,12
64,82200,RENT,4.3,EDUCATION,F,49400,10.38,0,0.6,Y,8
40,54100,RENT,3.3,DEBTCONSOLIDATION,C,8300,7.16,0,0.15,N,4
42,23600,OWN,2.2,PERSONAL,C,13800,10.08,0,0.58,N,4
68,161300,MORTGAGE,12.1,MEDICAL,A,28000,5.47,0,0.17,N,5
50,104400,RENT,9.7,VENTURE,C,50000,6.64,0,0.48,N,0
40,146700,MORTGAGE,5.5,MEDICAL,B,40600,5.97,0,0.28,N,6
61,135500,MORTGAGE,18.2,DEBTCONSOLIDATION,A,11500,5.4,0,0.08,N,3
68,129900,RENT,3.7,PERSONAL,B,36100,7.61,0,0.28,N,6
23,48000,RENT,7.0,MEDICAL,D,23800,8.69,0,0.5,N,7
60,60200,RENT,1.9,MEDICAL,D,22400,8.58,0,0.37,N,5
55,47900,MORTGAGE,24.9,PERSONAL,B,28000,7.93,0,0.58,N,7
66,109700,RENT,13.9,DEBTCONSOLIDATION,A,21500,5.73,0,0.2,N,4
28,55000,RENT,3.1,EDUCATION,D,22900,6.16,0,0.42,N,5
40,208600,OWN,3.7,MEDICAL,A,33200,7.08,0,0.16,N,16
35,114100,MORTGAGE,17.4,HOMEIMPROVEMENT,A,37000,7.02,0,0.32,N,2
63,77700,MORTGAGE,9.1,VENTURE,C,43800,5.4,0,0.56,N,7
30,51800,OWN,4.4,PERSONAL,A,16700,6.91,0,0.32,N,6
53,39200,MORTGAGE,0.8,HOMEIMPROVEMENT,A,7200,6.43,0,0.18,N,12
25,97900,OWN,6.6,EDUCATION,C,50000,5.4,0,0.51,N,1
28,53400,OWN,2.9,MEDICAL,A,3000,7.93,0,0.06,N,8
21,113900,RENT,2.6,DEBTCONSOLIDATION,C,50000,8.18,0,0.44,N,2
52,189300,RENT,2.9,HOMEIMPROVEMENT,A,50000,5.77,0,0.26,N,6
49,48000,OWN,13.3,VENTURE,B,2600,6.56,0,0.05,Y,6
40,78400,MORTGAGE,2.1,VENTURE,D,45500,9.21,0,0.58,N,10
44,56200,OWN,4.2,DEBTCONSOLIDATION,A,3000,5.99,1,0.05,N,6
26,35600,MORTGAGE,2.9,DEBTCONSOLIDATION,F,20900,10.74,1,0.59,N,2
61,88700,RENT,4.0,EDUCATION,A,3600,5.4,0,0.04,N,16
44,71600,OWN,5.7,PERSONAL,A,3300,5.4,1,0.05,N,9
37,41900,MORTGAGE,11.3,EDUCATION,A,17900,5.83,0,0.43,N,14
68,45200,OWN,2.7,MEDICAL,E,24600,10.14,0,0.54,N,1
52,47700,MORTGAGE,7.8,PERSONAL,A,7000,8.18,0,0.15,N,9
58,158200,MORTGAGE,4.4,DEBTCONSOLIDATION,B,50000,5.4,0,0.32,N,8
43,86300,RENT,6.5,VENTURE,D,50000,9.47,0,0.58,N,2
43,110000,RENT,8.1,DEBTCONSOLIDATION,D,39600,9.56,1,0.36,Y,5
29,168000,RENT,4.2,EDUCATION,C,46200,7.0,0,0.28,N,2
25,227200,RENT,8.1,HOMEIMPROVEMENT,B,50000,7.26,0,0.22,N,6
28,33600,RENT,3.8,DEBTCONSOLIDATION,A,1800,6.09,0,0.05,N,12
37,28100,MORTGAGE,6.6,EDUCATION,C,18000,8.56,1,0.64,N,15
64,53600,RENT,5.0,MEDICAL,A,9100,7.76,1,0.17,N,6
27,40300,MORTGAGE,7.9,HOMEIMPROVEMENT,A,5300,5.4,0,0.13,N,11
50,47400,OWN,12.1,EDUCATION,A,4000,6.51,0,0.08,Y,10
53,104300,RENT,7.7,DEBTCONSOLIDATION,D,45000,7.89,0,0.43,N,7
66,68300,MORTGAGE,3.1,MEDICAL,B,21500,5.45,0,0.31,N,6
36,44000,RENT,7.3,EDUCATION,A,3000,5.77,0,0.07,N,10
51,124100,MORTGAGE,10.9,MEDICAL,C,50000,7.0,0,0.4,Y,14
60,56800,RENT,5.1,DEBTCONSOLIDATION,A,7100,6.04,0,0.12,N,2
49,111800,OWN,5.7,HOMEIMPROVEMENT,C,38000,9.79,1,0.34,N,2
66,99400,RENT,4.1,DEBTCONSOLIDATION,D,45600,10.38,0,0.46,N,4
52,270000,OWN,12.7,DEBTCONSOLIDATION,A,50000,5.4,0,0.19,N,7
47,126700,RENT,12.5,DEBTCONSOLIDATION,A,6600,6.3,0,0.05,N,5
26,85900,RENT,2.0,HOMEIMPROVEMENT,B,6900,6.72,0,0.08,Y,1
51,66500,MORTGAGE,7.4,MEDICAL,A,5100,7.17,0,0.08,N,9
23,50800,OWN,7.0,HOMEIMPROVEMENT,A,2000,5.4,0,0.04,N,0
66,86100,OWN,11.6,EDUCATION,A,12800,5.4,0,0.15,N,1
51,22400,RENT,3.3,DEBTCONSOLIDATION,E,11800,8.77,0,0.53,N,4
36,68600,MORTGAGE,2.0,DEBTCONSOLIDATION,A,10600,5.5,0,0.15,N,5
33,65100,OWN,7.2,VENTURE,B,8200,6.46,0,0.13,N,2
23,41500,MORTGAGE,3.1,HOMEIMPROVEMENT,A,8300,6.24,0,0.2,N,7
27,52400,RENT,6.2,DEBTCONSOLIDATION,A,3000,8.35,0,0.06,N,11
38,34700,MORTGAGE,8.0,EDUCATION,A,7300,6.6,0,0.21,N,2
36,85400,RENT,18.6,MEDICAL,C,46900,9.1,0,0.55,N,16
41,33800,RENT,10.8,DEBTCONSOLIDATION,D,11700,8.82,0,0.35,Y,8
34,124800,MORTGAGE,5.2,DEBTCONSOLIDATION,A,12100,5.82,0,0.1,N,1
28,39700,RENT,8.9,DEBTCONSOLIDATION,A,5800,5.6,0,0.15,N,7
36,95200,MORTGAGE,7.4,MEDICAL,B,18700,5.62,0,0.2,N,3
53,113900,MORTGAGE,6.5,EDUCATION,D,50000,6.73,1,0.44,N,10
33,42700,MORTGAGE,4.3,DEBTCONSOLIDATION,B,12700,5.97,0,0.3,N,3
24,30900,RENT,4.3,EDUCATION,C,11800,8.66,1,0.38,N,0
49,62300,MORTGAGE,2.0,HOMEIMPROVEMENT,A,8800,6.12,0,0.14,N,15
26,51700,RENT,10.0,MEDICAL,C,23200,6.6,0,0.45,N,10
36,100100,RENT,9.5,PERSONAL,C,50000,8.51,0,0.5,N,6
28,80400,RENT,10.0,PERSONAL,D,43100,7.35,1,0.54,N,3
65,64300,RENT,4.4,DEBTCONSOLIDATION,A,2400,5.6,0,0.04,Y,9
63,96800,OWN,6.6,MEDICAL,C,41300,7.75,0,0.43,N,2
68,148700,RENT,4.4,DEBTCONSOLIDATION,B,50000,8.44,0,0.34,N,6
30,31900,OWN,5.8,DEBTCONSOLIDATION,B,14400,5.6,0,0.45,N,5
37,30800,OWN,8.8,EDUCATION,D,13300,7.27,0,0.43,Y,15
59,74300,OWN,7.4,EDUCATION,C,46100,8.49,1,0.62,N,6
24,27300,MORTGAGE,1.7,MEDICAL,C,13900,8.21,0,0.51,N,6
43,166000,OWN,1.9,EDUCATION,B,50000,8.59,0,0.3,N,7
60,109100,RENT,2.2,DEBTCONSOLIDATION,A,4500,6.79,0,0.04,N,6
55,59700,RENT,5.1,VENTURE,E,30100,9.57,1,0.5,Y,2
43,68500,RENT,8.6,EDUCATION,B,16100,5.4,0,0.24,N,12
57,62200,RENT,8.0,VENTURE,B,22000,7.16,0,0.35,N,7
53,211300,RENT,5.2,HOMEIMPROVEMENT,B,50000,5.4,0,0.24,N,6
44,109400,RENT,4.2,HOMEIMPROVEMENT,A,21900,7.38,0,0.2,N,18
29,45800,MORTGAGE,4.8,VENTURE,D,20600,7.96,0,0.45,Y,4
56,50500,MORTGAGE,21.4,VENTURE,A,8600,5.4,0,0.17,N,4
62,148600,RENT,6.3,EDUCATION,A,50000,5.4,0,0.34,N,14
61,85800,MORTGAGE,3.8,PERSONAL,A,43700,5.4,0,0.51,N,14
47,123400,OWN,8.7,MEDICAL,C,17400,7.83,1,0.14,Y,5
54,171700,MORTGAGE,3.4,DEBTCONSOLIDATION,A,26100,5.9,1,0.15,N,7
39,40100,OWN,3.6,VENTURE,B,10400,7.65,0,0.26,N,17
60,104700,OWN,13.1,EDUCATION,A,13500,7.47,0,0.13,N,5
23,87000,MORTGAGE,7.0,PERSONAL,B,27400,7.84,0,0.31,N,7
29,36100,MORTGAGE,7.2,PERSONAL,C,20300,7.43,1,0.56,N,10
61,105400,MORTGAGE,1.9,PERSONAL,B,31000,6.38,0,0.29,N,3
65,90300,RENT,4.8,MEDICAL,D,14200,8.22,0,0.16,N,3
46,63700,MORTGAGE,10.9,DEBTCONSOLIDATION,B,9900,5.44,0,0.16,Y,7
61,122000,MORTGAGE,0.6,EDUCATION,A,22800,7.0,0,0.19,N,4
59,52700,RENT,3.5,DEBTCONSOLIDATION,C,19900,7.63,0,0.38,N,11
48,39300,OWN,8.6,DEBTCONSOLIDATION,A,10900,7.78,0,0.28,N,8
27,107000,OTHER,2.7,HOMEIMPROVEMENT,B,35600,10.58,0,0.33,N,11
38,47700,RENT,7.3,DEBTCONSOLIDATION,E,25600,12.12,0,0.54,N,1
54,83700,OTHER,4.1,EDUCATION,B,23900,7.05,1,0.29,N,8
57,69500,RENT,2.3,EDUCATION,C,24700,5.81,0,0.36,N,8
47,115600,RENT,1.3,MEDICAL,B,50000,7.85,0,0.43,N,2
65,78800,RENT,13.2,MEDICAL,D,42700,10.14,0,0.54,N,5
66,139900,MORTGAGE,12.7,HOMEIMPROVEMENT,A,8100,8.86,0,0.06,N,9
24,55800,OWN,8.0,HOMEIMPROVEMENT,B,7700,9.39,1,0.14,Y,6
43,61600,RENT,4.4,HOMEIMPROVEMENT,C,20400,8.18,1,0.33,N,6
70,32900,OWN,7.6,PERSONAL,D,19200,6.49,0,0.58,N,5
21,50200,MORTGAGE,5.0,PERSONAL,B,13900,6.71,0,0.28,N,5
51,159900,RENT,5.8,DEBTCONSOLIDATION,A,29400,8.77,0,0.18,N,17
26,18000,MORTGAGE,10.0,HOMEIMPROVEMENT,E,10900,11.94,0,0.61,Y,10
69,121700,RENT,6.2,HOMEIMPROVEMENT,C,47800,5.96,0,0.39,N,5
61,140000,MORTGAGE,1.8,PERSONAL,B,50000,5.95,0,0.36,N,6
50,28100,RENT,0.7,MEDICAL,E,17800,9.6,0,0.63,N,5
27,53600,MORTGAGE,4.9,MEDICAL,A,11100,6.29,0,0.21,N,10
56,212400,RENT,6.7,PERSONAL,A,50000,7.41,1,0.24,N,4
69,104600,RENT,3.1,DEBTCONSOLIDATION,A,7900,5.4,0,0.08,N,7
47,67600,RENT,3.0,EDUCATION,C,13700,7.14,1,0.2,Y,5
53,103200,RENT,3.9,PERSONAL,D,50000,7.23,0,0.48,N,2
40,63300,RENT,10.3,DEBTCONSOLIDATION,A,9700,6.39,0,0.15,N,19
53,59800,RENT,6.5,HOMEIMPROVEMENT,A,9300,8.74,0,0.16,N,14
33,47800,RENT,7.3,MEDICAL,A,1900,5.4,1,0.04,N,6
48,61900,RENT,17.0,DEBTCONSOLIDATION,A,3400,6.97,1,0.05,Y,3
31,72600,RENT,0.6,EDUCATION,E,28300,11.06,0,0.39,Y,3
24,38800,RENT,8.0,EDUCATION,A,6900,5.4,0,0.18,N,8
62,68600,MORTGAGE,3.8,DEBTCONSOLIDATION,D,39900,7.44,0,0.58,N,4
35,58300,MORTGAGE,6.7,MEDICAL,B,16900,9.04,0,0.29,N,3
70,113300,RENT,6.5,HOMEIMPROVEMENT,A,10000,5.56,0,0.09,N,23
35,128900,MORTGAGE,5.3,DEBTCONSOLIDATION,B,50000,5.42,0,0.39,N,8
64,88600,RENT,1.5,EDUCATION,D,37700,10.06,0,0.43,N,8
68,43100,RENT,21.5,PERSONAL,B,9800,5.4,0,0.23,N,4
63,74800,OWN,4.4,HOMEIMPROVEMENT,A,18200,6.09,1,0.24,N,4
57,144100,RENT,15.1,DEBTCONSOLIDATION,A,50000,6.3,0,0.35,N,7
41,66400,MORTGAGE,15.4,HOMEIMPROVEMENT,C,30400,8.87,0,0.46,N,3
24,23900,RENT,7.8,EDUCATION,C,12700,5.88,0,0.53,N,8
44,57200,MORTGAGE,9.8,PERSONAL,A,3100,6.97,0,0.05,N,6
60,202300,RENT,5.0,PERSONAL,C,50000,7.18,0,0.25,N,7
28,90100,MORTGAGE,7.2,MEDICAL,D,43200,10.47,0,0.48,N,7
43,83900,RENT,3.7,PERSONAL,E,48900,8.15,0,0.58,N,6
51,211500,MORTGAGE,4.9,VENTURE,B,50000,9.01,0,0.24,N,5
23,48200,OTHER,5.4,DEBTCONSOLIDATION,C,30700,7.74,0,0.64,N,7
62,177200,RENT,17.4,DEBTCONSOLIDATION,C,50000,6.45,0,0.28,N,3
57,64200,RENT,7.9,MEDICAL,D,21400,9.11,0,0.33,N,4
70,88500,OWN,9.8,VENTURE,B,36000,7.92,1,0.41,N,9
62,66700,MORTGAGE,8.0,HOMEIMPROVEMENT,C,42700,8.18,1,0.64,N,19
69,127700,MORTGAGE,2.0,DEBTCONSOLIDATION,D,48100,9.77,0,0.38,Y,7
32,131500,MORTGAGE,3.0,EDUCATION,A,35000,9.16,0,0.27,N,6
42,48800,MORTGAGE,3.8,VENTURE,E,28700,10.5,1,0.59,N,2
33,36700,MORTGAGE,15.8,DEBTCONSOLIDATION,A,18700,5.95,0,0.51,N,14
40,165900,RENT,1.7,PERSONAL,C,50000,6.35,0,0.3,N,10
66,81100,RENT,6.0,EDUCATION,C,27700,7.32,0,0.34,N,13
39,103600,OWN,2.6,MEDICAL,B,50000,7.82,0,0.48,N,11
44,77200,RENT,3.4,PERSONAL,E,46900,9.07,1,0.61,N,12
68,75000,RENT,3.7,DEBTCONSOLIDATION,A,6100,8.87,0,0.08,N,10
59,74100,MORTGAGE,14.9,MEDICAL,A,30200,6.89,0,0.41,N,6
48,87000,MORTGAGE,3.3,VENTURE,D,40400,8.57,1,0.46,N,12
24,66100,RENT,3.3,MEDICAL,F,38800,9.56,0,0.59,Y,1
32,127800,RENT,1.7,MEDICAL,B,40400,7.26,0,0.32,N,11
34,88900,RENT,17.0,PERSONAL,A,22000,5.4,0,0.25,N,11
57,95700,MORTGAGE,6.5,PERSONAL,B,43900,6.09,0,0.46,N,8
63,179100,RENT,3.2,DEBTCONSOLIDATION,A,21900,6.84,0,0.12,N,3
59,55200,RENT,4.6,MEDICAL,D,29200,7.76,0,0.53,N,2
45,88900,RENT,3.7,MEDICAL,E,48700,10.62,1,0.55,N,3
59,134100,MORTGAGE,4.4,DEBTCONSOLIDATION,A,50000,7.62,0,0.37,N,5
59,62400,RENT,2.7,DEBTCONSOLIDATION,E,25600,10.74,0,0.41,N,4
45,183800,RENT,5.0,DEBTCONSOLIDATION,B,50000,7.39,0,0.27,N,12
22,64000,OWN,4.5,VENTURE,C,26500,8.49,1,0.41,N,2
60,131300,OTHER,8.8,MEDICAL,A,25800,5.4,0,0.2,N,7
68,188500,OWN,7.7,PERSONAL,B,50000,7.0,1,0.27,N,5
67,138300,MORTGAGE,2.6,DEBTCONSOLIDATION,A,5200,6.46,0,0.04,N,2
41,43700,RENT,2.8,DEBTCONSOLIDATION,B,16200,7.04,0,0.37,N,8
21,42600,RENT,5.0,EDUCATION,E,23500,9.14,0,0.55,N,4
31,74100,MORTGAGE,15.0,EDUCATION,B,37700,5.4,0,0.51,N,1
54,102500,MORTGAGE,2.6,VENTURE,C,42200,8.23,0,0.41,N,9
64,105100,OWN,0.9,PERSONAL,A,30100,5.4,0,0.29,N,7
46,76800,RENT,5.6,DEBTCONSOLIDATION,A,7900,5.4,0,0.1,N,2
67,138600,RENT,12.9,EDUCATION,C,50000,8.9,1,0.36,N,4
32,55700,OWN,8.5,PERSONAL,A,4500,9.09,0,0.08,N,5
34,69700,RENT,1.6,PERSONAL,B,20300,6.54,0,0.29,N,1
33,21000,RENT,8.5,VENTURE,A,2900,5.4,0,0.14,N,7
45,71600,MORTGAGE,8.2,PERSONAL,B,32400,7.38,0,0.45,N,4
41,58600,MORTGAGE,10.4,EDUCATION,C,36700,7.4,0,0.63,N,11
24,124800,MORTGAGE,1.9,MEDICAL,A,28600,6.6,0,0.23,N,8
24,103000,OTHER,8.0,MEDICAL,E,40300,10.11,1,0.39,N,2
34,38900,MORTGAGE,5.5,PERSONAL,A,7800,6.39,0,0.2,N,14
53,106300,RENT,11.2,VENTURE,B,25000,9.86,0,0.24,N,13
37,81800,RENT,12.0,DEBTCONSOLIDATION,C,40500,5.4,1,0.5,N,6
32,30700,MORTGAGE,3.6,VENTURE,B,10400,10.07,0,0.34,N,12
69,186100,RENT,18.7,DEBTCONSOLIDATION,A,33500,9.08,0,0.18,N,8
48,72000,RENT,6.7,MEDICAL,F,34200,11.35,0,0.48,Y,7
59,39700,MORTGAGE,3.6,PERSONAL,A,6500,10.24,0,0.16,N,4
28,41600,MORTGAGE,2.5,HOMEIMPROVEMENT,D,22200,7.33,0,0.53,N,1
59,44800,MORTGAGE,5.5,EDUCATION,D,29000,7.95,0,0.65,Y,5
54,87300,RENT,4.6,EDUCATION,B,8700,8.59,1,0.1,Y,9
31,83600,MORTGAGE,10.3,DEBTCONSOLIDATION,C,45000,7.38,0,0.54,N,11
27,35600,MORTGAGE,4.6,DEBTCONSOLIDATION,A,3100,7.51,0,0.09,N,7
53,119000,OWN,8.0,EDUCATION,E,44800,8.41,0,0.38,Y,7
49,26600,OWN,5.9,MEDICAL,A,8200,7.81,0,0.31,N,2
58,173000,MORTGAGE,6.2,EDUCATION,A,50000,6.4,0,0.29,N,17
43,59500,OWN,2.8,MEDICAL,C,28000,10.38,0,0.47,N,7
65,161600,MORTGAGE,8.9,PERSONAL,B,20900,6.91,0,0.13,Y,9
45,103600,RENT,8.3,DEBTCONSOLIDATION,A,16000,5.4,0,0.15,N,8
43,95400,RENT,5.2,MEDICAL,B,23600,7.18,0,0.25,N,13
23,23300,RENT,2.7,VENTURE,E,14700,7.7,0,0.63,N,7
46,62900,MORTGAGE,6.5,EDUCATION,C,35300,9.0,0,0.56,N,5
69,77100,OWN,2.3,EDUCATION,B,22100,6.79,0,0.29,N,3
49,56300,RENT,7.7,HOMEIMPROVEMENT,E,30600,8.07,0,0.54,N,3
56,120900,MORTGAGE,7.4,VENTURE,A,20300,6.68,0,0.17,N,2
56,56200,MORTGAGE,1.4,EDUCATION,A,16000,6.7,0,0.28,N,11
36,162400,RENT,4.7,DEBTCONSOLIDATION,B,50000,5.67,0,0.31,N,4
53,84000,MORTGAGE,3.0,VENTURE,B,11700,5.4,0,0.14,N,1
39,211400,RENT,2.9,DEBTCONSOLIDATION,B,50000,7.14,1,0.24,N,5
30,160200,MORTGAGE,0.9,VENTURE,B,50000,5.4,0,0.31,N,1
21,33200,RENT,5.0,HOMEIMPROVEMENT,B,9200,6.75,1,0.28,N,5
21,134100,RENT,5.0,DEBTCONSOLIDATION,C,50000,5.98,1,0.37,N,2
25,38300,RENT,3.1,PERSONAL,C,9700,7.3,0,0.25,N,6
29,98000,OWN,13.0,DEBTCONSOLIDATION,A,8500,6.08,0,0.09,N,12
42,85200,RENT,7.8,MEDICAL,A,8600,5.4,0,0.1,N,9
21,50600,RENT,4.4,DEBTCONSOLIDATION,A,1800,7.83,0,0.04,N,4
34,132200,RENT,6.0,EDUCATION,B,50000,6.85,0,0.38,N,3
51,82400,RENT,13.9,VENTURE,B,13600,7.3,0,0.17,N,9
28,133000,MORTGAGE,11.4,PERSONAL,B,24200,5.4,0,0.18,N,5
48,68700,MORTGAGE,7.9,DEBTCONSOLIDATION,A,3100,8.08,0,0.05,N,2
33,50700,RENT,3.4,HOMEIMPROVEMENT,C,11600,7.81,0,0.23,Y,14
35,54500,RENT,0.4,HOMEIMPROVEMENT,A,2900,7.23,0,0.05,N,2
45,69500,OWN,5.1,PERSONAL,A,5300,5.4,0,0.08,N,10
47,48700,RENT,15.1,DEBTCONSOLIDATION,C,27300,8.24,0,0.56,N,12
33,21300,RENT,3.1,MEDICAL,B,3500,6.02,0,0.16,N,4
30,35800,RENT,6.1,EDUCATION,B,10100,5.4,0,0.28,N,9
70,48900,RENT,3.3,DEBTCONSOLIDATION,B,7100,7.32,0,0.15,N,6
45,88000,RENT,1.0,DEBTCONSOLIDATION,D,24300,7.27,0,0.28,Y,7
26,72000,RENT,10.0,MEDICAL,A,3800,5.4,0,0.05,N,6
28,129600,MORTGAGE,11.8,EDUCATION,B,49400,7.32,0,0.38,N,6
61,75000,MORTGAGE,1.5,DEBTCONSOLIDATION,B,32500,7.76,0,0.43,N,10
28,110500,RENT,12.0,DEBTCONSOLIDATION,B,50000,7.01,0,0.45,N,5
51,42100,RENT,5.6,MEDICAL,E,22400,10.58,1,0.53,N,8
24,39300,RENT,6.0,DEBTCONSOLIDATION,E,12200,9.37,0,0.31,Y,7
25,100600,RENT,5.0,EDUCATION,B,34200,6.8,1,0.34,N,2
57,104200,MORTGAGE,4.8,HOMEIMPROVEMENT,A,21300,6.96,0,0.2,N,13
44,98000,MORTGAGE,7.5,DEBTCONSOLIDATION,C,26000,6.55,0,0.27,Y,5
27,38200,MORTGAGE,8.5,EDUCATION,B,21500,5.67,0,0.56,N,11
51,95400,OWN,9.4,EDUCATION,C,47400,7.06,0,0.5,N,4
31,53200,OWN,7.0,DEBTCONSOLIDATION,D,28400,7.86,0,0.53,Y,9
52,49100,RENT,11.1,PERSONAL,E,25400,9.25,0,0.52,Y,5
42,70700,OWN,0.8,VENTURE,B,27600,7.32,0,0.39,N,8
30,110300,RENT,8.3,HOMEIMPROVEMENT,E,22200,9.65,0,0.2,Y,3
50,147000,RENT,0.9,EDUCATION,A,50000,6.59,0,0.34,N,0
53,40400,RENT,16.1,DEBTCONSOLIDATION,D,24100,8.44,0,0.6,N,7
55,66300,OWN,4.4,DEBTCONSOLIDATION,D,39200,8.74,0,0.59,N,6
25,77300,RENT,2.1,EDUCATION,C,36700,7.63,0,0.47,N,9
35,73700,OWN,5.6,VENTURE,E,43200,7.57,0,0.59,N,5
45,133600,MORTGAGE,6.9,DEBTCONSOLIDATION,B,50000,6.71,1,0.37,N,11
36,97700,RENT,7.3,MEDICAL,E,42600,9.19,0,0.44,Y,6
33,25700,RENT,16.6,EDUCATION,B,11900,6.94,0,0.46,N,9
42,59400,RENT,3.4,DEBTCONSOLIDATION,D,33800,8.27,0,0.57,N,5
28,43200,MORTGAGE,5.9,MEDICAL,E,19000,9.31,0,0.44,Y,11
33,77100,RENT,5.7,EDUCATION,D,36600,10.16,1,0.47,N,3
63,168000,RENT,6.7,DEBTCONSOLIDATION,A,50000,6.18,0,0.3,N,7
22,123200,MORTGAGE,6.0,MEDICAL,A,34700,5.4,0,0.28,N,6
50,57800,MORTGAGE,2.8,EDUCATION,C,29900,6.21,0,0.52,N,1
40,52500,MORTGAGE,0.3,PERSONAL,B,18200,8.03,1,0.35,N,4
31,74000,MORTGAGE,11.4,DEBTCONSOLIDATION,A,20500,5.63,0,0.28,N,5
28,42100,RENT,12.0,DEBTCONSOLIDATION,A,2600,5.4,0,0.06,N,5
48,85400,RENT,5.4,DEBTCONSOLIDATION,C,12700,7.35,0,0.15,N,2
55,86600,RENT,16.3,EDUCATION,B,42300,7.09,0,0.49,N,5
53,50600,RENT,4.8,HOMEIMPROVEMENT,C,16600,5.85,0,0.33,N,0
68,83000,RENT,2.1,PERSONAL,B,16400,10.23,0,0.2,N,0
47,37100,RENT,14.6,HOMEIMPROVEMENT,D,21200,7.74,1,0.57,N,11
27,113600,OWN,2.0,MEDICAL,B,10900,8.89,0,0.1,Y,11
31,114300,RENT,7.7,DEBTCONSOLIDATION,B,46200,6.06,0,0.4,N,2
60,104200,MORTGAGE,0.8,EDUCATION,A,12900,5.4,0,0.12,N,4
45,70900,OWN,8.6,VENTURE,C,20600,6.52,0,0.29,Y,14
69,186300,RENT,12.8,HOMEIMPROVEMENT,C,50000,5.89,0,0.27,Y,9
58,113600,OWN,2.4,EDUCATION,A,9600,6.85,0,0.08,N,5
41,135400,RENT,2.9,DEBTCONSOLIDATION,B,50000,7.15,0,0.37,N,11
41,28400,OWN,8.0,PERSONAL,C,15500,11.31,0,0.55,N,4
23,56100,OWN,3.7,MEDICAL,C,22100,6.43,0,0.39,N,7
53,69900,OTHER,6.7,VENTURE,F,32500,12.68,0,0.46,Y,4
41,41000,RENT,2.6,EDUCATION,C,18100,5.4,0,0.44,N,6
23,71800,OTHER,7.0,EDUCATION,A,10300,5.91,0,0.14,N,6
62,67300,RENT,3.6,DEBTCONSOLIDATION,D,33700,8.63,0,0.5,N,7
66,49300,RENT,8.4,EDUCATION,C,24800,8.16,0,0.5,N,5
23,102800,RENT,4.0,EDUCATION,C,39500,8.01,1,0.38,N,7
53,64800,MORTGAGE,1.2,MEDICAL,D,26300,10.34,0,0.41,N,4
63,105100,OWN,3.7,EDUCATION,B,49700,5.4,0,0.47,N,14
36,59500,RENT,8.5,MEDICAL,D,28500,7.64,0,0.48,N,6
52,36500,RENT,6.6,HOMEIMPROVEMENT,B,12000,7.34,1,0.33,N,4
47,82200,RENT,5.1,EDUCATION,A,21600,5.8,0,0.26,N,4
51,54300,MORTGAGE,7.6,DEBTCONSOLIDATION,A,9600,6.73,0,0.18,N,9
55,230700,OWN,7.5,DEBTCONSOLIDATION,A,50000,5.4,0,0.22,N,7
26,83200,MORTGAGE,5.7,EDUCATION,A,11800,5.76,0,0.14,N,6
62,91000,MORTGAGE,6.1,DEBTCONSOLIDATION,C,50000,6.66,0,0.55,N,4
55,63100,MORTGAGE,9.1,MEDICAL,B,19100,7.24,0,0.3,N,4
32,83100,RENT,10.1,MEDICAL,B,16400,5.4,0,0.2,N,2
62,156700,OWN,3.7,MEDICAL,B,50000,7.85,1,0.32,N,4
33,65100,RENT,6.7,PERSONAL,A,3500,5.6,0,0.05,N,5
69,78300,RENT,4.8,EDUCATION,B,8400,5.5,0,0.11,Y,8
35,97000,MORTGAGE,5.6,HOMEIMPROVEMENT,A,16000,5.4,0,0.16,N,10
30,115400,MORTGAGE,1.7,EDUCATION,D,50000,8.15,0,0.43,N,5
32,25200,MORTGAGE,7.9,PERSONAL,D,10000,8.75,0,0.4,Y,6
42,74700,MORTGAGE,18.6,PERSONAL,A,18300,5.45,0,0.24,N,9
47,141800,RENT,9.1,PERSONAL,B,35900,5.47,0,0.25,N,9
34,87200,MORTGAGE,5.0,HOMEIMPROVEMENT,A,20100,7.01,0,0.23,N,2
28,52400,MORTGAGE,8.5,DEBTCONSOLIDATION,C,32700,7.25,0,0.62,N,4
61,57000,MORTGAGE,6.0,VENTURE,D,34000,8.1,1,0.6,N,9
57,63800,RENT,10.9,DEBTCONSOLIDATION,A,4800,6.05,0,0.08,N,2
46,174800,RENT,9.4,DEBTCONSOLIDATION,A,50000,7.87,0,0.29,N,9
61,78500,MORTGAGE,5.4,HOMEIMPROVEMENT,A,18200,8.27,0,0.23,N,14
60,65300,MORTGAGE,2.6,HOMEIMPROVEMENT,B,30800,7.49,1,0.47,N,10
60,93700,MORTGAGE,8.7,DEBTCONSOLIDATION,D,49700,8.99,0,0.53,N,3
66,121700,RENT,0.4,MEDICAL,D,50000,9.57,1,0.41,N,6
30,57100,MORTGAGE,2.5,EDUCATION,F,37100,11.14,1,0.65,Y,3
43,168300,RENT,1.7,PERSONAL,A,14300,7.8,0,0.08,N,15
46,70800,OWN,5.3,PERSONAL,C,33200,6.98,1,0.47,N,4
37,50500,RENT,21.0,DEBTCONSOLIDATION,A,10700,8.01,0,0.21,N,15
52,56700,OWN,1.8,DEBTCONSOLIDATION,A,15100,5.55,0,0.27,N,2
68,66800,MORTGAGE,6.1,DEBTCONSOLIDATION,E,40300,8.97,1,0.6,N,7
41,96100,RENT,7.8,PERSONAL,B,24900,5.51,0,0.26,N,1
48,64200,MORTGAGE,0.8,DEBTCONSOLIDATION,D,27000,7.88,0,0.42,Y,0
24,94300,RENT,5.9,PERSONAL,D,42000,7.67,0,0.45,N,5
31,81400,RENT,0.8,VENTURE,E,46000,13.7,0,0.57,Y,10
67,45800,OWN,8.4,DEBTCONSOLIDATION,A,9600,6.42,0,0.21,Y,6
46,44500,RENT,8.5,DEBTCONSOLIDATION,A,8100,5.73,0,0.18,N,2
45,78000,MORTGAGE,7.1,MEDICAL,C,33600,6.96,0,0.43,N,3
48,79800,OWN,4.6,VENTURE,D,50000,7.59,0,0.63,N,2
26,52800,RENT,8.7,MEDICAL,F,31400,11.8,0,0.59,N,2
25,141500,OWN,7.0,EDUCATION,B,50000,7.84,1,0.35,N,5
42,69100,RENT,10.9,HOMEIMPROVEMENT,A,14900,6.78,0,0.22,N,6
28,68200,MORTGAGE,1.9,DEBTCONSOLIDATION,F,29100,9.33,1,0.43,Y,4
35,130300,RENT,4.5,PERSONAL,A,16700,5.4,0,0.13,N,7
32,51400,RENT,15.7,DEBTCONSOLIDATION,B,16600,6.15,0,0.32,Y,12
51,73200,MORTGAGE,4.7,DEBTCONSOLIDATION,C,17800,5.84,0,0.24,Y,1
58,59000,MORTGAGE,5.4,DEBTCONSOLIDATION,A,16700,6.69,1,0.28,N,4
66,127400,OWN,3.5,MEDICAL,C,50000,6.79,0,0.39,N,5
53,106500,RENT,8.2,DEBTCONSOLIDATION,C,41100,7.74,0,0.39,N,4
23,87500,OTHER,3.8,PERSONAL,B,20900,6.13,0,0.24,N,7
63,173700,RENT,0.9,DEBTCONSOLIDATION,B,32800,6.41,0,0.19,N,6
45,43900,RENT,3.7,EDUCATION,B,13400,6.77,0,0.31,N,11
35,22700,RENT,19.0,DEBTCONSOLIDATION,D,8400,6.84,1,0.37,Y,4
39,169400,MORTGAGE,3.2,DEBTCONSOLIDATION,A,50000,5.4,1,0.3,N,2
52,43400,RENT,0.8,VENTURE,B,9800,7.6,0,0.23,N,7
24,70100,OWN,8.0,DEBTCONSOLIDATION,D,38900,7.61,0,0.55,N,8
60,132500,RENT,14.5,HOMEIMPROVEMENT,A,50000,6.32,0,0.38,N,15
24,114500,MORTGAGE,7.2,DEBTCONSOLIDATION,A,4700,6.43,0,0.04,N,6
38,79000,OWN,8.2,MEDICAL,D,40200,9.42,1,0.51,N,9
70,103700,MORTGAGE,5.6,VENTURE,C,26400,10.11,1,0.25,Y,4
58,26900,OWN,1.9,VENTURE,A,7400,6.17,0,0.28,N,4
67,157200,OWN,12.4,HOMEIMPROVEMENT,A,15400,6.09,0,0.1,N,6
43,65900,RENT,1.5,PERSONAL,C,11000,7.39,0,0.17,N,7
42,89100,RENT,6.2,EDUCATION,B,38200,6.5,0,0.43,N,6
69,68200,MORTGAGE,2.5,DEBTCONSOLIDATION,A,13300,5.8,0,0.2,N,6
53,67700,MORTGAGE,1.6,EDUCATION,A,8000,7.59,0,0.12,N,13
26,32700,MORTGAGE,10.0,DEBTCONSOLIDATION,A,6700,6.43,0,0.2,N,7
61,81000,RENT,5.6,PERSONAL,A,6700,6.46,0,0.08,N,15
57,62700,MORTGAGE,7.0,DEBTCONSOLIDATION,E,36700,11.98,1,0.59,N,6
60,111000,MORTGAGE,6.5,MEDICAL,B,42500,6.21,0,0.38,N,6
39,54300,MORTGAGE,3.5,PERSONAL,D,30700,11.06,0,0.57,N,0
30,30200,MORTGAGE,6.4,EDUCATION,A,6000,6.31,0,0.2,N,14
33,76800,RENT,2.2,DEBTCONSOLIDATION,B,7200,6.67,0,0.09,N,17
27,63100,RENT,11.0,DEBTCONSOLIDATION,D,33800,7.82,0,0.54,N,9
44,158700,OWN,11.8,DEBTCONSOLIDATION,B,50000,5.92,0,0.32,N,6
29,68500,MORTGAGE,1.0,MEDICAL,B,7500,7.55,0,0.11,N,1
55,54700,OWN,9.9,DEBTCONSOLIDATION,A,17600,8.04,1,0.32,N,15
51,71600,RENT,2.9,PERSONAL,B,13700,6.52,0,0.19,N,5
54,49700,MORTGAGE,7.2,PERSONAL,C,25900,8.03,1,0.52,N,3
57,108400,OWN,4.1,EDUCATION,A,23500,5.4,0,0.22,N,8
30,104500,MORTGAGE,14.0,PERSONAL,A,26200,7.07,0,0.25,N,8
35,52100,MORTGAGE,13.9,DEBTCONSOLIDATION,B,11800,6.37,0,0.23,N,2
43,110800,RENT,18.0,MEDICAL,D,50000,9.35,1,0.45,Y,5
55,58100,OTHER,2.7,DEBTCONSOLIDATION,A,3900,7.22,0,0.07,N,5
49,91500,MORTGAGE,6.9,PERSONAL,D,50000,7.89,0,0.55,Y,4
34,40500,MORTGAGE,5.4,DEBTCONSOLIDATION,D,21300,9.09,0,0.53,N,7
69,107300,MORTGAGE,3.3,HOMEIMPROVEMENT,A,27200,7.83,0,0.25,N,12
70,146000,MORTGAGE,1.0,PERSONAL,C,37300,6.42,0,0.26,N,3
56,54600,MORTGAGE,25.4,MEDICAL,A,13800,5.4,0,0.25,N,19
48,93800,RENT,8.6,HOMEIMPROVEMENT,A,17100,6.47,0,0.18,N,5
46,42300,RENT,5.6,DEBTCONSOLIDATION,A,8700,7.01,0,0.21,N,10
62,146800,OTHER,10.2,MEDICAL,A,21700,5.4,0,0.15,N,2
32,61000,RENT,5.5,PERSONAL,A,4100,6.01,0,0.07,N,1
49,33100,MORTGAGE,6.8,DEBTCONSOLIDATION,D,19600,8.18,0,0.59,N,7
30,84600,RENT,5.5,MEDICAL,B,24700,8.13,0,0.29,N,5
36,79900,MORTGAGE,5.9,MEDICAL,D,43300,7.19,0,0.54,N,3
69,120500,MORTGAGE,5.2,EDUCATION,A,10500,7.06,0,0.09,N,11
36,50000,RENT,1.8,MEDICAL,B,7700,6.01,0,0.15,N,4
66,54000,MORTGAGE,12.2,DEBTCONSOLIDATION,A,12300,6.35,0,0.23,N,3
36,57000,MORTGAGE,2.1,VENTURE,B,6700,8.28,1,0.12,Y,5
30,47800,RENT,2.9,DEBTCONSOLIDATION,D,28200,10.15,0,0.59,N,6
32,73300,RENT,5.5,EDUCATION,D,47200,8.24,0,0.64,N,6
35,118200,MORTGAGE,1.7,PERSONAL,A,12500,5.69,0,0.11,N,3
50,62500,RENT,16.1,HOMEIMPROVEMENT,A,2900,5.4,0,0.05,N,10
26,49000,RENT,10.0,DEBTCONSOLIDATION,C,27900,7.24,0,0.57,N,7
39,68400,MORTGAGE,11.4,VENTURE,D,35100,7.44,0,0.51,Y,1
35,70100,RENT,5.3,PERSONAL,A,2700,5.76,0,0.04,N,2
54,121200,OWN,4.3,EDUCATION,A,7100,5.4,1,0.06,N,2
68,50300,MORTGAGE,0.7,DEBTCONSOLIDATION,A,12300,6.1,0,0.24,N,9
36,181900,RENT,16.6,DEBTCONSOLIDATION,A,49200,5.53,0,0.27,N,11
40,38100,MORTGAGE,9.0,PERSONAL,C,23700,8.58,0,0.62,N,12
49,74700,RENT,8.9,MEDICAL,A,15100,6.61,0,0.2,N,15
56,41700,RENT,5.2,DEBTCONSOLIDATION,A,14100,5.81,1,0.34,N,14
43,75300,MORTGAGE,3.7,DEBTCONSOLIDATION,A,8000,8.21,0,0.11,N,4
43,50100,RENT,3.2,MEDICAL,C,17600,6.73,0,0.35,N,6
59,93500,RENT,21.5,DEBTCONSOLIDATION,A,5500,5.4,0,0.06,N,8
59,82100,OWN,2.3,MEDICAL,D,47000,8.65,0,0.57,N,8
67,55200,RENT,7.2,MEDICAL,C,27800,7.21,0,0.5,N,13
22,73400,RENT,2.5,HOMEIMPROVEMENT,A,12700,7.26,0,0.17,N,5
25,126900,OTHER,9.0,MEDICAL,D,50000,9.61,0,0.39,N,2
42,79000,MORTGAGE,6.1,HOMEIMPROVEMENT,A,8900,5.58,0,0.11,N,5
33,62900,MORTGAGE,5.3,DEBTCONSOLIDATION,A,7400,5.4,0,0.12,N,2
42,70900,MORTGAGE,2.0,DEBTCONSOLIDATION,B,13300,6.87,0,0.19,N,6
24,52100,MORTGAGE,5.0,DEBTCONSOLIDATION,A,6200,6.97,0,0.12,N,1
28,63900,RENT,3.8,VENTURE,B,30500,5.4,0,0.48,N,11
42,48600,RENT,1.5,DEBTCONSOLIDATION,B,6700,7.14,0,0.14,Y,8
58,61100,RENT,6.8,MEDICAL,D,34100,7.13,1,0.56,N,17
33,52900,OWN,2.9,VENTURE,A,2300,7.59,0,0.04,N,3
45,73100,RENT,5.3,DEBTCONSOLIDATION,B,10600,8.21,0,0.15,N,2
66,56400,MORTGAGE,1.8,DEBTCONSOLIDATION,A,2000,5.5,0,0.04,N,14
25,36400,RENT,7.5,DEBTCONSOLIDATION,E,20900,9.63,0,0.57,N,5
23,71400,OWN,5.9,DEBTCONSOLIDATION,C,19700,6.59,0,0.28,N,2
43,79700,MORTGAGE,7.1,DEBTCONSOLIDATION,D,33900,8.45,0,0.43,Y,7
65,74700,RENT,2.0,PERSONAL,D,23600,7.02,0,0.32,N,9
34,116600,MORTGAGE,4.0,MEDICAL,D,28700,9.72,0,0.25,Y,2
50,76500,RENT,21.4,DEBTCONSOLIDATION,A,28400,5.51,0,0.37,N,4
70,119300,RENT,11.6,DEBTCONSOLIDATION,A,16900,7.82,0,0.14,N,5
42,60800,MORTGAGE,2.5,PERSONAL,E,36800,9.67,1,0.61,N,3
28,65800,MORTGAGE,4.1,DEBTCONSOLIDATION,B,20300,5.9,0,0.31,N,12
27,73700,RENT,4.8,EDUCATION,A,24800,6.29,0,0.34,N,4
30,64900,MORTGAGE,12.8,PERSONAL,A,5800,5.4,0,0.09,N,7
47,41200,RENT,4.6,EDUCATION,A,9400,6.9,0,0.23,N,5
56,148800,RENT,11.2,PERSONAL,B,48200,5.88,0,0.32,N,8
68,82000,MORTGAGE,15.1,HOMEIMPROVEMENT,A,8600,5.4,0,0.1,N,2
59,66600,MORTGAGE,7.4,DEBTCONSOLIDATION,A,9200,7.3,0,0.14,N,6
66,117200,MORTGAGE,7.1,DEBTCONSOLIDATION,B,20200,7.98,1,0.17,N,1
55,94800,RENT,6.7,MEDICAL,D,48500,7.84,0,0.51,N,5
26,73200,RENT,7.8,MEDICAL,A,10000,5.43,0,0.14,N,6
35,77000,MORTGAGE,3.7,PERSONAL,D,27900,8.06,0,0.36,Y,8
27,39800,RENT,1.8,DEBTCONSOLIDATION,C,14400,5.4,1,0.36,N,5
24,36700,OWN,7.1,EDUCATION,A,7700,6.27,0,0.21,Y,5
65,71100,RENT,4.2,MEDICAL,C,21900,7.14,0,0.31,N,4
66,103600,RENT,2.4,MEDICAL,E,50000,11.55,0,0.48,Y,4
37,77000,RENT,3.4,EDUCATION,C,32100,8.3,1,0.42,N,1
48,78500,RENT,9.3,HOMEIMPROVEMENT,F,32400,10.41,0,0.41,Y,3
69,107500,RENT,5.8,PERSONAL,C,47800,5.82,0,0.44,N,2
29,59800,RENT,8.8,PERSONAL,B,30000,5.75,0,0.5,N,6
25,75800,RENT,0.7,PERSONAL,E,38400,10.41,0,0.51,N,6
23,71900,RENT,7.0,MEDICAL,B,16900,6.34,0,0.24,N,7
59,116200,OTHER,13.7,EDUCATION,B,38300,6.42,0,0.33,N,9
44,80900,RENT,4.5,EDUCATION,C,26400,9.26,1,0.33,N,11
47,42600,RENT,16.2,VENTURE,C,16900,9.36,0,0.4,Y,14
22,84700,OWN,6.0,VENTURE,A,19300,5.4,0,0.23,N,3
25,96200,MORTGAGE,9.0,EDUCATION,B,50000,7.03,0,0.52,N,5
68,57700,MORTGAGE,16.6,HOMEIMPROVEMENT,B,26900,6.88,0,0.47,N,4
42,46300,MORTGAGE,11.0,DEBTCONSOLIDATION,B,22000,6.93,0,0.48,N,8
51,64400,RENT,3.3,HOMEIMPROVEMENT,B,27100,7.45,0,0.42,N,12
32,87200,MORTGAGE,5.0,VENTURE,E,41500,8.25,1,0.48,Y,2
43,189100,OWN,11.5,DEBTCONSOLIDATION,A,50000,8.99,0,0.26,N,10
35,80300,RENT,3.8,EDUCATION,E,50000,10.16,1,0.62,N,8
50,120400,OTHER,13.1,MEDICAL,B,29700,5.54,0,0.25,N,4
31,57500,MORTGAGE,4.1,MEDICAL,B,18600,5.42,0,0.32,N,5
41,85500,OWN,5.0,PERSONAL,A,30700,6.07,0,0.36,N,19
32,65400,RENT,6.4,MEDICAL,B,7900,8.67,0,0.12,N,1
33,41000,MORTGAGE,8.1,EDUCATION,B,17700,7.35,0,0.43,N,2
64,70300,MORTGAGE,7.2,VENTURE,B,26100,8.03,0,0.37,N,5
48,76200,RENT,5.4,VENTURE,E,37000,10.55,1,0.49,N,7
24,29900,OTHER,8.0,DEBTCONSOLIDATION,B,10000,6.42,0,0.33,N,4
53,96300,OWN,1.8,HOMEIMPROVEMENT,B,50000,7.52,1,0.52,N,8
40,102200,MORTGAGE,6.5,PERSONAL,A,8500,6.54,0,0.08,N,2
33,59800,OWN,7.3,PERSONAL,C,33500,6.74,0,0.56,N,2
61,64200,MORTGAGE,7.8,HOMEIMPROVEMENT,A,25700,5.54,0,0.4,N,15
42,106400,RENT,3.0,EDUCATION,D,50000,7.74,0,0.47,N,3
31,80700,OTHER,7.7,EDUCATION,C,21000,7.55,1,0.26,N,9
54,126600,RENT,3.2,PERSONAL,A,7600,5.4,0,0.06,N,4
70,68900,MORTGAGE,11.1,HOMEIMPROVEMENT,A,21700,6.34,0,0.31,N,7
69,76900,RENT,2.9,HOMEIMPROVEMENT,C,41700,6.9,0,0.54,N,15
36,59000,RENT,5.0,VENTURE,F,28000,13.17,0,0.47,Y,6
65,98300,OWN,20.6,DEBTCONSOLIDATION,C,50000,8.24,0,0.51,Y,7
23,46300,RENT,4.2,DEBTCONSOLIDATION,B,11100,7.47,0,0.24,N,7
53,40900,RENT,7.0,MEDICAL,C,13600,7.56,0,0.33,Y,3
47,42900,RENT,6.6,VENTURE,E,25300,11.98,0,0.59,N,7
70,73700,RENT,9.0,MEDICAL,E,38800,9.46,0,0.53,N,11
26,105100,RENT,9.8,VENTURE,B,21700,8.52,0,0.21,N,5
66,182500,RENT,1.5,DEBTCONSOLIDATION,A,50000,6.03,0,0.27,N,30
47,71000,RENT,8.2,VENTURE,B,10900,5.4,0,0.15,N,15
46,62300,OWN,10.3,DEBTCONSOLIDATION,B,31000,5.4,1,0.5,N,10
26,39800,RENT,7.5,HOMEIMPROVEMENT,D,20600,7.49,1,0.52,N,8
23,56100,OWN,7.0,VENTURE,A,15200,5.4,0,0.27,N,7
23,102000,RENT,7.0,PERSONAL,B,25100,8.36,0,0.25,Y,7
45,57900,RENT,16.9,EDUCATION,A,13500,5.4,0,0.23,N,10
66,140300,RENT,2.7,PERSONAL,A,31100,5.93,0,0.22,N,4
34,117200,RENT,0.6,PERSONAL,C,50000,9.27,0,0.43,N,5
56,103900,RENT,10.0,MEDICAL,C,50000,6.93,0,0.48,N,4
55,123500,RENT,9.2,HOMEIMPROVEMENT,A,34900,7.36,0,0.28,N,3
64,71900,MORTGAGE,1.4,VENTURE,E,34000,11.88,0,0.47,Y,8
33,110900,OWN,13.0,MEDICAL,B,44300,6.92,0,0.4,N,3
68,45200,RENT,1.9,HOMEIMPROVEMENT,A,5200,5.4,0,0.12,N,10
33,23500,RENT,3.9,VENTURE,F,12400,11.42,1,0.53,Y,5
60,61000,RENT,1.6,DEBTCONSOLIDATION,E,21000,9.6,0,0.34,Y,5
28,52400,RENT,4.1,VENTURE,C,20800,7.91,0,0.4,N,9
28,101300,MORTGAGE,10.1,PERSONAL,A,15400,6.95,0,0.15,Y,3
44,94100,OWN,7.1,DEBTCONSOLIDATION,B,40000,7.22,1,0.43,N,3
64,53800,RENT,6.5,DEBTCONSOLIDATION,D,27500,7.96,0,0.51,N,3
53,80900,MORTGAGE,10.5,HOMEIMPROVEMENT,B,26500,7.17,0,0.33,N,2
29,44900,RENT,4.5,PERSONAL,B,7700,7.13,0,0.17,N,6
32,53600,MORTGAGE,8.8,MEDICAL,B,22400,9.58,0,0.42,N,4
21,54000,RENT,4.7,EDUCATION,C,17700,7.75,1,0.33,N,4
30,61400,RENT,4.7,PERSONAL,C,21300,9.18,0,0.35,N,3
57,134800,MORTGAGE,7.0,EDUCATION,C,50000,7.54,0,0.37,N,6
64,84300,OWN,1.7,MEDICAL,D,48600,6.85,0,0.58,N,17
41,53200,OWN,7.6,MEDICAL,A,7500,6.64,0,0.14,N,4
65,73400,OWN,17.7,MEDICAL,B,3600,7.67,0,0.05,Y,5
56,109100,OWN,1.4,DEBTCONSOLIDATION,A,12600,6.28,0,0.12,N,18
27,76500,RENT,6.3,HOMEIMPROVEMENT,E,47100,10.72,0,0.62,N,4
36,70800,RENT,9.5,PERSONAL,F,41600,9.65,1,0.59,Y,6
51,62000,OTHER,11.8,EDUCATION,A,26000,5.4,0,0.42,N,12
48,119900,RENT,5.8,PERSONAL,A,15900,7.61,1,0.13,N,13
60,55600,MORTGAGE,3.4,VENTURE,C,14900,7.79,0,0.27,N,1
41,147500,RENT,9.9,VENTURE,B,50000,7.4,0,0.34,N,6
62,40900,OWN,17.2,VENTURE,B,20800,8.49,0,0.51,N,1
57,98200,MORTGAGE,1.5,HOMEIMPROVEMENT,A,8100,7.21,0,0.08,N,8
28,32500,MORTGAGE,2.9,PERSONAL,E,13100,8.21,0,0.4,Y,3
63,44000,MORTGAGE,6.0,EDUCATION,C,28600,8.54,0,0.65,N,5
48,88400,RENT,23.5,DEBTCONSOLIDATION,A,26800,5.9,0,0.3,N,4
50,37800,MORTGAGE,3.3,MEDICAL,A,5700,5.4,0,0.15,N,10
55,112100,RENT,11.8,EDUCATION,B,33300,7.61,1,0.3,N,17
40,99700,RENT,3.9,MEDICAL,B,5800,10.46,0,0.06,N,15
69,60300,MORTGAGE,10.4,VENTURE,A,16700,5.4,0,0.28,N,3
33,50900,MORTGAGE,5.7,EDUCATION,A,10300,6.33,0,0.2,N,17
43,101000,MORTGAGE,5.6,VENTURE,B,43900,6.36,0,0.43,N,15
27,102600,RENT,2.7,PERSONAL,C,15000,8.11,0,0.15,Y,2
66,53100,RENT,1.3,HOMEIMPROVEMENT,E,30600,10.95,0,0.58,N,4
49,85400,MORTGAGE,0.7,DEBTCONSOLIDATION,D,48000,8.2,0,0.56,N,7
62,88800,MORTGAGE,17.2,DEBTCONSOLIDATION,A,32100,6.35,0,0.36,N,14
32,90800,RENT,10.6,PERSONAL,D,50000,7.59,0,0.55,Y,11
48,74800,RENT,7.2,VENTURE,D,30600,7.56,0,0.41,N,8
24,72800,MORTGAGE,3.9,EDUCATION,A,3600,5.83,0,0.05,N,5
30,49400,RENT,7.0,HOMEIMPROVEMENT,A,13900,6.9,0,0.28,N,9
21,81200,MORTGAGE,5.0,DEBTCONSOLIDATION,F,49800,15.12,0,0.61,Y,3
70,39200,OWN,4.9,VENTURE,A,4900,6.04,0,0.12,N,6
49,162200,OTHER,3.7,MEDICAL,A,10600,7.24,1,0.07,N,4
60,45700,RENT,2.3,PERSONAL,C,15600,7.09,1,0.34,N,4
69,148800,MORTGAGE,8.0,MEDICAL,D,50000,6.83,0,0.34,Y,6
61,218700,OWN,10.6,DEBTCONSOLIDATION,A,13700,5.4,0,0.06,N,9
39,31500,OWN,3.7,HOMEIMPROVEMENT,C,9200,6.71,0,0.29,N,1
68,32800,RENT,3.4,MEDICAL,F,19200,12.7,1,0.59,N,3
32,35300,MORTGAGE,10.1,PERSONAL,A,14600,8.58,0,0.41,N,11
66,31800,OWN,7.0,PERSONAL,D,18000,7.71,0,0.57,N,7
47,99200,RENT,9.1,DEBTCONSOLIDATION,A,20100,8.41,0,0.2,N,5
43,193000,MORTGAGE,15.0,HOMEIMPROVEMENT,A,50000,5.4,0,0.26,N,16
41,48800,RENT,3.6,HOMEIMPROVEMENT,D,28500,8.25,1,0.58,N,2
44,63400,RENT,1.8,DEBTCONSOLIDATION,F,34100,12.39,1,0.54,N,3
42,97000,RENT,2.7,MEDICAL,D,40800,7.04,0,0.42,N,7
35,179200,MORTGAGE,10.5,VENTURE,D,45200,7.84,1,0.25,Y,3
22,58700,OWN,4.6,VENTURE,A,6700,5.62,0,0.11,N,6
41,41700,MORTGAGE,18.0,DEBTCONSOLIDATION,A,9200,6.81,0,0.22,N,1
54,79500,MORTGAGE,2.2,PERSONAL,C,35000,8.88,0,0.44,N,5
27,34800,RENT,5.1,EDUCATION,E,18400,11.75,0,0.53,N,4
41,81500,OWN,6.0,DEBTCONSOLIDATION,A,4800,7.69,0,0.06,N,4
36,76200,RENT,20.0,PERSONAL,E,48500,9.06,1,0.64,N,2
49,71800,RENT,9.5,DEBTCONSOLIDATION,A,19200,6.5,0,0.27,N,5
67,100500,RENT,6.3,MEDICAL,C,25600,6.14,0,0.25,N,2
46,133000,OWN,5.0,EDUCATION,A,21900,5.4,0,0.16,N,5
45,105400,OTHER,6.7,PERSONAL,A,23100,5.4,0,0.22,N,5
59,78600,MORTGAGE,8.4,DEBTCONSOLIDATION,C,32000,8.12,0,0.41,N,1
27,40100,RENT,2.8,HOMEIMPROVEMENT,A,9700,7.09,0,0.24,N,7
69,42800,MORTGAGE,1.3,VENTURE,E,12700,8.94,0,0.3,Y,2
63,35000,MORTGAGE,14.0,MEDICAL,C,15100,8.07,0,0.43,N,3
21,45700,RENT,5.0,VENTURE,B,6400,7.62,0,0.14,N,3
38,128600,RENT,10.0,HOMEIMPROVEMENT,B,14900,7.1,0,0.12,N,2
29,31800,RENT,1.9,DEBTCONSOLIDATION,C,12600,7.69,0,0.4,N,3
68,37500,MORTGAGE,8.5,VENTURE,A,5100,5.7,0,0.14,N,18
52,149300,MORTGAGE,4.5,DEBTCONSOLIDATION,A,15500,7.28,0,0.1,N,1
34,84600,RENT,7.5,VENTURE,D,39700,8.46,0,0.47,N,5
23,108500,MORTGAGE,7.0,DEBTCONSOLIDATION,B,34400,7.56,0,0.32,N,7
42,83400,RENT,3.2,VENTURE,C,41600,10.98,0,0.5,N,10
55,72900,RENT,3.7,PERSONAL,E,33300,8.57,1,0.46,Y,3
56,83800,RENT,1.7,EDUCATION,D,25600,7.17,0,0.31,Y,10
52,63500,RENT,12.7,PERSONAL,A,5500,5.4,0,0.09,N,11
51,53800,MORTGAGE,5.7,PERSONAL,A,4200,5.44,0,0.08,N,5
44,73600,RENT,8.7,VENTURE,B,10100,7.76,1,0.14,Y,7
49,125600,RENT,1.0,PERSONAL,C,34900,7.26,0,0.28,N,1
36,66800,MORTGAGE,11.5,PERSONAL,A,12700,5.4,0,0.19,N,13
56,80600,MORTGAGE,9.6,EDUCATION,A,30200,7.12,0,0.37,N,6
61,85800,RENT,5.2,PERSONAL,D,33200,8.04,0,0.39,Y,10
57,350000,MORTGAGE,6.9,VENTURE,A,50000,5.4,0,0.14,N,6
62,33000,MORTGAGE,12.3,EDUCATION,C,14300,6.56,0,0.43,N,7
37,106500,OWN,8.6,PERSONAL,C,32300,11.12,0,0.3,N,8
26,65200,RENT,6.8,DEBTCONSOLIDATION,B,28500,6.83,0,0.44,N,1
37,83600,MORTGAGE,1.9,DEBTCONSOLIDATION,C,13600,6.3,1,0.16,Y,9
29,55100,RENT,10.5,HOMEIMPROVEMENT,E,25000,7.05,0,0.45,Y,4
30,146700,MORTGAGE,10.9,PERSONAL,A,32800,6.25,0,0.22,N,6
70,70000,OWN,4.4,EDUCATION,A,21500,7.92,1,0.31,N,11
46,49300,MORTGAGE,3.6,EDUCATION,F,29500,13.46,1,0.6,Y,4
38,61900,RENT,17.9,PERSONAL,A,21500,6.35,0,0.35,N,10
22,74200,RENT,1.5,EDUCATION,D,35600,10.53,0,0.48,N,6
40,85300,RENT,15.3,PERSONAL,A,24600,5.4,0,0.29,N,3
24,56500,OTHER,8.0,DEBTCONSOLIDATION,F,28600,12.26,1,0.51,Y,5
35,94400,RENT,1.7,MEDICAL,D,50000,8.49,1,0.53,N,3
26,56500,RENT,4.0,DEBTCONSOLIDATION,D,25700,9.59,0,0.45,N,6
29,63300,RENT,2.8,EDUCATION,B,2900,5.6,0,0.05,N,7
28,50700,MORTGAGE,6.1,VENTURE,C,20000,7.01,0,0.39,N,9
21,66500,OWN,5.0,DEBTCONSOLIDATION,A,7400,5.4,0,0.11,N,5
29,33300,RENT,8.1,EDUCATION,A,5100,6.49,0,0.15,N,8
50,89900,MORTGAGE,7.9,MEDICAL,D,17500,10.69,0,0.19,Y,5
36,46700,MORTGAGE,4.4,DEBTCONSOLIDATION,E,25400,11.43,1,0.54,N,3
30,41400,MORTGAGE,9.3,MEDICAL,D,23600,9.44,0,0.57,N,5
26,49500,RENT,2.0,EDUCATION,C,19100,8.5,1,0.39,N,10
34,57300,RENT,4.3,EDUCATION,F,28700,8.49,1,0.5,Y,0
45,159600,OWN,10.1,MEDICAL,B,50000,8.35,0,0.31,N,4
49,59400,MORTGAGE,12.6,DEBTCONSOLIDATION,A,4200,6.38,0,0.07,N,2
22,55000,RENT,4.0,DEBTCONSOLIDATION,D,23800,6.37,0,0.43,Y,6
25,61600,OWN,3.6,DEBTCONSOLIDATION,C,32800,8.61,0,0.53,N,9
70,83900,OWN,6.6,EDUCATION,C,50000,8.29,0,0.6,N,1
23,49300,RENT,5.7,DEBTCONSOLIDATION,F,29800,10.63,1,0.6,N,7
59,77000,OWN,3.8,DEBTCONSOLIDATION,D,46800,7.95,1,0.61,N,12
44,57700,RENT,6.7,DEBTCONSOLIDATION,B,18800,6.98,0,0.33,N,5
21,45900,OTHER,5.0,DEBTCONSOLIDATION,D,16500,7.38,1,0.36,Y,2
27,53500,RENT,3.6,MEDICAL,E,31700,9.09,1,0.59,N,3
41,61800,MORTGAGE,4.0,PERSONAL,E,37700,12.25,0,0.61,Y,7
50,48200,RENT,1.9,DEBTCONSOLIDATION,E,17600,12.41,0,0.37,Y,7
45,41600,MORTGAGE,1.3,MEDICAL,D,21600,11.26,0,0.52,N,5
37,71500,MORTGAGE,5.9,PERSONAL,A,18900,5.4,0,0.26,N,15
37,135400,MORTGAGE,14.9,VENTURE,A,50000,5.58,0,0.37,N,11
48,83500,RENT,4.6,EDUCATION,F,50000,11.64,0,0.6,Y,4
55,135600,RENT,14.3,PERSONAL,A,50000,6.82,0,0.37,N,4
58,133000,RENT,0.6,EDUCATION,E,50000,8.72,0,0.38,Y,11
40,83600,RENT,3.3,HOMEIMPROVEMENT,D,44000,11.87,0,0.53,N,3
53,76300,RENT,6.5,PERSONAL,C,44200,6.75,0,0.58,N,9
47,85200,MORTGAGE,5.4,DEBTCONSOLIDATION,B,25100,8.99,0,0.29,N,6
62,169800,RENT,12.8,MEDICAL,C,50000,6.94,0,0.29,N,12
49,140400,RENT,10.4,MEDICAL,C,50000,8.18,0,0.36,N,13
40,82800,RENT,2.1,VENTURE,D,36800,8.67,0,0.44,N,4
68,157800,RENT,1.7,DEBTCONSOLIDATION,B,48500,7.45,0,0.31,N,2
50,69900,MORTGAGE,5.6,MEDICAL,F,42700,6.69,1,0.61,N,4
67,187600,MORTGAGE,13.4,PERSONAL,A,29700,5.73,0,0.16,Y,4
46,78900,OWN,17.1,VENTURE,A,10500,5.87,0,0.13,N,4
25,80200,RENT,8.2,MEDICAL,A,17900,5.4,0,0.22,N,7
65,58200,RENT,2.6,EDUCATION,F,36900,11.36,1,0.63,Y,9
60,85400,MORTGAGE,6.1,PERSONAL,F,50000,11.87,0,0.59,Y,5
57,45300,MORTGAGE,13.1,MEDICAL,C,24500,7.02,0,0.54,N,6
23,114000,RENT,7.0,HOMEIMPROVEMENT,C,34100,5.98,0,0.3,N,7
65,40000,OWN,4.7,HOMEIMPROVEMENT,A,9600,7.42,0,0.24,N,9
46,80000,RENT,0.6,VENTURE,D,47200,8.73,0,0.59,N,9
69,67300,RENT,11.6,MEDICAL,C,31600,9.13,0,0.47,N,7
29,36900,RENT,3.9,EDUCATION,B,13400,6.7,0,0.36,N,4
36,69800,RENT,8.6,VENTURE,E,40700,8.31,0,0.58,N,1
54,135300,OWN,4.4,DEBTCONSOLIDATION,A,16000,5.84,0,0.12,N,9
36,59900,MORTGAGE,0.6,PERSONAL,B,16400,6.39,0,0.27,N,4
22,64900,MORTGAGE,6.0,DEBTCONSOLIDATION,B,25900,5.4,0,0.4,N,6
66,89300,OWN,7.4,DEBTCONSOLIDATION,A,7600,6.52,0,0.09,Y,7
61,85800,RENT,9.6,HOMEIMPROVEMENT,B,26900,9.96,1,0.31,N,4
37,42400,RENT,5.5,VENTURE,B,9000,6.07,0,0.21,N,2
70,229300,RENT,1.7,EDUCATION,B,50000,6.59,0,0.22,N,8
54,248400,MORTGAGE,2.8,MEDICAL,B,27200,7.4,0,0.11,N,6
41,118400,RENT,17.2,PERSONAL,A,7900,7.47,0,0.07,N,7
45,56800,MORTGAGE,5.4,VENTURE,B,11700,5.61,0,0.21,N,7
24,118700,RENT,2.6,EDUCATION,D,50000,8.15,0,0.42,N,2
43,82600,RENT,3.1,MEDICAL,D,38500,9.14,0,0.47,N,3
37,38800,RENT,1.2,DEBTCONSOLIDATION,D,13700,8.25,0,0.35,Y,4
26,49500,RENT,5.0,PERSONAL,C,19000,7.19,0,0.38,N,2
44,139200,RENT,1.5,MEDICAL,C,50000,7.79,0,0.36,N,5
63,69800,MORTGAGE,12.7,DEBTCONSOLIDATION,C,3000,6.72,0,0.04,Y,3
68,179900,MORTGAGE,8.7,EDUCATION,B,38200,5.4,0,0.21,N,10
67,46900,MORTGAGE,2.4,DEBTCONSOLIDATION,B,8700,5.4,0,0.19,Y,5
21,63400,RENT,5.0,DEBTCONSOLIDATION,A,5900,8.09,0,0.09,N,5
40,94100,MORTGAGE,6.2,PERSONAL,D,50000,10.49,0,0.53,N,10
48,35500,RENT,3.9,DEBTCONSOLIDATION,D,22100,9.45,0,0.62,N,23
32,61000,RENT,9.7,EDUCATION,B,10900,6.92,1,0.18,N,5
30,33300,MORTGAGE,9.3,PERSONAL,A,4400,5.4,0,0.13,N,6
65,81400,RENT,4.2,HOMEIMPROVEMENT,C,23100,8.16,0,0.28,Y,18
45,26400,MORTGAGE,3.1,PERSONAL,A,1700,5.4,0,0.06,N,8
33,90800,OWN,3.9,DEBTCONSOLIDATION,A,7600,6.36,0,0.08,N,1
60,73300,RENT,10.5,PERSONAL,E,47200,13.31,0,0.64,N,6
59,36500,RENT,1.8,EDUCATION,B,8200,6.52,0,0.22,N,7
40,41500,RENT,2.9,PERSONAL,C,14600,5.61,0,0.35,N,11
30,75700,RENT,10.8,EDUCATION,C,44600,9.99,0,0.59,N,11
40,93800,RENT,7.6,HOMEIMPROVEMENT,E,35300,8.33,0,0.38,Y,6
57,145300,OTHER,2.9,MEDICAL,B,10500,5.54,0,0.07,N,12
42,83400,RENT,6.8,PERSONAL,A,10200,7.49,0,0.12,N,7
68,87400,RENT,8.2,MEDICAL,B,24500,6.49,0,0.28,N,2
61,124800,OWN,10.7,HOMEIMPROVEMENT,B,47400,5.4,0,0.38,N,8
28,94300,RENT,1.6,PERSONAL,C,28400,7.17,0,0.3,N,4
47,51100,MORTGAGE,2.6,EDUCATION,A,11700,5.98,0,0.23,N,16
57,52500,OTHER,6.1,DEBTCONSOLIDATION,A,2900,8.02,0,0.06,N,7
51,54700,RENT,6.7,EDUCATION,B,14200,6.29,1,0.26,N,1
42,103700,MORTGAGE,8.4,DEBTCONSOLIDATION,B,50000,6.74,0,0.48,N,4
70,55600,RENT,10.3,DEBTCONSOLIDATION,A,3600,6.77,0,0.06,N,8
65,57400,RENT,2.6,VENTURE,B,4200,6.94,0,0.07,Y,1
70,90800,RENT,11.3,PERSONAL,A,19100,7.49,0,0.21,N,13
56,72700,MORTGAGE,4.5,DEBTCONSOLIDATION,A,17900,7.14,0,0.25,N,1
45,112600,OWN,3.6,VENTURE,A,6500,7.02,0,0.06,N,4
35,111800,RENT,6.2,VENTURE,C,50000,9.14,0,0.45,N,3
53,74800,RENT,11.3,VENTURE,A,6000,7.38,0,0.08,N,6
54,47400,RENT,6.5,HOMEIMPROVEMENT,C,27700,9.81,1,0.58,N,7
28,42700,RENT,7.1,EDUCATION,D,22500,6.52,0,0.53,N,4
27,86600,RENT,7.8,MEDICAL,C,3400,5.4,0,0.04,Y,5
33,83300,RENT,5.3,DEBTCONSOLIDATION,D,38700,9.55,0,0.46,N,2
60,138700,RENT,1.5,EDUCATION,C,50000,7.39,0,0.36,N,3
28,87400,RENT,7.1,DEBTCONSOLIDATION,C,23600,6.9,0,0.27,Y,12
58,113000,RENT,4.7,PERSONAL,B,32000,6.0,0,0.28,N,4
22,51700,RENT,2.8,PERSONAL,A,3700,5.96,0,0.07,N,6
39,55900,RENT,3.0,VENTURE,F,28200,13.48,1,0.5,Y,3
47,37300,OWN,11.2,MEDICAL,A,5300,7.61,0,0.14,N,12
49,166200,RENT,3.7,DEBTCONSOLIDATION,B,50000,8.6,0,0.3,N,4
48,109000,RENT,13.1,PERSONAL,A,12500,5.4,0,0.11,N,14
61,105800,RENT,3.2,EDUCATION,D,50000,7.14,0,0.47,N,4
67,89200,MORTGAGE,5.4,PERSONAL,B,50000,8.59,0,0.56,N,8
32,102200,RENT,11.1,HOMEIMPROVEMENT,B,39000,5.4,0,0.38,N,6
39,45900,RENT,20.3,MEDICAL,B,25500,9.04,1,0.56,N,6
61,55600,RENT,17.3,PERSONAL,C,31100,10.69,0,0.56,N,3
26,89500,RENT,4.4,MEDICAL,A,3200,6.67,0,0.04,N,8
56,114700,RENT,1.5,DEBTCONSOLIDATION,E,50000,11.07,1,0.44,Y,4
30,119700,MORTGAGE,7.8,MEDICAL,B,50000,8.51,0,0.42,N,4
65,180400,RENT,1.5,DEBTCONSOLIDATION,C,50000,6.88,1,0.28,N,2
69,51200,MORTGAGE,5.9,EDUCATION,A,3500,6.9,0,0.07,N,17
23,92700,MORTGAGE,2.8,VENTURE,E,50000,7.89,0,0.54,N,7
44,99800,MORTGAGE,7.8,VENTURE,B,26700,6.93,1,0.27,N,5
67,122800,OWN,1.5,DEBTCONSOLIDATION,B,50000,6.07,0,0.41,N,7
63,137300,RENT,2.8,PERSONAL,A,17600,6.06,0,0.13,N,4
21,116300,MORTGAGE,3.4,HOMEIMPROVEMENT,B,39800,5.4,0,0.34,N,5
33,60800,RENT,6.2,DEBTCONSOLIDATION,C,26500,8.8,0,0.44,N,12
48,29400,RENT,12.5,MEDICAL,D,7000,8.39,1,0.24,Y,10
34,45000,MORTGAGE,8.3,VENTURE,B,23800,5.4,0,0.53,N,8
50,79600,MORTGAGE,1.7,HOMEIMPROVEMENT,B,25000,5.4,0,0.31,N,5
70,108000,RENT,4.7,DEBTCONSOLIDATION,A,13100,5.4,0,0.12,N,3
67,160100,OWN,5.8,MEDICAL,B,50000,6.89,0,0.31,N,5
50,110300,MORTGAGE,5.3,HOMEIMPROVEMENT,A,31300,6.88,0,0.28,N,6
55,75100,MORTGAGE,6.7,DEBTCONSOLIDATION,A,19100,5.64,0,0.25,N,4
45,90400,RENT,12.2,DEBTCONSOLIDATION,A,24100,7.18,0,0.27,N,9
28,46200,MORTGAGE,12.0,HOMEIMPROVEMENT,A,13200,5.4,0,0.29,N,12
69,89800,RENT,8.1,PERSONAL,C,13900,6.97,1,0.15,Y,2
23,21100,MORTGAGE,7.0,DEBTCONSOLIDATION,B,7500,7.05,0,0.36,N,2
45,61100,OWN,15.7,DEBTCONSOLIDATION,D,38400,8.42,0,0.63,N,5
45,87500,RENT,6.0,DEBTCONSOLIDATION,A,14900,5.59,0,0.17,N,5
34,53900,OTHER,3.8,EDUCATION,A,6900,7.12,0,0.13,N,6
25,49600,MORTGAGE,9.0,DEBTCONSOLIDATION,F,31900,10.81,0,0.64,Y,6
52,46000,RENT,13.5,HOMEIMPROVEMENT,A,10500,5.4,0,0.23,N,6
30,108700,RENT,7.4,DEBTCONSOLIDATION,A,11300,5.69,0,0.1,N,7
64,83700,RENT,5.4,EDUCATION,B,26300,6.57,1,0.31,N,3
26,79900,MORTGAGE,10.0,DEBTCONSOLIDATION,A,16700,6.39,0,0.21,N,1
45,93200,OWN,1.1,DEBTCONSOLIDATION,D,50000,9.04,0,0.54,N,8
27,22200,MORTGAGE,6.3,HOMEIMPROVEMENT,B,10000,6.17,0,0.45,N,7
40,208300,OWN,14.4,DEBTCONSOLIDATION,A,50000,8.04,0,0.24,N,2
31,69100,MORTGAGE,9.8,DEBTCONSOLIDATION,D,44700,7.18,0,0.65,N,9
37,73700,OWN,1.1,MEDICAL,C,16800,7.97,1,0.23,Y,10
30,89900,MORTGAGE,8.2,DEBTCONSOLIDATION,A,7600,6.7,0,0.08,N,4
48,109400,RENT,2.1,HOMEIMPROVEMENT,B,7300,5.4,0,0.07,N,4
58,56400,MORTGAGE,0.9,DEBTCONSOLIDATION,A,13900,6.15,0,0.25,N,11
38,97200,MORTGAGE,8.5,MEDICAL,A,11500,5.4,0,0.12,N,4
60,68500,OWN,23.7,MEDICAL,B,4500,7.45,0,0.07,Y,4
26,74600,OWN,1.9,PERSONAL,C,29900,7.12,0,0.4,N,8
49,109400,MORTGAGE,1.5,EDUCATION,E,50000,12.91,1,0.46,Y,5
51,96000,RENT,9.0,DEBTCONSOLIDATION,A,28600,5.4,0,0.3,N,5
23,48100,RENT,3.4,PERSONAL,E,24700,7.23,1,0.51,N,7
58,209600,MORTGAGE,2.9,DEBTCONSOLIDATION,B,50000,5.81,0,0.24,N,15
35,83400,MORTGAGE,2.1,DEBTCONSOLIDATION,A,14400,8.48,0,0.17,N,5
35,240400,OWN,0.7,EDUCATION,B,50000,8.99,0,0.21,Y,8
47,55400,MORTGAGE,2.1,MEDICAL,A,9400,5.4,0,0.17,N,2
32,209500,MORTGAGE,14.3,MEDICAL,B,50000,7.93,0,0.24,N,9
24,92700,MORTGAGE,8.0,DEBTCONSOLIDATION,A,15600,8.02,0,0.17,N,6
28,32100,OWN,1.9,MEDICAL,B,12500,6.54,0,0.39,N,12
64,83900,RENT,5.0,DEBTCONSOLIDATION,B,24700,6.77,0,0.29,N,7
64,39600,RENT,6.5,VENTURE,C,13500,8.08,0,0.34,N,4
52,22500,MORTGAGE,11.0,PERSONAL,B,9400,8.27,0,0.42,N,18
38,87300,MORTGAGE,7.9,HOMEIMPROVEMENT,A,32500,5.47,0,0.37,N,8
62,86200,MORTGAGE,5.5,HOMEIMPROVEMENT,A,19700,7.09,0,0.23,N,1
55,130400,MORTGAGE,1.5,HOMEIMPROVEMENT,B,43000,8.74,0,0.33,N,1
30,94400,RENT,4.6,MEDICAL,A,8000,6.96,0,0.08,N,10
32,94900,RENT,4.5,DEBTCONSOLIDATION,B,5300,6.31,0,0.06,Y,1
51,43800,MORTGAGE,18.9,PERSONAL,B,13700,6.71,0,0.31,Y,3
58,104300,OWN,11.1,DEBTCONSOLIDATION,B,39900,7.87,1,0.38,N,2
23,49800,MORTGAGE,7.0,EDUCATION,C,25000,5.4,1,0.5,N,5
51,68200,MORTGAGE,3.3,VENTURE,B,23500,8.26,0,0.34,N,6
21,61900,OWN,4.6,MEDICAL,A,13000,5.4,0,0.21,N,5
46,87800,OWN,2.1,PERSONAL,D,50000,9.18,0,0.57,N,3
65,113000,RENT,4.1,PERSONAL,D,50000,7.74,0,0.44,N,5
21,35300,OTHER,3.9,MEDICAL,F,14100,12.8,1,0.4,Y,5
37,49100,RENT,16.5,EDUCATION,A,7700,5.4,0,0.16,N,4
22,66800,OWN,3.6,PERSONAL,C,36400,7.27,0,0.54,N,6
55,70000,MORTGAGE,12.2,DEBTCONSOLIDATION,C,44100,10.14,1,0.63,N,3
32,43200,RENT,1.9,VENTURE,B,14700,8.01,0,0.34,N,6
68,81200,MORTGAGE,5.0,EDUCATION,C,31100,5.79,0,0.38,N,7
25,151600,RENT,2.2,HOMEIMPROVEMENT,C,48000,6.56,0,0.32,N,6
34,28600,MORTGAGE,5.2,HOMEIMPROVEMENT,A,5800,5.4,0,0.2,N,6
27,58700,RENT,1.8,DEBTCONSOLIDATION,E,37900,9.91,0,0.65,N,2
24,51700,MORTGAGE,5.0,DEBTCONSOLIDATION,C,12700,7.07,0,0.25,N,2
56,160600,RENT,11.7,DEBTCONSOLIDATION,B,47700,6.29,1,0.3,N,3
54,95100,MORTGAGE,9.1,VENTURE,B,41100,6.06,0,0.43,N,11
68,101800,RENT,6.2,PERSONAL,A,23300,5.9,0,0.23,N,7
67,159400,RENT,1.9,DEBTCONSOLIDATION,C,50000,8.56,0,0.31,N,3
43,81700,MORTGAGE,3.1,VENTURE,B,6300,5.4,0,0.08,Y,11
41,77100,RENT,2.1,MEDICAL,C,17300,8.04,1,0.22,N,3
23,68200,RENT,7.0,EDUCATION,C,24600,6.01,1,0.36,N,3
31,63300,RENT,6.0,EDUCATION,A,6700,5.4,0,0.11,N,5
36,144900,OTHER,4.2,EDUCATION,C,50000,8.28,0,0.35,N,3
66,146800,RENT,22.1,MEDICAL,A,7700,7.83,0,0.05,N,2
43,84100,MORTGAGE,4.4,PERSONAL,A,11200,6.37,0,0.13,N,9
49,91200,MORTGAGE,22.1,MEDICAL,A,13600,6.69,0,0.15,N,6
66,96000,MORTGAGE,13.4,DEBTCONSOLIDATION,B,14000,5.4,0,0.15,Y,9
30,112800,OWN,3.6,DEBTCONSOLIDATION,C,43100,6.09,0,0.38,N,5
35,50800,OWN,10.8,DEBTCONSOLIDATION,C,21700,8.21,0,0.43,N,8
21,45700,MORTGAGE,5.0,DEBTCONSOLIDATION,A,6100,5.4,1,0.13,N,1
23,120700,MORTGAGE,6.7,DEBTCONSOLIDATION,A,32100,5.4,0,0.27,N,4
36,37900,OWN,1.8,PERSONAL,C,14300,8.27,0,0.38,N,2
37,57000,OWN,3.0,HOMEIMPROVEMENT,C,31000,7.77,0,0.54,N,5
57,118700,RENT,1.9,DEBTCONSOLIDATION,C,49300,8.21,0,0.42,N,3
62,44100,MORTGAGE,15.5,HOMEIMPROVEMENT,A,2900,6.33,0,0.07,Y,6
65,217300,MORTGAGE,2.6,VENTURE,A,50000,6.63,0,0.23,N,16
21,94700,RENT,5.0,PERSONAL,B,34700,6.35,0,0.37,N,5
54,76400,RENT,5.4,MEDICAL,D,38500,8.0,0,0.5,N,5
52,54600,MORTGAGE,14.2,EDUCATION,B,11100,6.55,1,0.2,Y,15
49,63900,OTHER,3.7,HOMEIMPROVEMENT,B,31300,8.1,0,0.49,N,10
46,60800,OWN,5.2,DEBTCONSOLIDATION,D,35800,9.17,0,0.59,N,11
40,174800,RENT,11.6,MEDICAL,A,10500,5.7,0,0.06,Y,5
31,62700,RENT,3.2,DEBTCONSOLIDATION,C,18600,5.4,0,0.3,N,8
67,61400,MORTGAGE,3.3,PERSONAL,A,2600,6.31,0,0.04,N,3
26,42500,RENT,3.7,EDUCATION,B,13600,8.08,0,0.32,N,10
36,72500,OTHER,6.0,DEBTCONSOLIDATION,A,14700,5.98,0,0.2,N,13
64,90100,MORTGAGE,3.0,VENTURE,A,28800,7.03,0,0.32,N,4
46,106400,RENT,7.4,DEBTCONSOLIDATION,B,50000,9.39,0,0.47,N,16
34,64000,RENT,14.9,DEBTCONSOLIDATION,B,24600,6.85,0,0.38,N,2
66,45300,RENT,2.8,MEDICAL,D,21400,7.51,0,0.47,N,19
47,36300,MORTGAGE,10.7,EDUCATION,A,6800,5.4,0,0.19,N,8
22,79600,RENT,1.7,EDUCATION,D,44300,8.52,0,0.56,N,6
46,137100,OTHER,5.3,VENTURE,C,50000,6.52,0,0.36,N,2
26,56100,MORTGAGE,9.5,VENTURE,A,12500,5.71,0,0.22,N,7
46,210600,RENT,2.2,VENTURE,C,50000,7.3,0,0.24,N,5
67,75900,RENT,11.5,PERSONAL,B,29400,5.96,0,0.39,N,9
52,87400,RENT,3.9,PERSONAL,E,36500,10.68,0,0.42,Y,3
64,57900,RENT,6.0,EDUCATION,D,24400,8.96,0,0.42,N,7
35,38300,RENT,7.7,DEBTCONSOLIDATION,B,4700,6.39,0,0.12,N,6
64,140600,MORTGAGE,7.8,DEBTCONSOLIDATION,E,50000,7.75,0,0.36,Y,7
68,42100,OWN,10.7,MEDICAL,B,19600,5.4,0,0.47,N,2
25,48400,RENT,6.1,PERSONAL,B,7200,7.09,0,0.15,N,3
51,55200,MORTGAGE,10.9,HOMEIMPROVEMENT,D,34300,9.85,0,0.62,N,10
37,49800,MORTGAGE,12.9,VENTURE,A,12300,5.6,0,0.25,N,3
24,76200,RENT,2.8,EDUCATION,B,15200,8.48,0,0.2,N,2
28,72100,MORTGAGE,6.8,HOMEIMPROVEMENT,E,39400,8.92,1,0.55,Y,6
65,153100,RENT,4.4,DEBTCONSOLIDATION,C,25000,7.78,0,0.16,Y,7
55,83300,OTHER,8.9,DEBTCONSOLIDATION,B,40200,5.77,0,0.48,N,9
30,64500,RENT,5.0,DEBTCONSOLIDATION,D,26800,7.21,0,0.42,N,5
48,48600,RENT,12.4,EDUCATION,B,13800,5.97,0,0.28,N,3
52,49000,OTHER,2.6,PERSONAL,B,27300,7.17,0,0.56,N,19
58,117800,RENT,1.6,MEDICAL,C,36200,7.6,0,0.31,N,3
41,65100,RENT,6.5,PERSONAL,C,31000,7.05,0,0.48,N,8
30,82600,MORTGAGE,2.5,DEBTCONSOLIDATION,C,50000,5.4,1,0.61,N,13
27,48900,OWN,9.1,HOMEIMPROVEMENT,A,21900,6.32,0,0.45,N,7
66,99000,MORTGAGE,3.4,HOMEIMPROVEMENT,A,13900,8.66,1,0.14,N,3
30,74500,RENT,2.2,MEDICAL,C,29400,7.9,0,0.39,N,4
63,105000,RENT,7.7,DEBTCONSOLIDATION,D,50000,7.42,0,0.48,N,5
21,41100,MORTGAGE,5.0,HOMEIMPROVEMENT,A,7500,5.4,0,0.18,N,2
53,134100,RENT,12.3,PERSONAL,C,29900,6.6,0,0.22,N,2
32,89400,MORTGAGE,10.0,EDUCATION,A,13400,6.19,0,0.15,N,7
36,163700,RENT,14.2,DEBTCONSOLIDATION,B,34200,5.61,0,0.21,N,5
68,132300,MORTGAGE,6.0,DEBTCONSOLIDATION,B,50000,6.34,0,0.38,N,7
35,60200,RENT,1.3,DEBTCONSOLIDATION,A,4000,6.07,0,0.07,N,8
51,60200,MORTGAGE,11.6,EDUCATION,C,36100,7.12,0,0.6,N,16
23,48300,OWN,7.0,VENTURE,A,7500,5.4,0,0.16,N,4
29,108400,OWN,4.0,VENTURE,A,27900,8.88,0,0.26,N,4
21,116000,RENT,4.6,DEBTCONSOLIDATION,B,46100,6.75,0,0.4,N,5
62,109500,RENT,5.6,PERSONAL,D,50000,6.95,0,0.46,N,7
35,47300,RENT,19.0,DEBTCONSOLIDATION,B,27300,7.84,1,0.58,N,5
54,28000,OWN,5.0,DEBTCONSOLIDATION,A,5800,5.8,0,0.21,N,5
64,83100,RENT,9.1,HOMEIMPROVEMENT,C,43600,9.77,1,0.52,N,10
30,114400,MORTGAGE,10.5,PERSONAL,A,26900,5.4,0,0.24,N,11
45,67900,RENT,1.9,DEBTCONSOLIDATION,C,14900,7.76,0,0.22,Y,5
46,190400,RENT,6.7,EDUCATION,A,50000,6.66,0,0.26,N,8
33,40800,MORTGAGE,3.7,EDUCATION,C,15600,9.05,0,0.38,N,2
56,130600,RENT,7.4,VENTURE,C,50000,8.38,0,0.38,N,7
34,37100,OWN,7.1,EDUCATION,B,6100,7.21,0,0.16,Y,18
35,33500,RENT,8.2,MEDICAL,B,9300,5.4,0,0.28,N,8
41,350000,MORTGAGE,0.8,PERSONAL,A,50000,7.5,0,0.14,N,7
57,44000,MORTGAGE,4.0,DEBTCONSOLIDATION,A,7300,5.4,0,0.17,N,7
35,18000,MORTGAGE,2.7,VENTURE,B,6800,6.83,0,0.38,N,6
64,91600,RENT,1.6,HOMEIMPROVEMENT,D,29200,8.54,0,0.32,N,9
29,136700,RENT,5.7,HOMEIMPROVEMENT,A,15900,5.4,0,0.12,N,13
48,130700,RENT,0.7,VENTURE,B,21800,5.79,1,0.17,N,5
45,60800,RENT,9.6,EDUCATION,A,5400,7.14,0,0.09,N,12
35,66900,RENT,11.1,DEBTCONSOLIDATION,F,38400,10.12,1,0.57,Y,1
29,97800,RENT,2.1,DEBTCONSOLIDATION,B,30100,5.4,0,0.31,N,13
27,113100,RENT,11.0,PERSONAL,A,29300,5.4,0,0.26,N,11
28,78600,RENT,3.5,DEBTCONSOLIDATION,D,19700,9.26,0,0.25,Y,1
35,46500,RENT,5.0,PERSONAL,A,8200,6.14,0,0.18,N,4
33,61400,OWN,2.9,DEBTCONSOLIDATION,A,14700,5.58,0,0.24,N,7
24,80500,RENT,4.6,DEBTCONSOLIDATION,A,3100,7.59,0,0.04,N,8
68,78600,RENT,2.5,VENTURE,C,36500,8.0,1,0.46,N,7
38,64700,RENT,7.3,DEBTCONSOLIDATION,D,37600,7.96,0,0.58,N,6
66,54200,RENT,4.5,DEBTCONSOLIDATION,D,20600,8.84,1,0.38,Y,12
62,68700,RENT,5.7,DEBTCONSOLIDATION,B,9400,7.97,0,0.14,N,6
65,86200,RENT,5.9,PERSONAL,B,22800,5.64,0,0.26,N,3
47,66800,OWN,16.3,VENTURE,A,15500,5.4,0,0.23,N,8
25,52500,OWN,9.0,DEBTCONSOLIDATION,A,12600,7.22,0,0.24,N,4
66,46300,OWN,9.4,EDUCATION,B,19200,8.54,0,0.41,N,6
46,59300,OWN,3.6,MEDICAL,B,13800,6.6,0,0.23,N,11
63,77800,RENT,8.2,PERSONAL,A,21200,8.3,0,0.27,N,5
46,52900,MORTGAGE,7.6,PERSONAL,A,7300,7.31,0,0.14,N,5
32,75700,RENT,2.7,EDUCATION,B,32600,9.49,0,0.43,N,7
40,65700,RENT,3.3,DEBTCONSOLIDATION,D,37100,10.29,0,0.56,N,3
67,229700,OWN,15.3,VENTURE,A,50000,5.4,0,0.22,N,1
35,66600,MORTGAGE,3.9,MEDICAL,E,37000,8.32,1,0.56,Y,11
56,92900,OTHER,6.7,DEBTCONSOLIDATION,B,34800,7.14,0,0.37,N,3
46,88600,MORTGAGE,0.7,HOMEIMPROVEMENT,C,50000,6.91,0,0.56,Y,18
27,88800,MORTGAGE,2.5,EDUCATION,A,30800,6.24,0,0.35,N,4
23,39600,RENT,7.0,DEBTCONSOLIDATION,E,20600,11.56,1,0.52,N,5
52,24700,MORTGAGE,2.8,DEBTCONSOLIDATION,A,900,5.68,0,0.04,Y,9
53,111900,RENT,4.2,PERSONAL,B,5300,8.62,0,0.05,Y,6
64,98300,RENT,8.2,DEBTCONSOLIDATION,A,14800,7.59,0,0.15,N,10
63,94300,OWN,4.8,MEDICAL,C,50000,8.85,0,0.53,N,4
62,52900,MORTGAGE,7.6,HOMEIMPROVEMENT,A,5600,6.44,0,0.11,N,1
60,144100,MORTGAGE,10.4,EDUCATION,A,29800,6.74,0,0.21,N,7
48,66100,MORTGAGE,6.6,DEBTCONSOLIDATION,B,9300,7.01,0,0.14,N,14
59,39900,RENT,7.8,MEDICAL,D,23700,8.82,1,0.59,N,3
46,127700,MORTGAGE,5.1,VENTURE,A,42000,7.36,0,0.33,N,6
61,100900,MORTGAGE,13.6,DEBTCONSOLIDATION,A,33600,7.36,0,0.33,N,4
51,56700,RENT,3.1,VENTURE,B,25900,5.4,0,0.46,N,7
51,68300,RENT,7.2,PERSONAL,B,20900,7.82,0,0.31,N,8
42,102800,MORTGAGE,3.9,PERSONAL,A,20000,5.4,0,0.19,N,11
54,118600,MORTGAGE,3.8,VENTURE,D,43500,8.62,1,0.37,N,2
26,85100,MORTGAGE,10.0,EDUCATION,A,24700,5.52,0,0.29,N,5
44,73700,RENT,3.1,EDUCATION,F,45500,12.15,0,0.62,N,10
45,75500,RENT,0.5,VENTURE,C,39200,9.54,0,0.52,N,9
25,117400,RENT,9.0,EDUCATION,A,22100,5.4,0,0.19,N,2
68,98800,MORTGAGE,1.4,HOMEIMPROVEMENT,A,14100,5.4,0,0.14,N,7
31,24300,OWN,6.4,PERSONAL,C,14100,5.88,1,0.58,N,1
34,45600,RENT,5.2,VENTURE,C,19800,7.53,0,0.43,N,6
65,47300,RENT,1.0,PERSONAL,F,29800,12.91,0,0.63,N,3
53,57700,RENT,8.1,MEDICAL,D,37300,8.71,0,0.65,N,9
31,74400,RENT,3.8,EDUCATION,B,17600,7.61,0,0.24,N,3
23,200900,MORTGAGE,6.8,DEBTCONSOLIDATION,C,50000,6.48,0,0.25,Y,4
38,46000,OWN,15.6,DEBTCONSOLIDATION,B,12000,6.67,0,0.26,N,2
54,36100,RENT,12.7,DEBTCONSOLIDATION,C,17300,6.26,0,0.48,N,7
36,45800,MORTGAGE,6.5,EDUCATION,B,24900,6.46,0,0.54,N,9
24,31500,RENT,8.0,EDUCATION,B,4000,5.4,0,0.13,Y,8
45,62400,MORTGAGE,4.8,DEBTCONSOLIDATION,A,12100,5.4,0,0.19,N,14
35,37900,OWN,10.7,DEBTCONSOLIDATION,D,23700,9.0,0,0.63,N,5
45,53500,RENT,4.8,DEBTCONSOLIDATION,A,10000,5.4,0,0.19,N,7
63,135600,RENT,4.7,HOMEIMPROVEMENT,A,28000,6.25,0,0.21,N,7
54,74600,MORTGAGE,2.2,DEBTCONSOLIDATION,C,30600,8.08,0,0.41,N,7
51,69100,MORTGAGE,1.8,DEBTCONSOLIDATION,A,14000,6.43,0,0.2,N,4
49,85300,MORTGAGE,8.6,EDUCATION,A,8700,5.4,0,0.1,N,12
22,90300,RENT,6.0,DEBTCONSOLIDATION,A,13500,7.09,0,0.15,N,6
22,67900,RENT,4.7,DEBTCONSOLIDATION,A,5600,7.2,0,0.08,N,6
38,94000,MORTGAGE,6.6,EDUCATION,C,13100,7.02,0,0.14,Y,6
32,32700,RENT,16.0,DEBTCONSOLIDATION,A,3000,7.79,0,0.09,N,3
52,31500,RENT,2.2,HOMEIMPROVEMENT,E,15100,8.53,1,0.48,Y,15
24,32400,RENT,5.5,DEBTCONSOLIDATION,C,12900,8.46,0,0.4,N,3
29,99900,RENT,6.3,EDUCATION,B,42800,8.4,0,0.43,N,2
21,33500,RENT,1.8,DEBTCONSOLIDATION,D,17700,9.61,0,0.53,N,5
69,95400,OWN,8.2,HOMEIMPROVEMENT,B,24900,6.9,0,0.26,N,2
58,57700,OWN,2.7,DEBTCONSOLIDATION,D,35200,8.16,0,0.61,N,10
39,54200,OWN,12.4,HOMEIMPROVEMENT,A,14100,5.4,0,0.26,N,8
53,109700,RENT,6.7,DEBTCONSOLIDATION,A,9200,6.05,0,0.08,N,10
54,120900,RENT,3.6,EDUCATION,A,6100,6.25,0,0.05,N,13
34,90000,MORTGAGE,4.5,MEDICAL,E,50000,7.79,0,0.56,N,7
21,105500,OWN,5.0,PERSONAL,B,50000,5.7,0,0.47,N,5
48,74100,RENT,6.0,DEBTCONSOLIDATION,D,25900,10.56,0,0.35,Y,17
26,67300,RENT,4.5,EDUCATION,D,25200,8.22,0,0.37,Y,4
66,62500,RENT,2.8,DEBTCONSOLIDATION,C,33800,7.21,0,0.54,N,5
47,32500,RENT,5.2,DEBTCONSOLIDATION,D,13900,9.43,1,0.43,N,7
47,123900,MORTGAGE,9.0,MEDICAL,D,42100,10.42,0,0.34,Y,3
34,36900,MORTGAGE,6.6,DEBTCONSOLIDATION,A,8100,5.4,0,0.22,N,4
31,131900,OWN,5.6,DEBTCONSOLIDATION,B,16700,7.89,0,0.13,Y,15
41,134500,RENT,0.9,DEBTCONSOLIDATION,E,50000,9.46,1,0.37,N,1
70,185600,MORTGAGE,9.1,DEBTCONSOLIDATION,A,50000,6.91,0,0.27,N,9
49,46900,MORTGAGE,8.5,DEBTCONSOLIDATION,D,25100,8.29,1,0.54,N,5
56,155100,RENT,11.0,DEBTCONSOLIDATION,D,38300,8.6,0,0.25,Y,12
58,79300,RENT,5.4,DEBTCONSOLIDATION,E,32700,10.65,0,0.41,Y,5
46,46100,OWN,4.3,DEBTCONSOLIDATION,A,6100,5.4,0,0.13,N,7
47,185600,MORTGAGE,7.9,PERSONAL,B,18200,6.62,1,0.1,Y,5
34,44300,RENT,8.7,MEDICAL,C,12600,7.2,0,0.28,N,4
56,84000,RENT,5.1,HOMEIMPROVEMENT,A,29100,7.22,0,0.35,N,5
47,79000,OWN,3.6,PERSONAL,A,11700,5.4,0,0.15,N,6
68,115300,OWN,10.4,DEBTCONSOLIDATION,D,50000,8.38,0,0.43,Y,10
61,120100,MORTGAGE,9.5,MEDICAL,B,50000,5.94,0,0.42,N,6
38,157200,MORTGAGE,1.1,VENTURE,C,50000,6.06,0,0.32,N,6
36,84700,RENT,6.2,PERSONAL,C,42600,7.56,0,0.5,N,20
24,35300,RENT,3.0,EDUCATION,B,12200,7.03,0,0.35,N,8
36,76000,RENT,9.3,PERSONAL,A,17700,6.57,0,0.23,N,4
64,82300,RENT,8.2,VENTURE,C,8400,8.79,0,0.1,Y,2
70,122700,RENT,3.9,VENTURE,C,50000,6.52,0,0.41,N,9
52,138600,RENT,5.4,HOMEIMPROVEMENT,A,26400,5.89,0,0.19,N,2
41,95300,MORTGAGE,9.8,DEBTCONSOLIDATION,B,37900,6.36,0,0.4,N,6
61,139400,RENT,6.6,EDUCATION,D,46600,11.2,0,0.33,N,3
25,68300,MORTGAGE,0.6,HOMEIMPROVEMENT,B,40000,8.58,0,0.59,N,7
36,104300,RENT,3.3,HOMEIMPROVEMENT,D,50000,6.23,0,0.48,N,7
28,96600,MORTGAGE,3.5,VENTURE,A,20000,5.4,1,0.21,N,3
27,51100,RENT,11.0,PERSONAL,B,19800,7.78,0,0.39,N,11
29,87300,MORTGAGE,13.0,VENTURE,B,16300,7.25,0,0.19,Y,12
66,91100,RENT,8.4,DEBTCONSOLIDATION,C,47000,8.57,0,0.52,N,15
42,74800,RENT,3.7,PERSONAL,C,15800,8.23,0,0.21,Y,15
44,149700,OWN,2.4,EDUCATION,D,50000,10.82,0,0.33,Y,3
41,66300,MORTGAGE,4.7,DEBTCONSOLIDATION,B,23200,5.4,0,0.35,N,1
29,91000,MORTGAGE,1.5,EDUCATION,B,36600,5.4,0,0.4,N,11
56,34800,OTHER,1.7,PERSONAL,A,6900,8.45,0,0.2,N,13
67,27600,MORTGAGE,8.0,MEDICAL,C,7400,7.82,0,0.27,N,9
28,101200,RENT,4.2,VENTURE,D,42100,8.52,0,0.42,N,3
26,81000,OWN,4.3,EDUCATION,A,19200,7.36,0,0.24,N,3
57,176000,OTHER,2.3,VENTURE,B,50000,6.41,0,0.28,N,15
26,51600,RENT,7.0,MEDICAL,C,4500,5.65,1,0.09,Y,10
66,54300,RENT,2.1,EDUCATION,B,4600,6.79,0,0.08,N,3
61,72400,MORTGAGE,6.6,MEDICAL,D,31800,6.34,0,0.44,N,7
42,116300,RENT,2.0,PERSONAL,D,50000,9.34,0,0.43,N,4
29,32000,OWN,1.6,MEDICAL,E,18800,9.97,1,0.59,N,2
58,122800,MORTGAGE,1.0,VENTURE,D,50000,7.93,1,0.41,N,5
33,65300,MORTGAGE,8.3,PERSONAL,B,33300,6.96,0,0.51,N,3
29,91800,RENT,5.8,DEBTCONSOLIDATION,E,48500,10.14,0,0.53,N,4
51,79300,RENT,1.4,DEBTCONSOLIDATION,C,35400,5.4,0,0.45,N,8
66,128900,RENT,5.7,DEBTCONSOLIDATION,A,22900,7.29,0,0.18,N,2
36,73400,RENT,12.0,HOMEIMPROVEMENT,B,40700,6.54,0,0.55,N,8
46,55300,MORTGAGE,9.6,EDUCATION,D,31900,8.98,1,0.58,Y,7
23,95900,OWN,7.0,DEBTCONSOLIDATION,A,6800,5.53,0,0.07,N,7
53,112500,MORTGAGE,9.0,HOMEIMPROVEMENT,A,41400,7.31,0,0.37,N,5
45,105100,MORTGAGE,2.0,DEBTCONSOLIDATION,A,16000,7.69,0,0.15,N,9
28,32100,OWN,3.4,MEDICAL,B,5500,7.41,0,0.17,N,7
50,31400,RENT,2.0,VENTURE,D,17000,9.61,1,0.54,N,16
64,66400,OWN,2.0,EDUCATION,A,5200,5.56,1,0.08,N,4
46,85000,MORTGAGE,3.9,PERSONAL,B,13600,7.12,0,0.16,N,6
24,114300,OWN,8.0,PERSONAL,B,44700,5.87,0,0.39,N,4
35,50900,MORTGAGE,2.6,EDUCATION,C,14500,6.76,0,0.28,Y,3
38,58800,MORTGAGE,2.2,VENTURE,D,29900,8.02,0,0.51,N,6
36,50800,RENT,11.0,EDUCATION,B,10000,7.14,0,0.2,N,2
23,40800,MORTGAGE,6.3,PERSONAL,C,20700,5.78,0,0.51,N,7
45,31000,MORTGAGE,8.5,HOMEIMPROVEMENT,A,6300,6.0,0,0.2,N,9
24,109500,RENT,1.8,VENTURE,C,50000,5.97,0,0.46,N,8
25,97900,MORTGAGE,5.8,VENTURE,A,25800,7.57,0,0.26,N,9
36,79900,MORTGAGE,12.2,EDUCATION,D,50000,9.08,1,0.63,N,11
34,113600,RENT,4.6,VENTURE,D,38500,9.55,1,0.34,Y,9
61,38700,RENT,15.1,DEBTCONSOLIDATION,E,20700,8.18,0,0.53,N,1
63,69000,MORTGAGE,15.4,DEBTCONSOLIDATION,A,4000,5.4,0,0.06,N,11
38,47000,RENT,3.7,PERSONAL,E,28800,10.05,0,0.61,N,3
44,109300,OWN,1.8,VENTURE,D,9000,6.67,0,0.08,Y,7
55,70800,RENT,4.7,VENTURE,C,27700,5.49,0,0.39,N,2
29,42400,MORTGAGE,11.9,PERSONAL,C,26500,9.21,0,0.62,N,6
23,62400,MORTGAGE,3.7,MEDICAL,B,2600,5.6,0,0.04,Y,3
68,193100,RENT,2.3,DEBTCONSOLIDATION,B,50000,8.34,0,0.26,N,4
51,168700,RENT,0.7,EDUCATION,A,50000,7.04,0,0.3,N,4
52,50000,RENT,3.7,PERSONAL,B,12300,5.4,0,0.25,N,8
30,96800,MORTGAGE,3.6,DEBTCONSOLIDATION,C,19900,8.34,1,0.21,N,2
47,108500,OWN,11.5,PERSONAL,B,23300,6.56,0,0.21,Y,3
52,167200,MORTGAGE,9.5,DEBTCONSOLIDATION,A,50000,6.76,0,0.3,N,2
39,44100,MORTGAGE,4.4,PERSONAL,C,21600,8.43,0,0.49,N,8
51,175800,RENT,7.6,DEBTCONSOLIDATION,B,43700,6.91,0,0.25,N,7
34,50500,MORTGAGE,1.4,DEBTCONSOLIDATION,D,19800,8.22,0,0.39,N,9
29,84800,RENT,5.8,HOMEIMPROVEMENT,B,16500,6.85,0,0.19,N,6
57,111500,RENT,6.7,MEDICAL,C,37800,7.46,0,0.34,N,3
36,85400,MORTGAGE,6.3,VENTURE,A,10700,5.43,0,0.13,N,4
57,34700,RENT,2.6,EDUCATION,A,4800,7.19,0,0.14,N,2
46,38300,RENT,14.2,PERSONAL,C,15200,7.2,0,0.4,N,4
64,69000,OTHER,4.7,DEBTCONSOLIDATION,F,44800,11.62,1,0.65,N,7
25,93400,RENT,3.7,DEBTCONSOLIDATION,C,16300,5.69,0,0.17,Y,7
38,27800,RENT,2.9,PERSONAL,B,5500,6.99,0,0.2,N,3
56,109600,RENT,0.2,EDUCATION,C,21000,8.47,1,0.19,Y,5
54,31500,RENT,19.5,EDUCATION,A,1200,7.32,0,0.04,N,14
42,115500,RENT,1.6,PERSONAL,B,20600,5.96,1,0.18,N,5
30,64900,RENT,7.5,EDUCATION,C,26700,10.64,0,0.41,N,4
58,45300,RENT,3.9,DEBTCONSOLIDATION,E,23500,10.1,0,0.52,N,4
27,147800,RENT,5.5,PERSONAL,C,50000,7.5,1,0.34,N,3
34,66700,RENT,6.2,EDUCATION,D,40100,7.52,0,0.6,N,3
39,63900,MORTGAGE,8.7,HOMEIMPROVEMENT,B,37300,9.15,0,0.58,N,3
53,76200,RENT,3.6,VENTURE,B,12200,6.63,0,0.16,N,7
33,157100,MORTGAGE,15.8,MEDICAL,A,20500,5.4,0,0.13,N,4
31,44600,MORTGAGE,5.3,PERSONAL,C,15100,7.1,1,0.34,N,15
51,84500,MORTGAGE,8.8,EDUCATION,B,36100,6.15,0,0.43,N,6
70,84800,RENT,9.7,PERSONAL,C,35300,7.48,0,0.42,N,7
54,22500,RENT,17.4,HOMEIMPROVEMENT,A,5000,6.52,0,0.22,N,14
56,172700,MORTGAGE,23.1,VENTURE,A,50000,5.64,0,0.29,N,11
61,247200,OTHER,5.8,MEDICAL,D,50000,6.57,0,0.2,Y,8
66,117500,RENT,8.6,PERSONAL,B,50000,7.23,1,0.43,N,11
25,38700,RENT,1.2,DEBTCONSOLIDATION,A,6300,7.12,0,0.16,N,1
29,88200,MORTGAGE,5.6,DEBTCONSOLIDATION,C,39100,7.96,0,0.44,N,13
36,93300,RENT,14.7,HOMEIMPROVEMENT,B,43200,7.13,0,0.46,N,10
43,49200,MORTGAGE,2.5,DEBTCONSOLIDATION,C,18800,8.23,0,0.38,N,2
41,88000,OWN,3.5,MEDICAL,C,17600,9.1,1,0.2,Y,6
41,113400,MORTGAGE,9.2,EDUCATION,A,50000,7.06,0,0.44,N,7
21,29900,RENT,1.2,VENTURE,E,13200,9.23,0,0.44,N,5
30,35600,OWN,4.8,PERSONAL,B,4400,5.4,1,0.12,Y,3
45,103800,RENT,3.0,DEBTCONSOLIDATION,C,45000,8.87,1,0.43,N,4
57,21500,RENT,3.6,EDUCATION,E,13800,10.11,1,0.64,N,9
21,55400,RENT,5.0,EDUCATION,B,6000,10.81,0,0.11,Y,5
32,109000,RENT,3.6,DEBTCONSOLIDATION,B,24800,6.61,0,0.23,N,11
57,65400,OWN,0.9,EDUCATION,A,24100,6.13,0,0.37,N,7
32,70800,OWN,9.0,MEDICAL,A,9800,7.39,0,0.14,N,6
55,55900,MORTGAGE,0.6,VENTURE,A,2900,5.4,0,0.05,N,22
55,50500,RENT,6.6,HOMEIMPROVEMENT,A,7900,6.77,0,0.16,N,1
44,85300,RENT,6.6,PERSONAL,A,3400,5.4,0,0.04,N,9
44,61900,MORTGAGE,2.2,EDUCATION,C,27100,8.12,0,0.44,N,5
52,51000,RENT,11.3,DEBTCONSOLIDATION,C,28600,7.71,0,0.56,N,3
49,105600,RENT,6.5,EDUCATION,B,23000,6.1,0,0.22,N,7
43,62400,RENT,6.0,HOMEIMPROVEMENT,E,39700,11.74,0,0.64,N,18
40,75300,OWN,7.1,DEBTCONSOLIDATION,C,33900,6.86,0,0.45,N,2
48,99500,RENT,3.2,DEBTCONSOLIDATION,E,50000,10.58,1,0.5,Y,2
64,148100,MORTGAGE,3.8,VENTURE,C,50000,8.71,0,0.34,Y,3
36,78400,OWN,6.3,VENTURE,F,50000,12.22,0,0.64,Y,4
38,97100,RENT,10.8,MEDICAL,E,50000,9.98,1,0.51,Y,6
70,162800,MORTGAGE,12.6,DEBTCONSOLIDATION,A,50000,5.4,0,0.31,N,7
69,163000,OWN,6.5,MEDICAL,A,12500,5.4,0,0.08,Y,3
60,147600,RENT,3.1,PERSONAL,A,14800,5.94,0,0.1,N,8
30,28300,RENT,5.3,VENTURE,C,12700,7.15,1,0.45,N,8
34,58200,RENT,15.1,DEBTCONSOLIDATION,A,2700,5.4,0,0.05,N,4
47,50900,MORTGAGE,1.5,VENTURE,A,14800,6.41,0,0.29,N,9
56,73600,OTHER,2.5,HOMEIMPROVEMENT,A,14200,5.79,0,0.19,N,10
49,153900,RENT,17.0,EDUCATION,A,12000,8.18,0,0.08,Y,5
45,57900,RENT,6.1,VENTURE,D,36200,9.54,1,0.63,N,7
47,82100,MORTGAGE,16.1,DEBTCONSOLIDATION,A,28400,7.03,0,0.35,N,5
70,220000,MORTGAGE,11.4,DEBTCONSOLIDATION,A,44000,5.4,0,0.2,N,9
60,122700,RENT,5.5,DEBTCONSOLIDATION,B,48500,6.62,0,0.4,N,7
70,64900,MORTGAGE,11.3,DEBTCONSOLIDATION,A,6200,5.64,0,0.1,N,4
31,50100,MORTGAGE,15.0,DEBTCONSOLIDATION,A,3800,6.17,0,0.08,N,11
69,121100,RENT,15.5,EDUCATION,A,5700,7.38,0,0.05,N,4
22,36200,MORTGAGE,6.0,DEBTCONSOLIDATION,E,16700,8.76,0,0.46,Y,6
69,36200,RENT,3.1,DEBTCONSOLIDATION,E,21200,9.8,0,0.59,N,3
59,41400,MORTGAGE,4.7,DEBTCONSOLIDATION,C,13700,10.64,0,0.33,N,5
59,73900,RENT,0.5,EDUCATION,E,35900,10.21,0,0.49,N,4
28,55700,MORTGAGE,12.0,PERSONAL,A,5000,5.4,0,0.09,N,11
21,88700,MORTGAGE,4.5,PERSONAL,A,29500,5.53,0,0.33,N,5
33,58100,OWN,6.6,HOMEIMPROVEMENT,B,20800,5.92,0,0.36,N,2
23,74800,RENT,2.9,DEBTCONSOLIDATION,A,5400,6.87,0,0.07,N,2
62,105100,MORTGAGE,2.5,HOMEIMPROVEMENT,D,50000,10.47,0,0.48,Y,7
27,106600,RENT,3.5,PERSONAL,B,33500,6.83,0,0.31,N,2
70,115400,OWN,8.0,MEDICAL,B,40900,6.0,0,0.35,N,5
40,104000,MORTGAGE,6.8,EDUCATION,A,9500,6.22,0,0.09,N,1
62,62400,RENT,3.2,EDUCATION,E,34800,12.2,0,0.56,N,13
50,99900,RENT,2.4,MEDICAL,A,29800,5.4,0,0.3,N,10
56,122100,MORTGAGE,6.9,PERSONAL,B,14900,7.15,0,0.12,Y,5
67,118400,OWN,2.5,HOMEIMPROVEMENT,B,24400,7.04,0,0.21,Y,9
67,115600,MORTGAGE,5.9,PERSONAL,A,30300,7.05,0,0.26,N,14
30,47800,RENT,6.8,VENTURE,A,4500,5.4,0,0.09,N,14
63,61500,MORTGAGE,4.0,DEBTCONSOLIDATION,A,3500,6.66,0,0.06,N,4
36,156300,MORTGAGE,7.7,PERSONAL,A,26400,6.61,0,0.17,N,12
53,73800,RENT,5.1,HOMEIMPROVEMENT,E,32600,10.47,0,0.44,Y,9
35,94700,OWN,1.6,EDUCATION,B,37400,6.68,0,0.39,N,5
54,38400,MORTGAGE,5.9,MEDICAL,A,3400,9.2,0,0.09,N,5
67,53900,RENT,3.3,PERSONAL,B,23400,6.01,0,0.43,N,8
31,66700,RENT,10.8,MEDICAL,C,37400,5.88,0,0.56,N,15
45,46700,MORTGAGE,9.8,VENTURE,D,30000,9.58,0,0.64,N,5
33,18000,MORTGAGE,9.6,VENTURE,B,9000,9.62,1,0.5,N,8
56,93100,RENT,6.2,MEDICAL,D,48800,7.97,0,0.52,N,1
48,112000,RENT,5.5,DEBTCONSOLIDATION,C,50000,6.45,0,0.45,N,2
56,75000,MORTGAGE,3.8,PERSONAL,B,29900,5.4,0,0.4,N,1
69,63000,MORTGAGE,6.9,VENTURE,B,22300,5.56,0,0.35,N,2
35,69100,RENT,4.3,VENTURE,A,4700,6.04,0,0.07,N,6
25,55400,RENT,8.9,DEBTCONSOLIDATION,A,6000,6.11,0,0.11,N,9
55,99900,RENT,3.4,VENTURE,A,21700,5.4,0,0.22,N,8
36,65200,RENT,6.6,EDUCATION,A,12300,5.73,0,0.19,N,12
35,87200,OWN,6.2,EDUCATION,A,9700,5.4,0,0.11,N,11
24,40000,MORTGAGE,8.0,DEBTCONSOLIDATION,A,2200,5.4,0,0.06,N,8
53,85500,MORTGAGE,3.0,DEBTCONSOLIDATION,E,34800,6.66,0,0.41,Y,15
23,48500,RENT,7.0,PERSONAL,A,6400,7.31,0,0.13,N,7
62,238700,MORTGAGE,14.6,DEBTCONSOLIDATION,A,50000,5.4,0,0.21,N,3
69,162900,RENT,6.3,VENTURE,B,50000,6.94,0,0.31,N,11
24,85000,MORTGAGE,6.3,PERSONAL,B,4100,7.02,0,0.05,Y,8
63,77500,RENT,3.8,HOMEIMPROVEMENT,A,12900,5.81,0,0.17,N,6
67,96600,OTHER,1.5,DEBTCONSOLIDATION,B,10300,6.29,0,0.11,N,11
59,117600,RENT,9.1,PERSONAL,B,50000,5.4,0,0.43,N,2
63,63000,RENT,7.6,DEBTCONSOLIDATION,C,30200,6.2,0,0.48,N,21
36,79500,RENT,4.1,VENTURE,F,40900,12.47,0,0.51,Y,9
48,56100,RENT,3.3,EDUCATION,A,8500,5.4,0,0.15,N,5
34,136500,RENT,2.1,DEBTCONSOLIDATION,B,32600,7.83,0,0.24,N,7
66,57300,MORTGAGE,5.9,MEDICAL,D,33700,10.28,1,0.59,N,9
45,76700,MORTGAGE,4.8,VENTURE,E,36200,9.36,0,0.47,Y,11
32,38500,RENT,15.1,PERSONAL,A,15600,7.16,1,0.41,N,6
32,62800,MORTGAGE,13.4,HOMEIMPROVEMENT,B,34500,6.74,0,0.55,N,4
57,90200,RENT,6.2,DEBTCONSOLIDATION,E,27400,10.2,0,0.3,Y,5
57,136600,MORTGAGE,5.7,MEDICAL,B,50000,7.35,0,0.37,N,6
53,128700,RENT,5.4,EDUCATION,C,50000,7.49,1,0.39,N,1
64,56300,RENT,19.0,DEBTCONSOLIDATION,B,26900,6.01,0,0.48,N,12
54,160900,MORTGAGE,9.4,EDUCATION,A,32800,6.91,0,0.2,N,7
52,69800,MORTGAGE,3.1,EDUCATION,B,18300,5.4,0,0.26,N,5
22,111900,RENT,2.6,DEBTCONSOLIDATION,B,9800,8.51,0,0.09,N,4
28,88200,MORTGAGE,10.2,DEBTCONSOLIDATION,A,26400,6.2,0,0.3,N,9
48,70100,MORTGAGE,10.8,PERSONAL,A,6000,6.0,0,0.09,N,8
45,52400,RENT,7.0,DEBTCONSOLIDATION,C,19200,7.94,0,0.37,N,7
45,98100,RENT,2.4,DEBTCONSOLIDATION,D,47200,6.3,1,0.48,N,3
37,72700,MORTGAGE,1.9,EDUCATION,B,26900,6.44,0,0.37,N,9
34,105000,RENT,8.3,EDUCATION,D,45200,7.16,0,0.43,N,4
34,81700,OWN,3.6,PERSONAL,B,36200,5.4,0,0.44,N,4
63,167400,MORTGAGE,9.8,DEBTCONSOLIDATION,B,50000,6.12,0,0.3,N,5
48,88000,RENT,2.8,MEDICAL,E,38900,10.04,0,0.44,N,1
61,88000,MORTGAGE,4.0,EDUCATION,A,30500,7.79,0,0.35,N,2
58,169200,RENT,2.2,EDUCATION,D,50000,8.31,1,0.3,N,1
22,37100,OWN,6.0,VENTURE,B,21800,5.66,0,0.59,N,6
48,97400,RENT,2.2,DEBTCONSOLIDATION,B,30000,7.31,0,0.31,N,10
38,111600,RENT,4.4,PERSONAL,C,39900,5.71,0,0.36,N,5
27,31200,RENT,1.7,DEBTCONSOLIDATION,D,14000,6.73,0,0.45,N,4
42,149100,RENT,3.0,PERSONAL,A,36300,9.92,0,0.24,N,10
59,40300,MORTGAGE,2.7,VENTURE,A,7400,6.95,0,0.18,N,11
27,57600,OWN,0.7,DEBTCONSOLIDATION,A,7400,6.51,0,0.13,N,7
33,54700,RENT,2.5,DEBTCONSOLIDATION,A,11800,8.54,0,0.22,N,17
31,35100,RENT,4.4,VENTURE,B,11200,5.69,0,0.32,N,5
48,137400,RENT,13.7,DEBTCONSOLIDATION,C,50000,11.31,0,0.36,N,6
62,63100,MORTGAGE,9.9,PERSONAL,E,30500,11.86,0,0.48,Y,2
37,48200,MORTGAGE,4.0,PERSONAL,B,16000,7.22,0,0.33,N,10
29,60600,OWN,5.6,EDUCATION,C,15800,5.87,0,0.26,Y,5
32,125100,MORTGAGE,1.8,VENTURE,E,41500,9.03,1,0.33,Y,3
62,51700,MORTGAGE,8.6,HOMEIMPROVEMENT,C,28900,5.55,0,0.56,N,4
55,91300,MORTGAGE,2.9,VENTURE,D,50000,8.58,0,0.55,N,6
64,122000,MORTGAGE,5.6,EDUCATION,B,35100,7.17,0,0.29,Y,8
23,96500,MORTGAGE,3.0,PERSONAL,A,4600,7.26,0,0.05,N,7
21,55000,OTHER,2.6,VENTURE,B,8600,7.79,0,0.16,N,4
58,36400,MORTGAGE,1.2,MEDICAL,B,6600,6.2,1,0.18,N,7
26,115000,OWN,6.1,HOMEIMPROVEMENT,C,50000,10.73,0,0.43,Y,6
48,92600,RENT,6.0,MEDICAL,A,11100,5.4,0,0.12,N,6
31,55300,RENT,9.6,HOMEIMPROVEMENT,C,25600,6.52,0,0.46,N,4
21,105000,OTHER,5.0,PERSONAL,E,50000,10.78,1,0.48,Y,5
67,48800,OWN,9.5,EDUCATION,B,18700,6.83,0,0.38,N,14
64,60900,MORTGAGE,3.3,PERSONAL,A,24700,8.66,0,0.41,N,21
39,118100,RENT,3.3,HOMEIMPROVEMENT,C,50000,7.01,1,0.42,N,7
25,56300,MORTGAGE,5.5,DEBTCONSOLIDATION,C,22200,6.87,0,0.39,N,2
27,72500,MORTGAGE,6.7,MEDICAL,E,38300,10.23,0,0.53,N,5
55,97900,RENT,9.0,HOMEIMPROVEMENT,C,41800,6.94,0,0.43,N,15
39,136200,MORTGAGE,2.4,VENTURE,B,26800,5.81,0,0.2,N,1
65,96500,RENT,11.5,PERSONAL,B,47900,6.86,0,0.5,N,4
54,68200,MORTGAGE,6.6,MEDICAL,C,40800,8.3,0,0.6,N,11
25,31100,MORTGAGE,5.8,DEBTCONSOLIDATION,D,19100,7.9,0,0.61,N,6
21,31700,RENT,2.8,DEBTCONSOLIDATION,D,10600,9.77,0,0.33,N,5
67,59400,RENT,0.9,HOMEIMPROVEMENT,E,32900,10.52,1,0.55,N,5
37,86700,RENT,11.0,PERSONAL,C,36400,7.63,0,0.42,N,3
48,89000,MORTGAGE,15.4,DEBTCONSOLIDATION,A,27200,6.51,0,0.31,N,5
58,78100,OTHER,25.1,PERSONAL,A,13000,5.78,0,0.17,N,9
46,91300,RENT,3.4,MEDICAL,B,21400,5.4,0,0.23,N,2
33,50000,MORTGAGE,10.2,MEDICAL,C,24800,10.0,0,0.5,N,8
31,88700,OWN,1.5,EDUCATION,C,35500,7.86,0,0.4,N,3
54,73200,OWN,1.8,PERSONAL,B,28500,9.0,0,0.39,N,10
25,21800,RENT,9.0,DEBTCONSOLIDATION,C,7900,7.47,0,0.36,N,9
67,55600,MORTGAGE,8.7,DEBTCONSOLIDATION,B,26400,5.7,0,0.47,N,13
69,95600,MORTGAGE,4.0,DEBTCONSOLIDATION,E,50000,10.29,0,0.52,Y,3
50,61400,RENT,11.0,MEDICAL,C,14300,8.56,0,0.23,Y,6
23,89800,OWN,6.2,PERSONAL,B,50000,6.41,0,0.56,N,5
36,115600,MORTGAGE,6.8,EDUCATION,A,8500,6.31,0,0.07,N,4
26,42100,RENT,10.0,VENTURE,A,1700,6.19,0,0.04,N,1
68,101300,RENT,10.4,MEDICAL,A,8000,8.25,0,0.08,N,6
37,71600,RENT,4.1,HOMEIMPROVEMENT,A,10300,7.23,0,0.14,N,11
61,94000,MORTGAGE,7.7,MEDICAL,A,8000,7.05,0,0.09,N,21
25,76200,MORTGAGE,3.6,PERSONAL,A,11300,7.39,0,0.15,N,5
21,139600,RENT,5.0,PERSONAL,B,50000,5.6,0,0.36,N,5
31,23300,MORTGAGE,15.0,PERSONAL,B,6100,8.82,0,0.26,N,4
54,86100,MORTGAGE,12.7,PERSONAL,D,50000,7.65,1,0.58,N,3
56,81700,RENT,15.1,VENTURE,C,44900,5.69,0,0.55,N,7
38,77800,RENT,4.6,DEBTCONSOLIDATION,D,48500,7.62,1,0.62,N,8
41,126800,RENT,6.3,DEBTCONSOLIDATION,B,50000,5.4,0,0.39,N,3
37,60700,RENT,8.6,EDUCATION,A,16000,5.4,0,0.26,N,7
42,75000,MORTGAGE,4.8,DEBTCONSOLIDATION,A,8400,5.61,0,0.11,N,15
63,75100,MORTGAGE,5.3,PERSONAL,D,38600,9.64,0,0.51,N,6
45,63300,MORTGAGE,6.3,MEDICAL,C,23800,9.18,0,0.38,N,7
48,57400,MORTGAGE,3.3,PERSONAL,D,31000,9.62,0,0.54,N,5
35,18300,OWN,2.6,MEDICAL,A,3300,5.45,0,0.18,N,10
46,103500,RENT,7.3,PERSONAL,C,50000,8.5,0,0.48,N,8
64,52900,RENT,15.9,DEBTCONSOLIDATION,B,12500,6.82,0,0.24,N,11
22,74800,MORTGAGE,6.0,PERSONAL,B,21800,7.9,0,0.29,N,2
68,68900,RENT,11.7,HOMEIMPROVEMENT,B,16600,5.4,0,0.24,N,8
29,35700,OWN,6.2,DEBTCONSOLIDATION,E,13900,8.76,1,0.39,Y,2
27,73300,RENT,1.1,MEDICAL,D,46000,9.27,0,0.63,N,10
46,63300,MORTGAGE,3.1,HOMEIMPROVEMENT,B,21400,6.72,0,0.34,N,13
25,88300,MORTGAGE,3.8,DEBTCONSOLIDATION,E,41000,8.51,0,0.46,Y,7
37,107700,MORTGAGE,4.0,EDUCATION,B,28200,7.5,1,0.26,N,5
67,59700,MORTGAGE,3.4,MEDICAL,C,29200,8.88,0,0.49,N,17
42,42400,RENT,4.7,DEBTCONSOLIDATION,C,9400,6.84,0,0.22,N,3
27,121500,OWN,5.4,DEBTCONSOLIDATION,C,50000,7.02,0,0.41,Y,11
70,118100,MORTGAGE,14.7,DEBTCONSOLIDATION,B,35900,7.1,0,0.3,N,5
56,82200,RENT,11.4,PERSONAL,C,35000,6.48,0,0.43,N,12
55,110800,RENT,6.9,EDUCATION,A,33900,5.4,0,0.31,N,4
56,115700,RENT,6.7,DEBTCONSOLIDATION,A,50000,7.93,0,0.43,N,17
34,79600,RENT,11.0,VENTURE,F,50000,10.73,1,0.63,N,1
42,62300,MORTGAGE,6.6,PERSONAL,D,34600,8.06,0,0.56,N,5
32,34400,MORTGAGE,5.4,EDUCATION,E,19600,12.1,0,0.57,N,3
31,119900,OWN,3.4,EDUCATION,B,50000,7.62,0,0.42,N,3
54,76100,MORTGAGE,6.7,PERSONAL,A,7600,5.4,0,0.1,N,15
62,103300,RENT,10.8,EDUCATION,B,17900,6.52,0,0.17,Y,2
52,64300,OTHER,7.4,PERSONAL,A,6800,5.4,0,0.11,N,1
68,169200,OWN,2.4,DEBTCONSOLIDATION,B,50000,7.32,1,0.3,N,5
34,33600,MORTGAGE,3.5,EDUCATION,E,13900,9.28,1,0.41,Y,9
56,294600,MORTGAGE,17.0,DEBTCONSOLIDATION,C,50000,6.78,0,0.17,Y,4
41,75400,MORTGAGE,25.0,DEBTCONSOLIDATION,A,26000,6.26,0,0.34,N,7
36,109600,RENT,11.1,DEBTCONSOLIDATION,A,20800,5.87,0,0.19,N,20
60,65600,RENT,2.2,PERSONAL,E,42200,11.14,1,0.64,N,6
66,102800,RENT,20.4,HOMEIMPROVEMENT,B,12600,7.88,0,0.12,Y,2
23,18300,MORTGAGE,5.1,EDUCATION,A,2100,5.4,0,0.11,N,7
22,48400,MORTGAGE,6.0,EDUCATION,D,28600,10.61,0,0.59,N,6
26,59200,RENT,1.4,PERSONAL,A,11900,5.4,0,0.2,N,7
24,86200,RENT,0.7,VENTURE,B,22800,6.55,0,0.26,N,8
37,58600,MORTGAGE,8.3,VENTURE,D,28500,9.54,0,0.49,Y,10
53,75400,MORTGAGE,4.4,DEBTCONSOLIDATION,E,43500,11.42,1,0.58,N,0
56,81400,MORTGAGE,20.1,MEDICAL,B,31900,5.99,0,0.39,N,16
34,33800,RENT,4.4,EDUCATION,A,6400,5.4,0,0.19,N,5
65,70700,OWN,1.0,EDUCATION,B,26000,7.03,0,0.37,N,4
42,55000,MORTGAGE,8.6,VENTURE,A,11500,5.65,0,0.21,N,9
54,55600,RENT,5.4,DEBTCONSOLIDATION,E,28900,7.05,1,0.52,N,10
63,94400,MORTGAGE,4.9,DEBTCONSOLIDATION,A,17900,5.47,0,0.19,Y,16
25,37900,MORTGAGE,6.3,DEBTCONSOLIDATION,E,20700,9.06,0,0.55,N,9
42,59700,MORTGAGE,13.8,MEDICAL,A,10600,6.05,1,0.18,N,4
23,55000,RENT,7.0,HOMEIMPROVEMENT,B,24300,6.42,0,0.44,N,7
47,52400,RENT,2.9,DEBTCONSOLIDATION,A,4200,7.52,0,0.08,N,2
65,71400,RENT,12.1,MEDICAL,A,2900,5.4,0,0.04,N,4
26,27200,MORTGAGE,4.4,EDUCATION,D,16400,8.28,0,0.6,N,10
55,172400,RENT,11.3,HOMEIMPROVEMENT,B,50000,6.82,0,0.29,Y,13
54,81600,RENT,11.4,VENTURE,A,11100,8.05,0,0.14,N,16
49,102000,MORTGAGE,5.2,DEBTCONSOLIDATION,B,29000,5.94,0,0.28,N,7
61,114700,RENT,9.1,PERSONAL,C,17700,6.95,0,0.15,Y,6
35,124600,MORTGAGE,7.3,VENTURE,A,28200,7.23,0,0.23,N,11
27,97800,OWN,2.8,DEBTCONSOLIDATION,E,50000,13.29,1,0.51,Y,4
26,139100,RENT,4.7,DEBTCONSOLIDATION,A,17000,5.4,0,0.12,N,6
52,38400,MORTGAGE,4.2,MEDICAL,A,10900,5.4,0,0.28,N,15
51,83600,MORTGAGE,5.2,DEBTCONSOLIDATION,B,28600,6.53,0,0.34,N,6
53,135400,OWN,1.2,MEDICAL,C,5800,7.71,0,0.04,Y,3
55,59400,RENT,8.7,VENTURE,E,28000,7.85,0,0.47,N,6
44,69100,OWN,2.5,DEBTCONSOLIDATION,B,19300,7.61,0,0.28,N,7
43,63400,OTHER,6.8,MEDICAL,C,11100,8.06,0,0.18,Y,2
27,27900,RENT,2.6,MEDICAL,C,6400,7.36,0,0.23,N,10
64,70100,MORTGAGE,3.5,MEDICAL,D,29600,10.59,0,0.42,N,12
40,116400,OWN,2.3,PERSONAL,B,50000,5.76,0,0.43,N,6
33,194000,RENT,7.1,EDUCATION,B,50000,5.4,0,0.26,N,6
44,66600,MORTGAGE,10.5,DEBTCONSOLIDATION,D,27900,10.51,0,0.42,Y,7
56,102500,RENT,5.8,PERSONAL,D,42400,5.86,0,0.41,N,6
45,96600,OTHER,5.0,EDUCATION,C,30700,9.09,0,0.32,N,7
57,100800,RENT,7.6,EDUCATION,B,50000,5.86,0,0.5,N,9
58,48900,OWN,5.3,MEDICAL,D,8500,8.77,0,0.17,Y,7
45,59100,OWN,18.0,PERSONAL,A,5600,7.38,0,0.09,Y,6
51,43000,MORTGAGE,2.8,DEBTCONSOLIDATION,A,6900,5.4,1,0.16,N,8
42,147400,MORTGAGE,2.5,DEBTCONSOLIDATION,A,7400,5.92,0,0.05,N,7
35,156700,RENT,7.7,PERSONAL,B,16500,6.35,0,0.11,Y,16
37,48200,MORTGAGE,4.6,EDUCATION,A,1700,5.4,0,0.04,N,1
28,55600,RENT,0.7,PERSONAL,D,10000,7.95,0,0.18,Y,8
45,58900,RENT,2.4,MEDICAL,C,14800,8.08,0,0.25,Y,4
37,77900,MORTGAGE,19.4,MEDICAL,F,47400,12.35,0,0.61,Y,5
33,95900,MORTGAGE,5.2,MEDICAL,C,32200,7.0,0,0.34,Y,7
47,106000,RENT,2.3,DEBTCONSOLIDATION,F,41600,10.12,1,0.39,Y,1
31,60100,MORTGAGE,10.0,PERSONAL,F,36800,13.51,1,0.61,Y,6
61,180800,OWN,8.7,VENTURE,C,50000,8.01,0,0.28,Y,21
62,129200,RENT,7.8,VENTURE,A,17400,5.4,0,0.13,N,7
59,32800,MORTGAGE,3.6,DEBTCONSOLIDATION,B,2200,8.1,0,0.07,Y,17
42,62000,RENT,17.5,DEBTCONSOLIDATION,A,9700,5.66,0,0.16,N,4
65,50700,RENT,5.6,DEBTCONSOLIDATION,F,23600,12.05,1,0.47,Y,3
37,56200,MORTGAGE,6.2,EDUCATION,D,31200,9.67,0,0.56,N,2
39,93100,RENT,1.4,DEBTCONSOLIDATION,B,14300,6.36,0,0.15,N,4
57,61100,RENT,7.2,MEDICAL,A,7300,9.41,0,0.12,N,4
59,73300,MORTGAGE,19.6,MEDICAL,A,6600,5.8,0,0.09,N,4
22,41300,RENT,2.1,DEBTCONSOLIDATION,B,10300,7.29,0,0.25,N,6
23,77200,MORTGAGE,1.4,DEBTCONSOLIDATION,C,27000,5.63,0,0.35,N,7
38,74300,OTHER,11.4,DEBTCONSOLIDATION,B,26000,7.31,0,0.35,N,2
66,94700,MORTGAGE,5.9,EDUCATION,C,50000,7.2,0,0.53,N,6
42,50100,MORTGAGE,10.6,PERSONAL,A,10900,5.4,0,0.22,N,7
58,113900,RENT,3.1,HOMEIMPROVEMENT,C,38100,7.72,0,0.33,N,2
53,72100,RENT,5.1,VENTURE,E,32000,11.23,1,0.44,Y,12
48,166800,RENT,4.6,PERSONAL,C,36500,7.68,1,0.22,Y,6
55,107600,MORTGAGE,1.5,PERSONAL,C,47800,7.77,0,0.44,N,13
22,73200,RENT,6.0,HOMEIMPROVEMENT,C,34700,5.4,0,0.47,N,6
46,26000,OWN,9.3,VENTURE,A,1600,8.6,0,0.06,N,2
25,53000,MORTGAGE,8.5,MEDICAL,A,18000,6.69,0,0.34,N,9
68,239400,OWN,10.2,PERSONAL,A,50000,6.79,0,0.21,N,2
23,30900,MORTGAGE,4.8,EDUCATION,C,8300,8.13,0,0.27,N,7
38,69100,RENT,5.9,DEBTCONSOLIDATION,D,43400,7.79,0,0.63,N,15
27,116400,RENT,4.3,VENTURE,C,50000,7.24,0,0.43,N,11
54,85200,OTHER,6.8,PERSONAL,A,10100,8.21,0,0.12,N,4
48,103700,MORTGAGE,1.8,PERSONAL,A,12700,6.5,0,0.12,N,12
61,48200,OWN,10.4,EDUCATION,A,16300,5.4,0,0.34,N,5
56,203300,RENT,7.1,HOMEIMPROVEMENT,A,41600,6.42,0,0.2,N,5
24,72400,MORTGAGE,2.4,HOMEIMPROVEMENT,D,32200,8.03,0,0.44,Y,6
39,55000,OWN,3.9,PERSONAL,D,29700,7.88,1,0.54,N,2
52,68200,RENT,0.4,HOMEIMPROVEMENT,E,39700,9.56,0,0.58,N,3
60,62600,OWN,8.9,DEBTCONSOLIDATION,D,37600,8.24,0,0.6,N,3
43,105000,RENT,3.6,DEBTCONSOLIDATION,C,35400,6.6,0,0.34,N,8
36,63600,RENT,4.7,EDUCATION,B,24100,5.82,1,0.38,N,15
24,46900,RENT,8.0,DEBTCONSOLIDATION,A,1700,5.63,0,0.04,N,8
46,44300,MORTGAGE,6.3,DEBTCONSOLIDATION,A,12700,5.4,0,0.29,N,10
41,79300,RENT,2.6,EDUCATION,A,17400,6.84,0,0.22,N,6
35,98400,RENT,11.7,EDUCATION,C,37600,7.03,0,0.38,N,9
58,80200,MORTGAGE,5.5,HOMEIMPROVEMENT,C,38900,7.24,1,0.49,N,11
57,71500,RENT,6.6,PERSONAL,C,4100,7.85,0,0.06,Y,5
42,23400,OWN,4.1,MEDICAL,C,8400,8.92,0,0.36,Y,12
26,40300,MORTGAGE,6.0,MEDICAL,A,2500,5.4,0,0.06,N,3
66,93200,RENT,18.6,DEBTCONSOLIDATION,C,48000,9.94,0,0.52,N,3
60,139500,OWN,6.6,PERSONAL,B,50000,6.14,0,0.36,N,5
23,67200,MORTGAGE,3.4,MEDICAL,A,7700,5.94,0,0.11,N,7
46,75200,MORTGAGE,1.3,HOMEIMPROVEMENT,D,21400,8.66,0,0.28,Y,5
46,149400,MORTGAGE,0.9,DEBTCONSOLIDATION,C,50000,7.22,0,0.33,Y,9
39,90000,MORTGAGE,5.0,EDUCATION,D,39600,10.16,0,0.44,N,2
54,68400,MORTGAGE,7.7,DEBTCONSOLIDATION,B,7900,8.55,0,0.12,Y,6
49,97700,RENT,1.6,HOMEIMPROVEMENT,B,50000,7.41,0,0.51,N,12
55,127000,RENT,4.7,DEBTCONSOLIDATION,C,27900,8.15,0,0.22,Y,7
54,124600,RENT,7.3,PERSONAL,C,50000,9.59,0,0.4,N,7
48,61600,RENT,4.4,DEBTCONSOLIDATION,C,24400,8.9,1,0.4,N,6
63,76700,RENT,4.5,EDUCATION,E,42800,9.35,0,0.56,N,8
40,25600,OWN,4.7,DEBTCONSOLIDATION,A,5700,7.17,0,0.22,N,4
44,121200,MORTGAGE,6.2,DEBTCONSOLIDATION,B,50000,6.05,1,0.41,N,4
67,99400,RENT,5.5,PERSONAL,F,50000,13.43,0,0.5,Y,1
32,67400,MORTGAGE,8.1,EDUCATION,A,14000,7.11,0,0.21,N,14
26,63200,MORTGAGE,5.5,DEBTCONSOLIDATION,B,19400,9.13,0,0.31,N,0
29,62300,MORTGAGE,6.0,DEBTCONSOLIDATION,A,23400,5.4,0,0.38,N,5
38,59800,MORTGAGE,5.2,MEDICAL,A,3400,6.43,0,0.06,N,6
37,26900,RENT,4.6,VENTURE,D,11600,6.71,0,0.43,N,2
43,209500,RENT,3.7,HOMEIMPROVEMENT,A,50000,6.38,0,0.24,N,2
30,105400,MORTGAGE,10.5,VENTURE,A,4800,6.61,0,0.05,N,6
26,133300,MORTGAGE,4.8,DEBTCONSOLIDATION,A,12700,5.4,0,0.1,N,6
50,38300,RENT,8.1,EDUCATION,A,6600,6.55,0,0.17,N,6
23,19900,RENT,7.0,PERSONAL,C,6200,5.71,0,0.31,N,3
28,55800,RENT,2.5,DEBTCONSOLIDATION,B,7400,8.3,0,0.13,Y,11
30,44800,MORTGAGE,2.9,MEDICAL,E,24900,11.75,0,0.56,N,5
33,63700,RENT,3.8,HOMEIMPROVEMENT,D,15700,9.8,1,0.25,Y,2
42,82700,RENT,9.5,MEDICAL,A,5000,5.56,0,0.06,N,19
44,109900,RENT,5.3,EDUCATION,D,50000,8.07,1,0.45,N,4
63,153000,OWN,4.9,EDUCATION,C,50000,7.55,0,0.33,N,5
58,72500,RENT,4.0,VENTURE,D,31900,8.6,1,0.44,N,14
44,73900,MORTGAGE,5.5,VENTURE,B,30700,5.4,0,0.42,N,5
46,117000,RENT,2.3,EDUCATION,B,12200,8.83,0,0.1,N,7
42,139300,RENT,10.4,EDUCATION,A,37600,5.4,0,0.27,N,6
39,41400,RENT,13.8,HOMEIMPROVEMENT,C,23100,5.96,0,0.56,N,2
63,115500,RENT,3.3,MEDICAL,D,47100,8.54,0,0.41,N,4
45,137200,OWN,3.3,DEBTCONSOLIDATION,C,50000,8.57,0,0.36,N,5
34,80800,RENT,18.0,EDUCATION,D,50000,8.87,0,0.62,N,2
56,56700,RENT,7.9,EDUCATION,A,10300,6.22,0,0.18,N,1
36,49900,RENT,5.1,PERSONAL,D,29600,10.92,0,0.59,N,5
43,48700,MORTGAGE,14.5,HOMEIMPROVEMENT,D,27300,10.64,0,0.56,N,3
45,143500,MORTGAGE,2.2,VENTURE,E,48300,10.82,1,0.34,Y,4
33,49900,MORTGAGE,3.4,DEBTCONSOLIDATION,B,23700,7.2,0,0.47,N,10
26,71400,RENT,8.3,PERSONAL,A,14500,5.4,0,0.2,N,7
51,31900,MORTGAGE,4.5,MEDICAL,B,7900,6.91,0,0.25,N,5
25,102000,MORTGAGE,4.4,PERSONAL,B,13100,5.68,0,0.13,Y,4
48,67300,MORTGAGE,7.3,DEBTCONSOLIDATION,C,38100,6.81,0,0.57,N,2
53,139800,RENT,8.8,DEBTCONSOLIDATION,B,39500,5.82,0,0.28,N,6
42,72300,MORTGAGE,3.7,PERSONAL,D,29900,8.16,1,0.41,Y,8
61,127500,MORTGAGE,5.2,HOMEIMPROVEMENT,B,50000,9.72,0,0.39,N,2
51,71200,RENT,2.4,MEDICAL,D,18400,9.38,0,0.26,N,7
67,169500,RENT,1.3,EDUCATION,B,50000,7.84,0,0.29,N,6
47,49600,RENT,1.4,DEBTCONSOLIDATION,E,26300,8.62,0,0.53,N,3
65,174100,MORTGAGE,4.2,DEBTCONSOLIDATION,A,50000,7.12,0,0.29,N,7
39,60900,RENT,13.4,DEBTCONSOLIDATION,F,36900,12.76,1,0.61,Y,3
52,105800,MORTGAGE,1.8,DEBTCONSOLIDATION,F,50000,10.14,0,0.47,Y,1
35,38900,MORTGAGE,16.1,EDUCATION,A,6200,5.4,0,0.16,N,6
44,105800,MORTGAGE,1.5,VENTURE,D,50000,6.86,1,0.47,N,5
55,81200,RENT,1.2,PERSONAL,D,22900,8.54,0,0.28,N,5
46,59200,MORTGAGE,4.2,MEDICAL,B,19800,7.9,0,0.33,N,2
44,154400,MORTGAGE,2.2,HOMEIMPROVEMENT,B,11000,5.4,0,0.07,Y,2
48,74200,OTHER,11.5,VENTURE,A,18300,5.4,0,0.25,N,7
38,93900,RENT,7.9,PERSONAL,A,3300,5.41,0,0.04,N,4
54,67800,RENT,12.0,DEBTCONSOLIDATION,A,2400,6.78,0,0.04,N,6
21,85300,OWN,5.0,DEBTCONSOLIDATION,B,34200,5.78,1,0.4,N,4
34,77400,MORTGAGE,11.6,EDUCATION,D,48600,11.88,1,0.63,N,8
66,86400,RENT,7.4,HOMEIMPROVEMENT,B,15000,7.79,0,0.17,N,7
59,31600,MORTGAGE,9.6,EDUCATION,C,11300,7.9,0,0.36,N,10
31,109500,RENT,11.8,EDUCATION,C,50000,6.35,0,0.46,N,4
21,21000,MORTGAGE,0.9,MEDICAL,C,11900,7.7,0,0.57,N,5
64,146100,MORTGAGE,9.1,EDUCATION,A,50000,5.4,0,0.34,N,1
25,71600,RENT,2.6,EDUCATION,B,23800,7.89,0,0.33,N,9
65,51700,RENT,6.1,EDUCATION,D,33400,10.58,1,0.65,N,8
26,54700,MORTGAGE,1.9,DEBTCONSOLIDATION,A,14100,8.1,0,0.26,N,6
66,67600,RENT,3.7,DEBTCONSOLIDATION,F,41900,11.74,0,0.62,N,3
47,126800,RENT,7.2,PERSONAL,D,50000,7.12,0,0.39,Y,2
66,102900,OWN,11.5,EDUCATION,A,50000,5.4,0,0.49,N,12
34,86500,OTHER,4.1,VENTURE,C,16700,8.26,1,0.19,Y,4
44,103400,RENT,8.6,MEDICAL,C,42000,5.4,0,0.41,N,5
31,38400,RENT,8.1,HOMEIMPROVEMENT,A,5300,7.16,0,0.14,N,10
29,34500,MORTGAGE,8.2,DEBTCONSOLIDATION,A,9600,7.27,0,0.28,N,2
63,57700,RENT,7.0,VENTURE,B,15000,5.7,0,0.26,N,6
58,77500,RENT,13.6,PERSONAL,B,41200,7.79,0,0.53,N,6
23,60900,RENT,5.4,HOMEIMPROVEMENT,B,12700,6.21,1,0.21,N,6
34,215300,MORTGAGE,9.6,EDUCATION,A,50000,7.71,0,0.23,N,2
59,118300,MORTGAGE,5.9,MEDICAL,A,7800,5.4,0,0.07,N,12
54,105300,RENT,5.8,DEBTCONSOLIDATION,A,14800,6.52,0,0.14,N,1
21,55700,RENT,5.0,DEBTCONSOLIDATION,F,35700,11.41,1,0.64,N,5
38,58800,OWN,22.0,PERSONAL,B,19200,7.03,0,0.33,Y,6
39,71200,RENT,5.4,HOMEIMPROVEMENT,B,11200,6.63,0,0.16,N,6
51,91000,RENT,1.5,HOMEIMPROVEMENT,A,10300,6.13,0,0.11,N,7
27,62400,OWN,11.0,PERSONAL,E,34200,9.44,1,0.55,Y,5
44,83700,MORTGAGE,5.1,EDUCATION,A,11300,6.01,0,0.14,N,12
44,56500,RENT,3.0,DEBTCONSOLIDATION,C,21200,6.25,0,0.38,N,7
56,62200,MORTGAGE,1.7,MEDICAL,D,36200,7.03,0,0.58,N,14
63,21000,MORTGAGE,7.4,VENTURE,C,9800,10.01,0,0.47,N,16
36,44400,MORTGAGE,5.2,DEBTCONSOLIDATION,C,19000,7.77,0,0.43,N,4
69,163500,MORTGAGE,18.6,PERSONAL,C,50000,7.72,0,0.31,Y,9
34,55500,MORTGAGE,2.4,EDUCATION,F,32800,12.75,1,0.59,Y,10
49,56200,RENT,2.9,DEBTCONSOLIDATION,C,17300,5.82,1,0.31,N,5
65,61000,RENT,3.0,MEDICAL,F,21000,9.51,0,0.34,Y,9
23,64000,RENT,5.0,HOMEIMPROVEMENT,A,12700,6.95,0,0.2,N,7
37,188900,MORTGAGE,8.8,EDUCATION,A,7400,5.4,0,0.04,N,3
63,75200,RENT,1.4,MEDICAL,D,19300,7.25,0,0.26,N,3
48,68300,MORTGAGE,2.6,MEDICAL,E,35500,8.92,0,0.52,N,11
26,76300,MORTGAGE,2.2,DEBTCONSOLIDATION,B,15600,5.4,0,0.2,N,1
35,42900,RENT,2.3,EDUCATION,D,25600,8.62,1,0.6,N,17
55,48700,RENT,12.0,PERSONAL,B,21000,7.03,0,0.43,N,8
56,57100,RENT,12.7,PERSONAL,E,32100,9.8,0,0.56,N,10
42,43600,MORTGAGE,4.1,DEBTCONSOLIDATION,E,21100,8.45,0,0.48,N,2
48,80800,RENT,12.2,VENTURE,C,50000,7.83,0,0.62,N,8
53,123800,OWN,3.4,DEBTCONSOLIDATION,A,37200,7.54,0,0.3,N,20
42,46100,RENT,2.9,DEBTCONSOLIDATION,A,11600,5.4,0,0.25,N,8
35,78200,RENT,8.3,HOMEIMPROVEMENT,D,39600,6.9,0,0.51,N,6
49,38400,RENT,2.7,HOMEIMPROVEMENT,C,9100,7.38,0,0.24,N,5
34,55300,RENT,12.4,DEBTCONSOLIDATION,A,9600,5.4,0,0.17,N,2
69,69800,MORTGAGE,9.1,EDUCATION,B,43500,8.11,0,0.62,N,12
46,18000,OTHER,3.4,PERSONAL,C,3200,7.57,0,0.18,Y,8
50,21800,RENT,0.9,PERSONAL,C,10000,7.78,0,0.46,N,7
67,59000,MORTGAGE,6.8,PERSONAL,B,23300,7.58,0,0.39,N,12
63,89700,MORTGAGE,19.0,HOMEIMPROVEMENT,A,45300,5.96,0,0.51,N,19
56,91500,MORTGAGE,7.5,EDUCATION,A,27100,6.37,0,0.3,N,5
55,64900,MORTGAGE,4.4,DEBTCONSOLIDATION,A,15500,5.6,0,0.24,N,14
29,48100,RENT,1.6,DEBTCONSOLIDATION,C,17100,5.48,1,0.36,N,3
31,43900,RENT,1.0,EDUCATION,D,28300,9.12,1,0.64,N,7
35,74100,RENT,11.8,DEBTCONSOLIDATION,F,48200,13.43,1,0.65,Y,3
70,82400,OTHER,4.4,EDUCATION,C,50000,5.4,0,0.61,N,16
36,62600,RENT,7.4,DEBTCONSOLIDATION,A,7300,5.47,0,0.12,N,8
63,96500,RENT,4.9,HOMEIMPROVEMENT,B,30300,6.89,0,0.31,N,4
70,157900,RENT,5.8,EDUCATION,C,50000,5.4,1,0.32,N,5
39,80600,OWN,1.9,VENTURE,A,19500,5.4,0,0.24,N,1
33,53900,OTHER,12.0,MEDICAL,B,17700,6.33,1,0.33,N,3
64,108800,MORTGAGE,2.7,MEDICAL,E,50000,9.57,1,0.46,Y,3
56,107100,OWN,3.7,EDUCATION,D,50000,6.15,1,0.47,N,2
68,104100,OWN,1.8,VENTURE,A,28400,5.85,0,0.27,N,10
27,34700,MORTGAGE,2.1,PERSONAL,B,12300,5.4,0,0.35,N,11
28,99600,MORTGAGE,7.9,PERSONAL,A,19200,5.4,0,0.19,N,12
63,55100,MORTGAGE,6.9,PERSONAL,C,34900,8.48,0,0.63,N,3
58,48600,RENT,7.2,VENTURE,A,8300,8.24,0,0.17,N,4
44,60500,RENT,11.9,PERSONAL,D,26500,8.4,0,0.44,N,3
69,57400,OWN,10.4,VENTURE,A,2100,6.51,0,0.04,N,5
24,54300,MORTGAGE,3.1,DEBTCONSOLIDATION,C,30400,6.08,0,0.56,N,3
37,73400,RENT,17.4,MEDICAL,A,17500,5.74,0,0.24,N,18
48,53000,MORTGAGE,1.6,MEDICAL,F,27300,10.95,1,0.52,Y,14
57,73000,MORTGAGE,1.7,PERSONAL,A,25100,5.79,0,0.34,N,2
62,85200,MORTGAGE,6.8,DEBTCONSOLIDATION,A,15800,7.1,0,0.19,N,7
22,37300,RENT,6.0,DEBTCONSOLIDATION,A,1600,5.4,0,0.04,N,6
48,131300,RENT,5.5,DEBTCONSOLIDATION,B,30000,5.4,1,0.23,N,2
39,55200,RENT,7.8,EDUCATION,D,29000,7.9,1,0.53,N,10
40,113900,MORTGAGE,1.7,HOMEIMPROVEMENT,B,8000,8.04,0,0.07,Y,3
50,43900,RENT,4.4,MEDICAL,A,8000,7.15,0,0.18,N,12
68,58100,MORTGAGE,10.0,DEBTCONSOLIDATION,A,6700,8.54,0,0.12,N,3
33,98600,RENT,15.6,DEBTCONSOLIDATION,A,6300,5.78,0,0.06,N,3
22,42700,RENT,6.0,EDUCATION,C,10200,6.62,1,0.24,Y,6
25,50600,OWN,4.1,HOMEIMPROVEMENT,B,21900,6.08,0,0.43,N,6
26,76200,RENT,4.0,VENTURE,F,40100,9.48,1,0.53,N,1
64,166400,RENT,4.0,DEBTCONSOLIDATION,B,46000,5.4,1,0.28,Y,17
70,106500,RENT,0.6,DEBTCONSOLIDATION,D,50000,6.97,0,0.47,N,2
50,51400,RENT,7.8,HOMEIMPROVEMENT,E,32800,9.8,1,0.64,Y,9
31,48900,RENT,15.0,MEDICAL,A,2000,5.77,0,0.04,N,14
59,123800,OWN,9.1,MEDICAL,D,50000,9.78,0,0.4,Y,4
22,63900,MORTGAGE,2.6,DEBTCONSOLIDATION,C,33100,7.58,0,0.52,N,6
51,79100,MORTGAGE,2.1,EDUCATION,F,42100,11.92,0,0.53,Y,8
68,96300,MORTGAGE,3.1,MEDICAL,F,50000,8.43,1,0.52,Y,0
44,57700,OWN,9.9,DEBTCONSOLIDATION,A,14700,5.4,0,0.25,N,12
48,150600,OWN,2.9,DEBTCONSOLIDATION,B,31500,5.4,0,0.21,N,5
48,39400,OWN,4.3,EDUCATION,B,12000,6.02,0,0.3,N,4
67,169700,RENT,7.2,DEBTCONSOLIDATION,B,11300,6.34,0,0.07,N,1
60,213500,MORTGAGE,10.5,DEBTCONSOLIDATION,A,50000,9.3,0,0.23,N,4
36,49100,OWN,5.9,PERSONAL,D,26500,8.74,0,0.54,N,2
27,68500,RENT,3.1,DEBTCONSOLIDATION,E,43200,10.08,1,0.63,N,11
27,72800,RENT,3.1,MEDICAL,F,46800,13.04,1,0.64,N,11
40,89600,RENT,8.7,HOMEIMPROVEMENT,A,3200,5.94,0,0.04,N,4
23,42900,RENT,6.5,DEBTCONSOLIDATION,B,13600,6.75,0,0.32,N,7
50,74300,RENT,3.4,EDUCATION,D,22600,9.13,0,0.3,Y,8
50,48700,RENT,4.4,MEDICAL,E,14500,10.25,1,0.3,Y,6
46,43800,MORTGAGE,13.5,VENTURE,C,7500,7.19,0,0.17,Y,3
63,130500,OTHER,4.3,DEBTCONSOLIDATION,A,25200,7.5,0,0.19,N,7
58,61700,MORTGAGE,4.4,DEBTCONSOLIDATION,E,26400,10.4,1,0.43,Y,2
45,58900,OWN,6.2,PERSONAL,B,23700,5.6,1,0.4,N,1
32,71600,OWN,5.8,MEDICAL,C,28700,6.74,0,0.4,N,7
68,82000,RENT,3.8,DEBTCONSOLIDATION,A,3800,7.47,0,0.05,N,8
64,141500,RENT,8.2,DEBTCONSOLIDATION,E,50000,8.82,0,0.35,Y,4
32,44600,MORTGAGE,5.6,MEDICAL,D,11000,9.12,1,0.25,Y,5
39,70000,RENT,21.3,HOMEIMPROVEMENT,A,24500,5.4,0,0.35,N,6
47,112700,MORTGAGE,9.4,DEBTCONSOLIDATION,B,50000,6.21,0,0.44,N,6
48,52600,MORTGAGE,3.1,EDUCATION,B,19900,8.33,0,0.38,N,4
68,71700,MORTGAGE,16.8,EDUCATION,B,35300,7.39,1,0.49,N,6
68,106900,RENT,3.5,DEBTCONSOLIDATION,C,50000,9.13,0,0.47,N,6
30,65500,MORTGAGE,7.4,PERSONAL,A,10400,7.12,0,0.16,N,5
39,111300,OWN,7.5,HOMEIMPROVEMENT,A,26100,5.6,0,0.23,N,17
42,60000,MORTGAGE,7.4,HOMEIMPROVEMENT,A,5300,6.63,0,0.09,N,2
46,97200,OWN,7.2,EDUCATION,B,50000,6.01,0,0.51,N,3
47,81000,OWN,12.1,VENTURE,B,21600,9.11,0,0.27,N,8
60,61100,RENT,8.3,DEBTCONSOLIDATION,C,23200,8.2,0,0.38,N,3
46,40600,OWN,7.3,EDUCATION,A,6800,5.92,0,0.17,N,7
38,61700,RENT,11.3,EDUCATION,B,25600,9.29,0,0.41,N,16
55,64800,RENT,7.3,MEDICAL,C,32600,7.5,0,0.5,N,13
37,53200,RENT,7.9,PERSONAL,A,6800,5.4,0,0.13,N,7
35,72400,MORTGAGE,8.7,MEDICAL,C,36400,9.24,0,0.5,N,6
40,119100,RENT,5.1,DEBTCONSOLIDATION,C,27200,8.63,0,0.23,N,6
27,60700,MORTGAGE,4.4,DEBTCONSOLIDATION,A,9300,6.53,0,0.15,N,10
21,76600,MORTGAGE,5.0,VENTURE,A,17300,6.2,0,0.23,N,5
57,216700,MORTGAGE,11.0,PERSONAL,B,50000,5.4,0,0.23,N,3
33,83100,RENT,16.6,PERSONAL,B,21000,5.48,0,0.25,N,2
44,74800,RENT,9.8,VENTURE,A,3000,5.4,0,0.04,N,3
36,91400,OTHER,6.4,PERSONAL,A,28300,6.53,0,0.31,N,7
68,132800,RENT,4.4,DEBTCONSOLIDATION,C,50000,7.58,0,0.38,N,5
64,126500,RENT,1.2,DEBTCONSOLIDATION,C,46200,6.55,0,0.37,N,5
39,103600,MORTGAGE,3.4,DEBTCONSOLIDATION,C,50000,6.1,0,0.48,N,8
62,59800,RENT,9.6,VENTURE,C,30800,7.81,0,0.52,N,3
33,180000,MORTGAGE,6.9,DEBTCONSOLIDATION,A,50000,7.12,0,0.28,N,3
46,147800,RENT,1.2,PERSONAL,A,50000,7.26,0,0.34,N,17
25,39700,MORTGAGE,1.3,EDUCATION,C,19700,7.65,0,0.5,N,9
43,156100,MORTGAGE,15.2,DEBTCONSOLIDATION,A,24100,5.4,0,0.15,N,5
36,75400,RENT,5.7,DEBTCONSOLIDATION,D,48200,8.77,1,0.64,N,18
34,60700,OWN,4.7,EDUCATION,C,11800,6.7,1,0.19,Y,5
59,58100,MORTGAGE,2.2,VENTURE,A,5300,5.4,0,0.09,N,4
39,29500,RENT,9.2,MEDICAL,C,11600,7.25,0,0.39,N,5
67,67800,MORTGAGE,1.7,MEDICAL,C,25100,8.14,0,0.37,N,7
45,61900,RENT,2.0,EDUCATION,F,33700,10.25,0,0.54,N,9
39,65300,RENT,3.2,DEBTCONSOLIDATION,F,38100,13.09,0,0.58,Y,11
67,41100,RENT,2.4,DEBTCONSOLIDATION,A,5800,6.3,0,0.14,N,4
49,249100,OWN,3.1,DEBTCONSOLIDATION,A,50000,5.4,0,0.2,N,3
69,38500,RENT,4.0,MEDICAL,E,22800,10.9,0,0.59,N,3
48,67500,MORTGAGE,1.1,PERSONAL,B,20300,6.46,0,0.3,N,2
37,73200,MORTGAGE,21.0,VENTURE,A,25400,6.95,0,0.35,N,2
35,77500,RENT,9.5,DEBTCONSOLIDATION,E,32100,8.65,1,0.41,Y,1
54,141200,RENT,13.0,HOMEIMPROVEMENT,B,50000,8.52,0,0.35,N,12
45,112200,MORTGAGE,10.2,PERSONAL,A,14700,7.48,0,0.13,N,11
29,88100,OTHER,4.2,DEBTCONSOLIDATION,C,40700,8.63,0,0.46,N,13
50,149000,RENT,8.4,MEDICAL,C,50000,7.36,1,0.34,N,6
24,43200,MORTGAGE,8.0,EDUCATION,D,20700,6.38,0,0.48,N,1
68,127300,RENT,5.6,PERSONAL,C,50000,7.8,1,0.39,N,3
68,61700,RENT,5.7,MEDICAL,F,20600,10.8,0,0.33,Y,5
45,69600,RENT,2.1,PERSONAL,B,2900,8.12,0,0.04,N,10
69,287400,OWN,9.8,EDUCATION,B,50000,6.73,0,0.17,Y,5
60,39900,RENT,10.6,PERSONAL,B,9000,6.53,1,0.23,Y,6
27,53200,MORTGAGE,7.4,HOMEIMPROVEMENT,B,13500,6.6,0,0.25,Y,4
70,127600,RENT,4.0,VENTURE,B,50000,7.01,0,0.39,N,8
58,55400,MORTGAGE,8.4,MEDICAL,A,10000,7.81,0,0.18,Y,16
29,147900,OWN,3.7,PERSONAL,B,50000,5.69,0,0.34,N,10
53,148300,RENT,12.1,DEBTCONSOLIDATION,B,50000,5.4,0,0.34,N,8
59,78400,RENT,17.5,MEDICAL,B,31300,7.0,0,0.4,N,3
49,50000,MORTGAGE,6.6,VENTURE,C,24800,7.52,0,0.5,N,4
59,68600,RENT,4.8,MEDICAL,B,13700,5.4,0,0.2,N,1
57,88900,RENT,13.0,DEBTCONSOLIDATION,D,24300,6.43,0,0.27,Y,5
67,81700,MORTGAGE,6.0,HOMEIMPROVEMENT,A,24800,5.62,0,0.3,N,6
33,75600,RENT,6.5,VENTURE,B,37600,6.45,0,0.5,N,17
26,43300,RENT,2.1,PERSONAL,A,15400,5.4,0,0.36,N,10
28,93800,RENT,3.9,DEBTCONSOLIDATION,B,26400,8.08,0,0.28,N,10
50,44300,MORTGAGE,5.3,VENTURE,A,6800,7.24,0,0.15,N,2
21,47600,RENT,2.6,VENTURE,C,7000,6.25,0,0.15,Y,5
24,53800,OWN,2.4,DEBTCONSOLIDATION,B,18200,5.4,0,0.34,N,8
32,36800,RENT,4.8,DEBTCONSOLIDATION,A,4500,5.6,0,0.12,N,4
57,38200,RENT,10.7,VENTURE,C,19600,8.19,0,0.51,N,7
70,29500,RENT,21.2,MEDICAL,A,4700,5.46,0,0.16,N,2
56,60300,RENT,4.0,HOMEIMPROVEMENT,A,20600,5.4,0,0.34,N,5
40,92900,MORTGAGE,0.5,DEBTCONSOLIDATION,D,33600,6.95,0,0.36,Y,2
27,128900,MORTGAGE,4.6,DEBTCONSOLIDATION,D,49500,8.94,1,0.38,Y,3
24,81100,MORTGAGE,5.6,MEDICAL,D,34800,7.5,0,0.43,N,8
67,65700,OWN,6.9,DEBTCONSOLIDATION,B,26000,7.56,0,0.4,N,9
36,40800,RENT,1.0,DEBTCONSOLIDATION,A,9600,7.63,0,0.24,N,8
25,59900,OWN,4.9,VENTURE,B,27200,6.75,0,0.45,N,8
21,41600,RENT,5.0,EDUCATION,E,24700,9.46,1,0.59,N,5
54,35700,RENT,2.8,PERSONAL,C,11500,7.26,1,0.32,N,7
42,62600,RENT,17.9,PERSONAL,C,20600,8.34,0,0.33,Y,10
52,51700,RENT,4.3,MEDICAL,E,31900,10.69,0,0.62,N,3
50,30100,MORTGAGE,3.4,DEBTCONSOLIDATION,A,1300,8.07,0,0.04,N,11
22,61700,RENT,3.6,PERSONAL,C,15700,7.6,0,0.25,N,6
30,122900,MORTGAGE,14.0,VENTURE,A,38700,5.9,0,0.31,N,3
45,163900,RENT,15.7,VENTURE,B,50000,6.92,0,0.31,N,6
23,54300,MORTGAGE,3.7,HOMEIMPROVEMENT,D,17500,6.92,0,0.32,Y,6
64,54500,RENT,9.2,EDUCATION,C,31600,6.84,0,0.58,N,5
52,46800,RENT,6.0,EDUCATION,D,20700,8.38,0,0.44,N,8
46,83100,OTHER,5.2,EDUCATION,A,42500,6.45,0,0.51,N,5
64,99500,OTHER,4.5,VENTURE,A,27800,7.14,0,0.28,N,16
42,123000,MORTGAGE,4.4,DEBTCONSOLIDATION,B,40500,7.16,0,0.33,N,6
66,34000,RENT,2.4,DEBTCONSOLIDATION,B,4700,5.52,0,0.14,Y,17
35,73500,RENT,6.3,PERSONAL,B,28700,8.32,0,0.39,N,6
40,136000,OWN,3.5,HOMEIMPROVEMENT,B,50000,6.51,1,0.37,N,12
48,33200,RENT,7.2,HOMEIMPROVEMENT,C,15000,9.1,0,0.45,N,6
51,90500,OWN,1.1,MEDICAL,E,50000,11.35,1,0.55,N,6
25,103900,MORTGAGE,9.0,EDUCATION,A,43800,5.4,0,0.42,N,7
33,53100,MORTGAGE,5.3,EDUCATION,A,10300,6.96,1,0.19,N,2
64,88000,MORTGAGE,1.2,MEDICAL,C,29400,10.08,1,0.33,Y,14
45,49600,MORTGAGE,12.1,VENTURE,A,4600,5.4,0,0.09,N,1
55,103000,MORTGAGE,6.3,PERSONAL,B,50000,6.69,0,0.49,N,5
32,45400,RENT,3.7,EDUCATION,B,15500,7.27,0,0.34,N,12
32,57700,RENT,0.2,HOMEIMPROVEMENT,C,19100,8.66,0,0.33,N,2
45,56400,OWN,1.7,VENTURE,C,18700,5.91,1,0.33,N,6
25,31100,RENT,4.5,VENTURE,C,12500,5.52,0,0.4,N,4
54,53300,MORTGAGE,2.8,EDUCATION,A,6900,7.06,0,0.13,N,9
70,61100,OWN,16.6,VENTURE,E,34300,7.47,0,0.56,Y,4
69,97700,RENT,4.0,EDUCATION,D,42400,7.18,0,0.43,N,5
26,109000,MORTGAGE,7.6,HOMEIMPROVEMENT,A,6400,5.64,0,0.06,N,3
61,121200,RENT,4.7,EDUCATION,D,50000,6.89,0,0.41,Y,10
46,58900,MORTGAGE,1.7,VENTURE,B,8600,6.81,1,0.15,Y,13
62,37000,RENT,1.9,HOMEIMPROVEMENT,B,10800,8.46,0,0.29,N,3
34,36400,RENT,1.7,VENTURE,C,16900,5.4,0,0.46,N,2
23,110700,RENT,7.0,MEDICAL,C,15700,8.05,1,0.14,Y,6
56,98200,RENT,10.4,PERSONAL,D,50000,9.62,0,0.51,N,7
67,92400,OWN,4.5,PERSONAL,A,10100,5.84,0,0.11,N,5
26,62300,OWN,2.0,MEDICAL,C,25300,7.52,0,0.41,N,6
65,147300,RENT,3.1,PERSONAL,B,36500,7.21,0,0.25,N,9
27,46000,RENT,1.0,EDUCATION,F,28500,11.32,1,0.62,N,5
46,94400,MORTGAGE,8.0,MEDICAL,B,24800,6.14,0,0.26,N,5
23,135900,RENT,7.0,HOMEIMPROVEMENT,B,50000,5.4,0,0.37,N,3
65,105000,RENT,5.3,PERSONAL,A,6100,5.62,0,0.06,N,15
54,113100,OWN,2.9,HOMEIMPROVEMENT,A,16300,5.4,0,0.14,N,6
62,114700,OWN,10.0,HOMEIMPROVEMENT,C,50000,7.48,0,0.44,N,4
68,126000,MORTGAGE,8.5,PERSONAL,A,30200,5.4,0,0.24,N,23
68,45400,MORTGAGE,2.0,DEBTCONSOLIDATION,B,5800,5.4,0,0.13,N,5
52,61700,OWN,4.0,VENTURE,B,12400,5.4,0,0.2,Y,13
53,111100,MORTGAGE,10.6,PERSONAL,B,50000,5.4,0,0.45,N,20
25,50500,RENT,2.1,EDUCATION,B,8400,5.69,0,0.17,N,5
64,49500,MORTGAGE,8.3,DEBTCONSOLIDATION,E,28700,11.33,0,0.58,N,2
34,124900,MORTGAGE,13.3,EDUCATION,A,50000,5.55,0,0.4,N,13
53,165800,RENT,10.3,PERSONAL,E,50000,8.93,0,0.3,Y,2
43,49100,RENT,1.7,DEBTCONSOLIDATION,A,3700,6.23,0,0.08,N,12
43,230000,OWN,5.6,MEDICAL,A,50000,6.16,0,0.22,N,14
68,48600,MORTGAGE,8.1,PERSONAL,B,3000,6.93,0,0.06,Y,0
44,71700,RENT,13.1,PERSONAL,E,30600,10.0,0,0.43,N,5
58,85000,RENT,2.1,DEBTCONSOLIDATION,F,36300,11.88,0,0.43,Y,2
35,117800,RENT,2.2,DEBTCONSOLIDATION,B,17400,5.4,0,0.15,Y,7
52,88500,RENT,12.2,DEBTCONSOLIDATION,B,22100,8.28,0,0.25,N,5
30,49800,MORTGAGE,3.8,PERSONAL,A,4200,5.4,0,0.08,N,1
46,63400,RENT,2.0,DEBTCONSOLIDATION,E,28400,8.08,0,0.45,N,5
65,80000,RENT,6.8,HOMEIMPROVEMENT,D,48400,9.04,0,0.6,N,3
40,73500,RENT,9.6,VENTURE,A,6200,6.63,0,0.08,N,1
47,112000,RENT,5.6,DEBTCONSOLIDATION,A,4900,5.4,0,0.04,N,15
23,62300,MORTGAGE,3.8,PERSONAL,D,27200,8.39,0,0.44,N,4
39,82900,MORTGAGE,6.0,EDUCATION,A,30500,8.14,0,0.37,N,5
39,93200,MORTGAGE,10.3,PERSONAL,D,50000,7.93,1,0.54,N,4
61,88600,RENT,2.9,HOMEIMPROVEMENT,A,4800,5.99,0,0.05,N,4
56,58800,RENT,3.3,DEBTCONSOLIDATION,A,5200,5.4,0,0.09,N,9
29,68100,RENT,2.9,HOMEIMPROVEMENT,A,2500,5.4,0,0.04,N,2
28,60600,RENT,1.1,DEBTCONSOLIDATION,A,5000,5.4,0,0.08,N,11
27,53300,RENT,6.6,DEBTCONSOLIDATION,E,17600,8.6,1,0.33,Y,4
34,266800,RENT,4.9,HOMEIMPROVEMENT,B,31800,7.62,0,0.12,N,3
25,59700,MORTGAGE,6.8,EDUCATION,A,10200,5.4,0,0.17,N,8
69,45600,OTHER,6.8,VENTURE,C,26700,6.93,0,0.59,N,17
52,116400,RENT,3.5,DEBTCONSOLIDATION,E,38300,8.95,0,0.33,Y,7
48,98400,OWN,11.4,EDUCATION,C,33400,7.12,0,0.34,N,2
22,48100,MORTGAGE,5.8,PERSONAL,D,28400,6.34,0,0.59,N,5
41,37900,OWN,11.7,DEBTCONSOLIDATION,A,13600,6.66,0,0.36,N,7
30,245300,OWN,11.8,HOMEIMPROVEMENT,A,50000,5.48,0,0.2,N,14
41,88200,MORTGAGE,3.7,DEBTCONSOLIDATION,B,27000,7.12,1,0.31,N,12
52,106300,RENT,10.8,DEBTCONSOLIDATION,C,44300,7.95,0,0.42,N,8
64,125300,RENT,7.5,DEBTCONSOLIDATION,B,12000,7.14,0,0.1,Y,8
62,37900,RENT,2.5,DEBTCONSOLIDATION,E,22300,8.26,0,0.59,N,7
68,66400,MORTGAGE,1.2,EDUCATION,B,29900,9.34,0,0.45,N,13
65,37100,OWN,1.4,DEBTCONSOLIDATION,A,2200,5.4,0,0.06,N,5
57,74700,MORTGAGE,2.1,HOMEIMPROVEMENT,B,3600,5.72,0,0.05,N,10
59,90200,OTHER,4.4,VENTURE,A,18000,5.7,0,0.2,N,8
36,40100,MORTGAGE,4.7,PERSONAL,B,11100,8.05,0,0.28,N,15
40,61800,RENT,13.7,DEBTCONSOLIDATION,A,2500,6.7,0,0.04,N,6
54,43500,OWN,3.3,DEBTCONSOLIDATION,A,10800,5.4,1,0.25,N,5
61,61500,RENT,4.8,HOMEIMPROVEMENT,B,13400,5.4,0,0.22,N,1
52,74000,RENT,10.2,HOMEIMPROVEMENT,B,17200,5.4,0,0.23,N,10
43,29300,RENT,10.5,DEBTCONSOLIDATION,C,18000,9.66,0,0.61,N,9
36,138700,RENT,5.4,DEBTCONSOLIDATION,D,50000,9.29,1,0.36,Y,12
30,27000,MORTGAGE,1.3,EDUCATION,B,3700,6.96,0,0.14,N,5
48,70800,MORTGAGE,17.6,DEBTCONSOLIDATION,C,35600,8.26,0,0.5,Y,4
59,135900,MORTGAGE,6.2,PERSONAL,B,50000,5.48,0,0.37,N,5
39,139800,OWN,1.6,EDUCATION,C,50000,9.78,0,0.36,N,2
29,158900,OWN,5.9,MEDICAL,D,50000,9.28,1,0.31,Y,3
33,50400,RENT,5.2,DEBTCONSOLIDATION,A,13200,6.75,0,0.26,N,15
50,39700,RENT,9.6,MEDICAL,B,9500,7.1,0,0.24,N,9
21,64800,OWN,5.0,PERSONAL,A,14000,6.2,0,0.22,N,5
40,66300,MORTGAGE,5.2,HOMEIMPROVEMENT,A,4400,9.11,0,0.07,N,3
37,46800,MORTGAGE,9.1,HOMEIMPROVEMENT,C,17900,8.36,1,0.38,N,1
41,137100,MORTGAGE,7.3,EDUCATION,B,50000,6.0,0,0.36,N,17
36,153300,RENT,14.0,DEBTCONSOLIDATION,A,50000,5.45,0,0.33,N,7
35,93400,MORTGAGE,18.8,PERSONAL,A,26900,7.63,0,0.29,N,3
70,72200,MORTGAGE,1.1,HOMEIMPROVEMENT,A,14200,8.56,0,0.2,N,7
23,136100,MORTGAGE,3.8,MEDICAL,A,14200,5.4,1,0.1,N,7
41,98200,RENT,5.7,DEBTCONSOLIDATION,C,50000,7.86,0,0.51,N,14
69,53600,MORTGAGE,3.8,DEBTCONSOLIDATION,B,19500,8.33,0,0.36,N,5
31,79300,RENT,10.8,EDUCATION,A,7300,5.4,0,0.09,N,6
44,66200,RENT,6.0,DEBTCONSOLIDATION,D,35400,7.42,0,0.53,N,3
49,74400,RENT,5.2,DEBTCONSOLIDATION,B,45000,6.77,0,0.6,N,16
55,58900,OWN,3.6,PERSONAL,A,17400,8.45,0,0.3,N,3
51,39400,MORTGAGE,2.3,EDUCATION,B,12600,6.61,0,0.32,N,2
39,30500,MORTGAGE,2.1,PERSONAL,B,8000,6.94,0,0.26,N,3
44,150400,RENT,7.2,PERSONAL,C,50000,6.69,0,0.33,Y,8
22,50000,MORTGAGE,4.5,VENTURE,C,17700,7.45,0,0.35,N,5
39,47000,MORTGAGE,10.5,PERSONAL,B,23300,5.66,0,0.5,N,4
61,225600,MORTGAGE,12.5,PERSONAL,A,50000,5.4,0,0.22,N,10
65,90800,RENT,6.9,HOMEIMPROVEMENT,C,40900,8.48,0,0.45,N,10
62,173100,RENT,9.9,EDUCATION,A,8400,5.4,0,0.05,N,9
63,90300,RENT,6.4,VENTURE,B,38300,8.06,0,0.42,N,11
39,47200,MORTGAGE,2.3,PERSONAL,F,30100,12.67,0,0.64,Y,7
65,66600,MORTGAGE,16.7,MEDICAL,A,16000,6.09,0,0.24,N,10
62,76400,RENT,16.4,PERSONAL,A,21400,6.21,0,0.28,N,2
34,62400,MORTGAGE,7.6,MEDICAL,B,16000,6.95,0,0.26,Y,10
60,187200,RENT,2.8,DEBTCONSOLIDATION,A,8900,5.4,0,0.05,N,6
43,53600,RENT,10.6,HOMEIMPROVEMENT,A,9500,5.91,0,0.18,N,4
24,34500,RENT,5.2,VENTURE,C,15300,8.35,0,0.44,N,8
24,71100,MORTGAGE,6.5,MEDICAL,A,13400,7.41,0,0.19,N,5
33,36000,RENT,12.0,MEDICAL,B,11000,6.91,0,0.31,N,8
32,51300,MORTGAGE,2.5,HOMEIMPROVEMENT,A,3400,5.4,0,0.07,N,7
51,48200,MORTGAGE,1.3,EDUCATION,A,9500,5.98,0,0.2,N,10
46,60500,MORTGAGE,3.6,MEDICAL,B,18600,5.4,0,0.31,N,5
49,46300,OWN,3.1,EDUCATION,D,19200,7.07,0,0.41,Y,6
44,159900,OWN,9.1,MEDICAL,A,50000,6.65,0,0.31,N,4
59,164800,MORTGAGE,8.3,DEBTCONSOLIDATION,B,50000,6.94,0,0.3,N,9
28,40000,RENT,5.4,DEBTCONSOLIDATION,A,1800,7.09,0,0.04,N,2
44,109200,OWN,4.2,VENTURE,C,50000,6.82,0,0.46,N,4
67,102200,RENT,4.0,MEDICAL,B,25800,6.06,0,0.25,N,5
44,43600,OWN,8.1,HOMEIMPROVEMENT,B,18100,8.07,0,0.42,N,7
68,214000,RENT,6.2,PERSONAL,D,50000,7.66,1,0.23,Y,1
31,91400,RENT,6.3,HOMEIMPROVEMENT,C,43200,6.86,0,0.47,N,11
43,73000,RENT,12.5,PERSONAL,B,7800,7.61,0,0.11,N,9
61,107900,RENT,6.9,PERSONAL,B,50000,5.4,1,0.46,N,8
23,138600,RENT,1.8,DEBTCONSOLIDATION,A,9000,7.29,0,0.06,N,6
67,82000,MORTGAGE,6.4,DEBTCONSOLIDATION,C,29300,9.55,0,0.36,N,9
24,52100,MORTGAGE,2.7,EDUCATION,B,15500,7.58,0,0.3,N,8
45,171700,MORTGAGE,7.4,DEBTCONSOLIDATION,A,20900,7.57,0,0.12,N,11
25,98900,MORTGAGE,5.4,DEBTCONSOLIDATION,A,13200,5.4,0,0.13,N,4
35,18000,MORTGAGE,5.0,DEBTCONSOLIDATION,B,2700,7.91,0,0.15,N,15
34,94300,MORTGAGE,13.5,MEDICAL,C,50000,6.96,0,0.53,N,2
28,27300,RENT,2.0,EDUCATION,A,1800,5.9,0,0.07,N,9
69,81600,OWN,0.4,DEBTCONSOLIDATION,E,50000,10.99,1,0.61,Y,14
24,56200,RENT,2.4,VENTURE,F,32200,13.36,0,0.57,Y,6
22,45600,MORTGAGE,3.4,EDUCATION,B,19300,7.75,0,0.42,N,5
53,88400,RENT,3.8,MEDICAL,B,10500,5.4,0,0.12,Y,13
55,81500,MORTGAGE,7.9,DEBTCONSOLIDATION,B,27800,8.22,0,0.34,N,10
29,42300,RENT,5.9,MEDICAL,C,12700,11.11,1,0.3,N,2
23,57600,OTHER,3.4,VENTURE,C,12200,8.3,0,0.21,Y,7
48,34800,MORTGAGE,5.8,DEBTCONSOLIDATION,A,7300,8.34,0,0.21,N,6
47,106600,MORTGAGE,2.9,EDUCATION,A,19400,6.86,0,0.18,N,18
37,80400,RENT,21.0,HOMEIMPROVEMENT,A,17900,7.39,0,0.22,N,3
61,64200,RENT,9.8,HOMEIMPROVEMENT,A,9700,5.4,0,0.15,N,13
42,78100,MORTGAGE,0.6,DEBTCONSOLIDATION,D,17300,8.94,0,0.22,N,1
24,35200,OWN,7.8,DEBTCONSOLIDATION,B,15900,6.88,0,0.45,N,2
29,57300,RENT,2.9,HOMEIMPROVEMENT,C,22100,7.79,0,0.39,N,4
48,46400,MORTGAGE,6.8,MEDICAL,A,5100,5.61,0,0.11,N,6
69,238400,MORTGAGE,3.0,MEDICAL,A,14000,6.8,0,0.06,N,5
41,67100,RENT,5.1,DEBTCONSOLIDATION,B,19700,8.71,0,0.29,N,13
46,38600,MORTGAGE,5.4,DEBTCONSOLIDATION,C,15000,9.09,0,0.39,N,4
22,41800,OTHER,6.0,PERSONAL,D,14100,8.24,1,0.34,Y,5
70,62600,MORTGAGE,5.4,VENTURE,C,30400,5.91,0,0.49,N,14
26,86500,MORTGAGE,10.0,DEBTCONSOLIDATION,E,50000,10.26,0,0.58,N,2
22,74200,MORTGAGE,6.0,PERSONAL,A,19000,6.2,0,0.26,N,1
22,59600,RENT,2.6,MEDICAL,F,34100,11.75,1,0.57,N,6
53,75800,MORTGAGE,9.7,DEBTCONSOLIDATION,B,28200,6.97,0,0.37,N,4
62,98600,MORTGAGE,7.1,HOMEIMPROVEMENT,B,48600,6.94,0,0.49,N,16
53,101600,MORTGAGE,2.1,HOMEIMPROVEMENT,B,50000,6.35,0,0.49,N,1
70,34000,RENT,9.5,EDUCATION,B,12400,6.18,0,0.36,N,5
39,214500,MORTGAGE,23.0,EDUCATION,A,50000,8.1,0,0.23,N,9
58,140800,RENT,8.2,EDUCATION,B,50000,5.66,0,0.36,N,11
33,44800,RENT,4.9,EDUCATION,E,22900,9.25,0,0.51,N,3
39,48100,MORTGAGE,6.7,PERSONAL,A,5200,5.42,0,0.11,N,11
32,61500,RENT,4.2,MEDICAL,D,29900,6.38,0,0.49,N,5
58,199300,MORTGAGE,0.9,HOMEIMPROVEMENT,B,50000,5.99,1,0.25,N,11
28,70000,MORTGAGE,1.5,PERSONAL,C,41600,8.27,0,0.59,N,8
41,53600,RENT,3.8,MEDICAL,E,29900,9.11,0,0.56,N,10
70,46900,MORTGAGE,5.5,EDUCATION,D,13100,8.21,0,0.28,Y,5
65,114500,MORTGAGE,4.9,HOMEIMPROVEMENT,A,26900,7.42,0,0.23,N,2
64,66100,RENT,4.8,VENTURE,E,30700,8.7,0,0.46,N,7
22,73400,MORTGAGE,6.0,DEBTCONSOLIDATION,B,9200,7.22,0,0.13,N,6
51,60200,RENT,1.8,DEBTCONSOLIDATION,C,25100,7.65,0,0.42,N,9
47,60900,MORTGAGE,2.3,DEBTCONSOLIDATION,A,9700,6.9,0,0.16,N,6
26,61700,RENT,2.3,PERSONAL,C,23500,9.2,0,0.38,N,5
22,104200,OWN,6.0,PERSONAL,E,33800,8.75,0,0.32,Y,6
32,68400,RENT,1.3,MEDICAL,E,41600,12.06,1,0.61,N,6
52,33900,MORTGAGE,3.4,VENTURE,C,17600,9.28,1,0.52,N,10
49,80600,RENT,4.3,DEBTCONSOLIDATION,B,8700,6.95,0,0.11,Y,1
46,29700,MORTGAGE,7.1,PERSONAL,D,6000,7.5,0,0.2,Y,6
51,76000,MORTGAGE,18.1,MEDICAL,A,27300,5.4,0,0.36,N,8
26,138300,RENT,10.0,EDUCATION,B,34400,6.09,0,0.25,N,3
59,121900,RENT,2.2,PERSONAL,D,50000,9.04,0,0.41,N,4
57,187200,MORTGAGE,4.6,PERSONAL,A,16400,5.74,0,0.09,N,7
32,78100,MORTGAGE,13.2,DEBTCONSOLIDATION,A,11700,5.4,0,0.15,Y,16
64,123200,RENT,1.5,DEBTCONSOLIDATION,E,35000,9.68,1,0.28,N,1
51,62900,RENT,5.3,DEBTCONSOLIDATION,D,29300,8.25,0,0.47,N,3
35,105000,RENT,3.2,HOMEIMPROVEMENT,A,14600,5.4,0,0.14,N,7
37,161400,RENT,3.7,DEBTCONSOLIDATION,D,50000,7.54,0,0.31,N,5
56,67400,RENT,3.0,MEDICAL,E,31100,9.28,0,0.46,N,6
50,121800,RENT,9.7,DEBTCONSOLIDATION,A,37900,6.07,0,0.31,N,8
42,58200,MORTGAGE,2.8,PERSONAL,A,15500,9.23,0,0.27,N,11
44,75200,OWN,4.5,MEDICAL,C,30500,8.97,0,0.41,Y,22
27,26600,OTHER,6.1,DEBTCONSOLIDATION,A,4500,5.87,0,0.17,N,2
59,70200,OWN,3.7,MEDICAL,D,34600,8.56,0,0.49,N,2
58,104900,RENT,4.7,HOMEIMPROVEMENT,B,27800,6.14,0,0.27,N,8
27,25500,RENT,6.6,MEDICAL,C,6200,8.47,1,0.24,N,11
21,63500,MORTGAGE,5.0,DEBTCONSOLIDATION,D,14100,9.4,1,0.22,N,2
40,34500,RENT,18.3,PERSONAL,A,2300,6.86,0,0.07,N,6
51,31500,MORTGAGE,4.4,MEDICAL,B,16300,8.54,0,0.52,N,12
70,87000,RENT,6.1,DEBTCONSOLIDATION,C,24600,6.1,1,0.28,N,15
49,121100,MORTGAGE,2.7,VENTURE,A,28300,5.42,0,0.23,N,7
32,124200,OWN,3.3,EDUCATION,A,42600,7.5,0,0.34,N,16
61,71300,RENT,7.8,PERSONAL,A,5000,7.09,0,0.07,N,10
62,72900,RENT,2.3,MEDICAL,C,20600,5.54,0,0.28,N,3
24,51700,RENT,8.0,EDUCATION,D,32700,8.75,0,0.63,N,5
50,40100,RENT,5.0,EDUCATION,B,6100,5.4,1,0.15,Y,15
52,219900,MORTGAGE,6.7,DEBTCONSOLIDATION,A,50000,6.33,0,0.23,N,5
41,113400,MORTGAGE,7.6,DEBTCONSOLIDATION,B,15900,5.41,0,0.14,Y,10
68,38400,MORTGAGE,0.6,PERSONAL,A,15900,5.4,0,0.41,N,9
64,114000,MORTGAGE,7.2,DEBTCONSOLIDATION,A,14800,8.77,0,0.13,N,11
35,119200,RENT,3.7,EDUCATION,D,50000,8.35,0,0.42,N,4
31,112700,RENT,13.8,DEBTCONSOLIDATION,A,38400,7.57,0,0.34,N,8
46,59500,RENT,2.4,DEBTCONSOLIDATION,B,14100,6.97,0,0.24,N,3
65,115500,MORTGAGE,2.7,HOMEIMPROVEMENT,C,42300,7.87,0,0.37,N,2
22,56100,RENT,2.7,EDUCATION,B,13900,6.93,0,0.25,N,6
47,33200,RENT,6.8,VENTURE,C,15000,9.22,0,0.45,N,3
32,72900,RENT,4.8,EDUCATION,A,6100,6.44,0,0.08,N,5
34,87200,RENT,4.1,PERSONAL,A,11700,7.12,0,0.13,N,9
49,170000,MORTGAGE,1.1,VENTURE,C,50000,9.48,0,0.29,N,7
39,130200,OWN,10.1,EDUCATION,B,41000,7.98,0,0.31,N,7
63,179200,RENT,3.5,DEBTCONSOLIDATION,C,50000,6.75,0,0.28,N,1
56,154600,MORTGAGE,7.5,PERSONAL,B,50000,6.95,0,0.32,N,2
41,51000,MORTGAGE,4.0,PERSONAL,A,13500,5.82,0,0.26,N,4
58,121200,OWN,4.1,HOMEIMPROVEMENT,A,19100,7.72,0,0.16,N,4
53,68500,RENT,13.6,DEBTCONSOLIDATION,A,18800,5.4,0,0.27,N,8
34,37100,RENT,5.3,VENTURE,D,18100,6.15,0,0.49,N,10
50,82700,OWN,4.3,HOMEIMPROVEMENT,C,42500,6.91,0,0.51,N,13
54,95100,RENT,0.9,PERSONAL,C,37500,8.93,1,0.39,N,2
27,37500,RENT,1.8,HOMEIMPROVEMENT,A,4300,5.4,0,0.11,N,7
66,49500,RENT,10.7,VENTURE,D,28200,8.53,1,0.57,N,7
50,88100,MORTGAGE,6.9,EDUCATION,A,8600,5.4,0,0.1,N,4
49,44200,RENT,11.1,VENTURE,B,15700,5.88,0,0.36,N,11
32,70500,MORTGAGE,0.7,EDUCATION,C,44200,6.76,0,0.63,N,12
51,78600,OTHER,3.1,HOMEIMPROVEMENT,D,34300,6.68,0,0.44,N,3
22,118300,MORTGAGE,6.0,PERSONAL,C,50000,8.24,0,0.42,N,6
43,20800,MORTGAGE,14.9,MEDICAL,B,13300,7.79,0,0.64,N,4
29,43300,RENT,5.5,DEBTCONSOLIDATION,D,20300,7.97,0,0.47,N,4
60,119400,OTHER,1.9,DEBTCONSOLIDATION,A,16200,6.14,0,0.14,N,8
34,60300,RENT,2.4,MEDICAL,C,35100,7.18,0,0.58,N,6
47,53800,RENT,3.5,MEDICAL,B,5400,7.01,0,0.1,Y,11
21,114300,RENT,5.0,PERSONAL,B,34200,6.52,0,0.3,N,4
30,102700,RENT,0.9,DEBTCONSOLIDATION,C,50000,7.64,0,0.49,N,8
32,55100,RENT,9.2,VENTURE,F,32700,12.35,1,0.59,N,4
68,136300,RENT,5.4,HOMEIMPROVEMENT,E,50000,8.59,0,0.37,Y,5
39,70600,OWN,11.4,HOMEIMPROVEMENT,C,39500,9.44,0,0.56,N,2
64,129300,MORTGAGE,4.9,DEBTCONSOLIDATION,D,33200,8.15,0,0.26,Y,3
36,82400,RENT,20.0,HOMEIMPROVEMENT,A,9500,6.47,0,0.12,N,12
44,60800,RENT,3.6,DEBTCONSOLIDATION,E,39400,6.63,1,0.65,N,3
53,51300,MORTGAGE,7.1,MEDICAL,D,29100,7.34,0,0.57,N,13
55,180900,MORTGAGE,4.5,DEBTCONSOLIDATION,B,46400,5.98,0,0.26,N,1
45,152800,RENT,12.0,EDUCATION,B,28400,6.32,0,0.19,N,1
21,89500,RENT,5.0,EDUCATION,B,20200,6.87,0,0.23,N,5
38,133600,MORTGAGE,9.4,DEBTCONSOLIDATION,C,27700,8.63,1,0.21,Y,17
26,46900,MORTGAGE,5.5,PERSONAL,C,21200,5.4,0,0.45,N,5
57,97100,MORTGAGE,5.0,MEDICAL,A,9100,7.21,0,0.09,N,9
34,69200,RENT,2.4,DEBTCONSOLIDATION,C,23900,8.32,0,0.35,N,4
62,95000,RENT,13.8,PERSONAL,B,31700,5.93,0,0.33,N,4
27,50200,MORTGAGE,3.3,DEBTCONSOLIDATION,C,15100,8.03,0,0.3,Y,4
69,70900,RENT,5.6,HOMEIMPROVEMENT,B,20700,9.53,1,0.29,N,7
42,66600,MORTGAGE,4.2,VENTURE,E,41200,8.8,1,0.62,N,4
61,68000,RENT,6.3,PERSONAL,A,4200,6.86,0,0.06,N,8
57,108200,RENT,15.6,DEBTCONSOLIDATION,B,47300,8.62,0,0.44,N,9
30,159200,MORTGAGE,2.0,EDUCATION,A,50000,5.7,0,0.31,N,9
38,92700,OWN,15.9,HOMEIMPROVEMENT,B,50000,7.58,0,0.54,N,5
58,115000,RENT,11.8,VENTURE,C,50000,9.02,0,0.43,N,7
40,59000,OWN,17.3,VENTURE,A,12600,5.44,0,0.21,N,2
31,55100,RENT,2.8,DEBTCONSOLIDATION,F,32200,10.88,1,0.58,N,4
22,41900,MORTGAGE,4.3,EDUCATION,B,14600,5.4,0,0.35,N,6
68,120200,RENT,9.0,VENTURE,B,35900,6.32,0,0.3,N,9
23,70300,RENT,1.0,MEDICAL,F,38600,13.55,0,0.55,Y,7
39,81100,MORTGAGE,7.6,DEBTCONSOLIDATION,E,45900,9.39,0,0.57,Y,6
22,32400,RENT,0.7,MEDICAL,C,7200,5.95,0,0.22,N,6
70,110900,MORTGAGE,10.9,PERSONAL,A,25100,6.3,0,0.23,N,9
66,93400,RENT,11.6,DEBTCONSOLIDATION,D,50000,6.39,0,0.54,N,8
34,59700,MORTGAGE,3.1,MEDICAL,B,19500,6.24,0,0.33,N,3
46,46800,MORTGAGE,5.5,DEBTCONSOLIDATION,C,26300,7.93,0,0.56,N,7
65,90400,MORTGAGE,6.2,DEBTCONSOLIDATION,B,37000,7.7,0,0.41,N,11
36,60600,OWN,4.8,MEDICAL,B,8600,7.17,0,0.14,Y,12
37,57900,RENT,7.8,MEDICAL,D,34000,8.16,0,0.59,N,9
70,123200,OWN,6.8,HOMEIMPROVEMENT,B,32500,6.98,0,0.26,N,11
49,52200,RENT,14.2,MEDICAL,B,15100,9.21,0,0.29,N,3
39,30200,OTHER,3.8,PERSONAL,D,14900,7.71,0,0.49,N,5
38,68100,MORTGAGE,12.3,HOMEIMPROVEMENT,C,22000,7.06,0,0.32,Y,10
60,128800,RENT,7.4,VENTURE,A,30800,6.5,0,0.24,N,26
30,79400,OWN,12.7,MEDICAL,A,7000,6.9,0,0.09,N,4
29,60000,RENT,6.1,HOMEIMPROVEMENT,B,15500,7.15,0,0.26,N,2
51,63200,OWN,4.3,DEBTCONSOLIDATION,A,9000,5.4,0,0.14,N,6
42,125400,RENT,2.4,MEDICAL,C,20500,9.46,0,0.16,Y,3
41,77800,RENT,1.8,VENTURE,D,42100,7.07,0,0.54,N,9
70,46300,MORTGAGE,7.9,PERSONAL,A,20400,5.4,0,0.44,N,5
53,76400,RENT,8.9,PERSONAL,F,45400,12.25,1,0.59,Y,2
51,127200,RENT,5.6,PERSONAL,A,14200,5.43,0,0.11,N,9
63,42800,RENT,1.4,MEDICAL,E,23300,10.54,0,0.54,N,7
60,96500,MORTGAGE,10.3,MEDICAL,C,38000,8.49,0,0.39,Y,9
34,63500,RENT,5.8,MEDICAL,D,39100,10.32,1,0.62,N,5
39,147000,RENT,1.9,PERSONAL,A,18000,5.51,0,0.12,N,4
46,81300,OWN,9.0,EDUCATION,D,31700,9.82,0,0.39,Y,7
69,97800,RENT,8.5,VENTURE,B,50000,5.4,0,0.51,N,17
69,118800,OWN,4.2,MEDICAL,B,36400,5.4,1,0.31,N,1
70,87700,RENT,2.8,MEDICAL,D,3700,10.87,0,0.04,Y,7
69,60600,MORTGAGE,6.7,PERSONAL,C,34900,5.96,0,0.58,N,2
31,46500,RENT,13.4,DEBTCONSOLIDATION,C,9100,8.8,1,0.2,Y,15
39,134300,RENT,5.3,PERSONAL,C,46800,8.28,0,0.35,N,2
31,44100,RENT,10.5,PERSONAL,A,4100,5.4,0,0.09,N,6
24,21600,MORTGAGE,7.1,PERSONAL,A,3900,5.41,0,0.18,N,4
28,35100,OTHER,9.3,EDUCATION,A,4700,5.46,0,0.13,N,4
35,52300,OWN,3.2,DEBTCONSOLIDATION,C,6200,8.21,0,0.12,Y,9
49,46400,MORTGAGE,8.3,EDUCATION,E,28600,9.12,1,0.62,Y,4
69,80600,RENT,4.4,HOMEIMPROVEMENT,A,5800,6.07,0,0.07,N,4
46,23200,MORTGAGE,1.2,DEBTCONSOLIDATION,D,13500,7.85,0,0.58,N,7
27,77900,MORTGAGE,4.0,MEDICAL,A,8300,6.47,0,0.11,N,11
45,63900,MORTGAGE,9.4,PERSONAL,A,17100,6.05,0,0.27,N,10
44,72800,RENT,4.0,EDUCATION,A,22600,6.9,0,0.31,N,7
70,94900,RENT,8.6,VENTURE,A,11200,5.84,0,0.12,N,12
25,18000,RENT,6.0,VENTURE,A,2300,7.72,0,0.13,N,2
61,144100,RENT,1.1,EDUCATION,B,50000,8.54,0,0.35,N,17
65,129100,MORTGAGE,13.9,VENTURE,A,20300,6.81,0,0.16,N,10
27,20000,MORTGAGE,1.3,DEBTCONSOLIDATION,A,1900,5.97,0,0.1,N,11
57,56500,RENT,1.8,MEDICAL,C,25400,8.6,1,0.45,N,6
53,34800,MORTGAGE,15.2,EDUCATION,C,18200,5.8,1,0.52,N,2
51,123200,OTHER,2.9,DEBTCONSOLIDATION,A,19900,8.56,0,0.16,N,12
41,73400,MORTGAGE,17.4,HOMEIMPROVEMENT,A,8800,5.4,0,0.12,N,3
61,79600,RENT,3.9,DEBTCONSOLIDATION,E,6400,8.1,0,0.08,Y,2
45,137200,MORTGAGE,5.5,PERSONAL,A,38400,5.4,1,0.28,N,3
70,41900,MORTGAGE,8.9,DEBTCONSOLIDATION,C,25300,8.28,0,0.6,N,4
70,130600,MORTGAGE,0.9,DEBTCONSOLIDATION,C,47300,9.02,0,0.36,Y,3
31,41100,MORTGAGE,6.7,DEBTCONSOLIDATION,C,20800,8.05,1,0.51,N,6
66,103300,RENT,7.8,MEDICAL,A,9400,8.31,0,0.09,N,1
40,58300,OWN,2.0,EDUCATION,A,16000,6.89,0,0.27,N,6
52,81900,MORTGAGE,5.4,HOMEIMPROVEMENT,A,15600,5.43,0,0.19,N,5
68,94500,RENT,8.4,DEBTCONSOLIDATION,D,41200,7.61,0,0.44,N,4
25,69700,MORTGAGE,1.8,MEDICAL,D,42800,9.53,1,0.61,N,5
46,92700,MORTGAGE,2.8,VENTURE,C,50000,8.18,0,0.54,N,21
63,78400,MORTGAGE,3.9,HOMEIMPROVEMENT,A,13300,5.4,1,0.17,N,16
69,48400,RENT,2.2,DEBTCONSOLIDATION,C,9900,8.47,0,0.2,N,7
24,96200,RENT,3.0,HOMEIMPROVEMENT,A,6200,5.64,0,0.06,N,8
60,77500,MORTGAGE,6.9,PERSONAL,D,29100,8.73,1,0.38,Y,5
60,86800,RENT,6.6,EDUCATION,B,30700,5.4,0,0.35,N,2
56,140900,MORTGAGE,10.5,MEDICAL,A,31800,6.6,0,0.23,N,6
26,44300,RENT,5.8,EDUCATION,A,14600,6.49,0,0.33,N,10
48,49000,OWN,3.8,EDUCATION,B,18100,7.35,0,0.37,N,14
34,63500,RENT,2.8,EDUCATION,B,12600,8.1,0,0.2,N,3
29,53500,MORTGAGE,9.0,MEDICAL,A,21500,6.32,0,0.4,N,13
29,96000,MORTGAGE,6.9,DEBTCONSOLIDATION,A,9600,6.42,0,0.1,N,4
60,67700,MORTGAGE,6.5,EDUCATION,B,31900,5.4,0,0.47,N,4
67,124900,RENT,7.1,MEDICAL,A,29500,5.62,0,0.24,N,7
27,96500,RENT,1.1,PERSONAL,B,17900,6.95,0,0.19,N,4
60,65900,MORTGAGE,2.1,DEBTCONSOLIDATION,C,20100,5.44,0,0.31,Y,13
55,93900,RENT,10.0,HOMEIMPROVEMENT,C,28800,5.72,0,0.31,N,4
24,50200,MORTGAGE,6.7,PERSONAL,B,13400,6.64,0,0.27,N,3
59,146300,RENT,4.0,HOMEIMPROVEMENT,D,50000,6.05,0,0.34,Y,14
60,48200,OWN,4.4,DEBTCONSOLIDATION,B,10700,8.18,0,0.22,N,4
31,96400,MORTGAGE,2.7,DEBTCONSOLIDATION,A,18000,6.41,0,0.19,N,11
40,150600,RENT,10.0,DEBTCONSOLIDATION,B,43100,6.23,0,0.29,N,6
69,89400,MORTGAGE,8.0,DEBTCONSOLIDATION,C,44900,7.68,0,0.5,N,5
56,78100,MORTGAGE,12.9,DEBTCONSOLIDATION,D,48400,8.77,0,0.62,N,3
47,59400,RENT,1.4,VENTURE,B,15000,7.33,1,0.25,N,3
59,198400,MORTGAGE,3.7,HOMEIMPROVEMENT,B,50000,7.22,0,0.25,Y,15
25,81400,RENT,4.5,PERSONAL,B,32400,5.4,0,0.4,N,9
38,73300,OWN,2.5,VENTURE,B,10900,7.12,0,0.15,N,3
56,45700,RENT,6.0,VENTURE,D,15100,7.46,0,0.33,N,10
50,92100,MORTGAGE,7.7,MEDICAL,C,36600,7.53,0,0.4,N,8
60,52900,RENT,8.1,VENTURE,A,3500,6.53,0,0.07,N,4
37,89700,RENT,9.7,DEBTCONSOLIDATION,F,50000,12.03,0,0.56,Y,6
43,166600,RENT,5.9,DEBTCONSOLIDATION,E,50000,10.04,0,0.3,Y,3
40,67300,MORTGAGE,7.7,DEBTCONSOLIDATION,A,3600,6.86,0,0.05,N,4
31,36600,MORTGAGE,0.2,DEBTCONSOLIDATION,D,17100,6.64,0,0.47,N,5
55,36600,RENT,2.9,MEDICAL,A,4700,6.12,0,0.13,N,12
47,63400,MORTGAGE,4.1,PERSONAL,A,8900,6.9,0,0.14,N,5
41,123100,RENT,6.3,DEBTCONSOLIDATION,C,50000,10.58,0,0.41,N,6
50,147600,RENT,3.1,DEBTCONSOLIDATION,B,50000,7.18,0,0.34,Y,6
56,62700,MORTGAGE,2.2,EDUCATION,E,38800,8.44,0,0.62,N,4
36,199400,RENT,7.7,PERSONAL,A,50000,5.4,1,0.25,N,4
42,97300,MORTGAGE,3.4,PERSONAL,A,16500,5.4,0,0.17,N,5
30,33200,OWN,11.9,HOMEIMPROVEMENT,A,5300,5.88,0,0.16,N,8
31,57000,RENT,7.6,MEDICAL,B,18300,5.84,0,0.32,N,4
36,40200,OWN,6.8,EDUCATION,C,16100,7.09,0,0.4,Y,8
61,87800,MORTGAGE,12.4,VENTURE,B,39500,5.4,0,0.45,N,5
43,126900,RENT,2.0,HOMEIMPROVEMENT,B,50000,5.4,0,0.39,N,3
60,158100,MORTGAGE,9.4,PERSONAL,A,50000,7.06,0,0.32,N,9
70,74300,MORTGAGE,0.8,VENTURE,D,20500,9.14,1,0.28,Y,16
61,76500,OWN,10.0,VENTURE,A,19700,6.43,0,0.26,N,6
30,100300,MORTGAGE,14.0,HOMEIMPROVEMENT,A,18600,6.79,0,0.19,N,10
63,33000,RENT,3.7,DEBTCONSOLIDATION,A,2800,5.71,0,0.08,N,5
55,48000,MORTGAGE,10.4,PERSONAL,A,5400,7.31,0,0.11,N,20
61,37700,RENT,1.2,PERSONAL,A,2700,8.0,1,0.07,N,4
23,63100,RENT,7.0,MEDICAL,C,15900,6.9,0,0.25,N,7
46,178400,MORTGAGE,21.0,MEDICAL,A,50000,7.08,0,0.28,N,4
44,65800,OWN,4.0,DEBTCONSOLIDATION,A,25400,7.66,0,0.39,N,2
31,85600,OWN,7.0,DEBTCONSOLIDATION,B,36200,8.32,0,0.42,N,1
50,97200,MORTGAGE,16.9,PERSONAL,A,26100,5.4,0,0.27,N,7
55,97500,MORTGAGE,14.0,PERSONAL,A,5100,6.59,0,0.05,N,10
67,76600,RENT,2.3,PERSONAL,C,25300,9.33,0,0.33,N,3
23,41600,RENT,2.1,VENTURE,D,26700,7.62,0,0.64,N,5
70,116100,OWN,3.2,DEBTCONSOLIDATION,C,47200,6.11,0,0.41,N,4
70,167900,MORTGAGE,4.0,EDUCATION,A,19300,5.48,1,0.11,N,5
60,38300,RENT,11.8,DEBTCONSOLIDATION,A,1300,5.4,0,0.03,N,8
31,102100,RENT,9.5,HOMEIMPROVEMENT,A,11600,8.06,1,0.11,N,4
35,140500,RENT,8.6,MEDICAL,D,50000,6.07,1,0.36,Y,8
41,44500,RENT,6.3,DEBTCONSOLIDATION,C,27700,6.23,0,0.62,N,17
55,96000,MORTGAGE,8.5,DEBTCONSOLIDATION,D,29100,7.45,0,0.3,Y,2
34,65300,RENT,6.1,MEDICAL,D,20000,5.4,0,0.31,N,5
53,67300,MORTGAGE,4.1,VENTURE,A,29000,5.4,0,0.43,N,2
23,48100,MORTGAGE,2.4,MEDICAL,A,13600,6.01,0,0.28,N,7
64,63000,OWN,1.0,EDUCATION,A,25000,7.01,0,0.4,N,6
39,64900,RENT,6.2,MEDICAL,B,15400,6.64,0,0.24,N,1
23,75000,MORTGAGE,2.7,MEDICAL,B,13700,5.4,0,0.18,N,5
55,79000,OWN,4.9,PERSONAL,B,18400,6.93,0,0.23,N,5
28,54000,MORTGAGE,2.1,VENTURE,D,30300,7.89,0,0.56,N,1
26,121000,OTHER,4.6,EDUCATION,B,18000,5.4,0,0.15,N,1
27,86500,RENT,4.5,PERSONAL,A,7700,6.9,0,0.09,N,2
27,141800,MORTGAGE,2.5,DEBTCONSOLIDATION,A,14200,5.6,0,0.1,N,7
25,49800,RENT,2.5,VENTURE,F,22700,12.91,1,0.46,Y,2
53,68700,RENT,6.6,DEBTCONSOLIDATION,D,38100,8.34,0,0.55,N,2
22,48000,OWN,6.0,DEBTCONSOLIDATION,A,13300,7.09,0,0.28,N,2
42,111400,RENT,5.3,PERSONAL,A,13600,7.0,0,0.12,N,6
59,70200,RENT,4.3,DEBTCONSOLIDATION,A,7400,5.4,0,0.11,N,4
41,81700,RENT,0.5,DEBTCONSOLIDATION,C,35800,9.28,0,0.44,N,9
35,45900,OWN,6.9,PERSONAL,C,18600,6.86,0,0.41,N,8
36,134100,RENT,12.0,PERSONAL,C,50000,7.82,0,0.37,N,7
24,77400,RENT,1.8,HOMEIMPROVEMENT,C,44200,7.79,0,0.57,N,3
60,187100,MORTGAGE,2.0,MEDICAL,C,50000,11.4,0,0.27,Y,6
35,83400,MORTGAGE,8.5,HOMEIMPROVEMENT,A,9400,5.43,0,0.11,N,7
48,104900,RENT,1.8,MEDICAL,B,14300,6.87,0,0.14,N,2
40,46800,MORTGAGE,3.8,VENTURE,B,11300,6.88,0,0.24,N,4
63,97700,OWN,10.1,VENTURE,B,50000,9.4,1,0.51,N,22
51,63600,MORTGAGE,2.6,VENTURE,C,13500,7.0,0,0.21,Y,4
22,45900,RENT,6.0,PERSONAL,E,28200,9.99,0,0.61,N,1
34,113000,MORTGAGE,1.4,PERSONAL,C,50000,7.27,0,0.44,N,2
53,59700,OWN,5.6,HOMEIMPROVEMENT,C,16600,7.17,0,0.28,Y,5
54,87700,RENT,6.0,DEBTCONSOLIDATION,B,21100,7.35,0,0.24,N,4
64,99800,OWN,12.5,HOMEIMPROVEMENT,A,50000,6.91,0,0.5,N,15
25,68500,MORTGAGE,3.5,VENTURE,D,13300,9.29,1,0.19,Y,3
45,81500,OWN,17.1,PERSONAL,A,26800,5.4,0,0.33,N,24
37,23500,RENT,8.6,DEBTCONSOLIDATION,C,12000,7.24,0,0.51,N,12
39,104700,OWN,7.5,MEDICAL,B,27200,7.78,0,0.26,N,6
48,95300,MORTGAGE,17.5,DEBTCONSOLIDATION,E,47900,10.88,0,0.5,Y,2
65,93000,RENT,3.9,MEDICAL,E,50000,9.76,1,0.54,N,2
33,28500,MORTGAGE,10.0,DEBTCONSOLIDATION,B,10500,7.5,0,0.37,N,9
36,53400,OWN,17.6,DEBTCONSOLIDATION,A,14700,5.4,0,0.28,N,2
45,56300,RENT,5.5,MEDICAL,D,33500,7.83,1,0.6,N,3
32,70500,MORTGAGE,9.4,EDUCATION,A,15300,7.8,0,0.22,N,8
29,37400,RENT,9.5,VENTURE,A,10200,5.83,0,0.27,N,13
39,85400,MORTGAGE,6.2,DEBTCONSOLIDATION,B,34900,6.88,0,0.41,N,4
24,33300,OWN,4.3,PERSONAL,B,3500,5.86,0,0.11,N,8
28,64800,RENT,6.6,EDUCATION,D,39700,7.87,1,0.61,N,9
45,54700,OWN,22.6,DEBTCONSOLIDATION,B,19700,5.4,0,0.36,Y,5
32,92700,MORTGAGE,16.0,VENTURE,A,3700,5.4,0,0.04,N,3
68,79300,MORTGAGE,4.0,HOMEIMPROVEMENT,A,18100,6.75,1,0.23,N,4
62,41700,RENT,3.4,DEBTCONSOLIDATION,D,18700,9.38,1,0.45,N,6
22,131500,MORTGAGE,3.5,PERSONAL,A,33200,6.86,0,0.25,N,6
25,60700,RENT,5.1,PERSONAL,B,12100,7.63,1,0.2,N,2
40,66500,MORTGAGE,2.7,PERSONAL,C,28800,5.4,0,0.43,N,2
55,48100,MORTGAGE,11.3,PERSONAL,A,5400,6.02,0,0.11,N,13
65,103700,OWN,4.5,MEDICAL,B,50000,6.31,0,0.48,N,2
67,111900,MORTGAGE,3.1,VENTURE,B,50000,8.68,1,0.45,N,5
21,102900,OWN,5.0,MEDICAL,B,44200,6.02,0,0.43,N,4
25,67200,MORTGAGE,0.3,PERSONAL,A,10600,6.05,0,0.16,N,6
49,60500,RENT,8.0,DEBTCONSOLIDATION,C,12200,7.07,0,0.2,Y,6
69,66500,RENT,4.1,MEDICAL,C,30400,7.11,0,0.46,N,10
64,57700,RENT,6.3,MEDICAL,B,24700,6.79,0,0.43,N,23
50,162700,MORTGAGE,2.7,PERSONAL,A,50000,7.15,0,0.31,N,5
31,38100,MORTGAGE,7.4,EDUCATION,D,22900,9.37,1,0.6,N,12
59,114500,MORTGAGE,5.6,EDUCATION,C,50000,9.16,0,0.44,N,4
37,36500,RENT,2.6,EDUCATION,A,3500,5.4,0,0.1,N,10
46,213600,RENT,3.9,DEBTCONSOLIDATION,A,16600,6.78,0,0.08,Y,12
70,57800,MORTGAGE,17.8,VENTURE,E,34300,9.7,1,0.59,N,11
67,77500,RENT,14.3,VENTURE,A,5600,6.92,0,0.07,N,1
40,65700,OWN,6.1,EDUCATION,A,18500,7.75,1,0.28,N,20
28,36600,RENT,2.3,VENTURE,C,16600,5.4,0,0.45,N,6
60,62400,OWN,6.4,MEDICAL,B,24300,5.44,0,0.39,N,3
45,129200,RENT,10.4,EDUCATION,E,50000,9.34,0,0.39,Y,1
38,78400,RENT,3.3,MEDICAL,C,25900,5.59,0,0.33,N,16
24,30600,RENT,8.0,DEBTCONSOLIDATION,A,5500,5.95,1,0.18,N,8
62,62100,RENT,9.8,HOMEIMPROVEMENT,E,37600,8.33,1,0.61,N,3
24,248200,OWN,8.0,DEBTCONSOLIDATION,A,50000,7.35,0,0.2,N,8
59,157100,OWN,10.1,MEDICAL,B,50000,6.34,0,0.32,N,10
34,111200,OWN,3.6,VENTURE,A,18600,7.65,1,0.17,Y,2
49,33700,RENT,3.8,HOMEIMPROVEMENT,A,8500,5.73,0,0.25,N,5
56,38000,RENT,6.8,EDUCATION,C,6600,9.52,0,0.17,Y,7
68,58800,MORTGAGE,8.4,PERSONAL,B,20100,5.7,0,0.34,N,2
67,26200,RENT,1.9,HOMEIMPROVEMENT,C,6300,9.14,1,0.24,N,5
44,69500,OWN,13.5,PERSONAL,B,24600,5.4,0,0.35,N,4
39,48400,MORTGAGE,12.0,PERSONAL,A,7700,5.4,0,0.16,N,9
31,58900,RENT,13.8,HOMEIMPROVEMENT,B,23800,9.53,0,0.4,N,3
61,123800,RENT,9.5,PERSONAL,A,21000,5.4,0,0.17,N,8
57,51700,MORTGAGE,9.1,HOMEIMPROVEMENT,C,23900,7.18,0,0.46,N,1
23,55300,OWN,5.3,MEDICAL,D,33500,9.92,0,0.61,N,3
66,111300,MORTGAGE,7.4,DEBTCONSOLIDATION,C,45300,7.79,0,0.41,Y,18
60,105800,RENT,11.9,PERSONAL,C,50000,7.12,1,0.47,N,5
32,61600,RENT,9.3,DEBTCONSOLIDATION,A,3700,6.43,0,0.06,N,9
30,20000,RENT,13.3,HOMEIMPROVEMENT,B,5200,5.45,0,0.26,N,9
65,98000,RENT,7.8,HOMEIMPROVEMENT,D,50000,6.9,0,0.51,Y,13
43,50100,RENT,1.6,VENTURE,D,23900,6.47,0,0.48,N,3
23,90600,RENT,7.0,DEBTCONSOLIDATION,A,3800,5.54,0,0.04,N,7
41,31600,MORTGAGE,4.4,HOMEIMPROVEMENT,A,3600,5.4,0,0.11,N,13
22,43000,OWN,3.5,MEDICAL,E,27200,9.25,0,0.63,N,6
31,73800,RENT,1.5,EDUCATION,F,35800,11.65,0,0.49,Y,6
22,149900,MORTGAGE,6.0,DEBTCONSOLIDATION,A,30500,5.4,0,0.2,N,6
62,109400,MORTGAGE,4.7,EDUCATION,B,50000,6.81,0,0.46,N,15
46,35000,RENT,0.6,HOMEIMPROVEMENT,B,13500,5.4,0,0.39,N,10
27,101600,OWN,1.4,VENTURE,A,16400,7.85,0,0.16,N,3
47,89600,RENT,3.0,EDUCATION,C,12000,5.88,1,0.13,Y,3
57,67800,RENT,8.5,EDUCATION,D,35300,8.01,0,0.52,N,9
44,57400,OWN,9.0,DEBTCONSOLIDATION,C,9600,6.96,0,0.17,N,3
56,68700,OWN,4.4,DEBTCONSOLIDATION,B,30700,5.4,0,0.45,N,3
63,83700,OWN,3.6,EDUCATION,B,9700,5.91,0,0.12,Y,5
25,79000,RENT,3.2,MEDICAL,A,5200,5.8,0,0.07,N,7
26,66300,MORTGAGE,8.4,VENTURE,C,35100,8.3,0,0.53,N,8
53,61600,RENT,2.0,VENTURE,D,29700,10.65,0,0.48,N,13
50,73000,RENT,7.1,DEBTCONSOLIDATION,A,10900,6.33,0,0.15,N,2
63,94400,RENT,5.4,MEDICAL,C,18600,8.35,0,0.2,N,8
61,71200,MORTGAGE,6.1,PERSONAL,B,13300,5.77,0,0.19,N,9
33,91700,RENT,3.2,DEBTCONSOLIDATION,B,13200,7.51,0,0.14,N,3
55,50700,RENT,4.7,DEBTCONSOLIDATION,B,15500,7.63,0,0.31,N,3
23,109000,RENT,3.7,EDUCATION,D,50000,7.82,0,0.46,Y,2
67,151300,OTHER,8.2,DEBTCONSOLIDATION,B,37700,5.4,0,0.25,N,7
70,49800,OWN,6.2,DEBTCONSOLIDATION,D,25200,9.26,0,0.51,N,16
53,206200,RENT,2.1,PERSONAL,B,14900,5.82,0,0.07,N,4
35,68200,MORTGAGE,8.5,DEBTCONSOLIDATION,B,42400,6.12,0,0.62,N,12
70,70700,OTHER,4.8,EDUCATION,C,31500,7.78,0,0.45,N,6
22,59900,RENT,6.0,VENTURE,E,31900,9.89,0,0.53,N,6
47,104600,MORTGAGE,6.0,EDUCATION,A,36300,6.13,0,0.35,N,6
21,27600,MORTGAGE,5.0,HOMEIMPROVEMENT,C,14400,8.43,0,0.52,N,3
53,48400,RENT,4.7,MEDICAL,D,29200,9.77,0,0.6,N,9
56,65500,OTHER,6.3,PERSONAL,B,23200,6.1,1,0.35,N,4
45,117200,OWN,6.8,VENTURE,B,42400,7.95,0,0.36,N,3
48,32500,OWN,15.5,MEDICAL,D,16900,8.79,0,0.52,N,3
38,51700,RENT,12.0,VENTURE,C,23800,7.33,0,0.46,N,9
61,109900,MORTGAGE,1.8,EDUCATION,A,24400,5.4,0,0.22,N,7
58,91200,RENT,9.0,DEBTCONSOLIDATION,C,27800,9.7,0,0.3,Y,9
47,31300,MORTGAGE,11.1,DEBTCONSOLIDATION,C,17900,8.62,0,0.57,N,8
22,107600,OTHER,4.7,MEDICAL,A,11000,6.25,0,0.1,N,6
61,108500,RENT,6.7,DEBTCONSOLIDATION,D,50000,8.91,1,0.46,N,9
58,55200,OWN,3.7,PERSONAL,B,26100,5.4,0,0.47,N,10
43,126300,OWN,4.6,EDUCATION,B,36000,7.54,0,0.29,Y,3
41,116900,RENT,2.8,PERSONAL,C,50000,7.39,0,0.43,N,12
68,35300,MORTGAGE,9.3,VENTURE,A,6000,5.4,0,0.17,N,10
27,68300,RENT,1.6,PERSONAL,E,42500,8.1,1,0.62,N,7
33,143900,MORTGAGE,3.7,PERSONAL,A,50000,6.98,0,0.35,N,3
51,52700,RENT,18.8,EDUCATION,A,11700,7.61,0,0.22,N,4
31,74900,MORTGAGE,15.0,DEBTCONSOLIDATION,B,40700,6.91,0,0.54,N,4
51,61100,OWN,12.3,DEBTCONSOLIDATION,D,39300,11.04,0,0.64,N,8
30,44400,RENT,14.0,DEBTCONSOLIDATION,C,26000,9.74,0,0.59,N,7
22,105800,RENT,6.0,EDUCATION,B,11000,8.47,0,0.1,N,1
23,59900,MORTGAGE,7.0,PERSONAL,A,16300,6.2,0,0.27,N,7
69,100100,MORTGAGE,2.8,DEBTCONSOLIDATION,D,50000,11.19,1,0.5,N,9
65,115300,RENT,3.1,PERSONAL,B,39100,7.02,0,0.34,N,7
28,100300,MORTGAGE,2.6,HOMEIMPROVEMENT,B,34300,5.99,0,0.34,N,3
64,127800,RENT,9.5,MEDICAL,E,42700,10.72,1,0.33,Y,3
67,169700,RENT,9.5,VENTURE,D,50000,7.49,1,0.29,Y,11
34,73300,OWN,8.0,MEDICAL,D,44600,9.01,0,0.61,N,7
42,132500,MORTGAGE,2.4,EDUCATION,A,50000,5.4,0,0.38,N,13
56,85100,MORTGAGE,8.2,HOMEIMPROVEMENT,C,50000,10.17,0,0.59,N,4
60,98900,MORTGAGE,10.8,DEBTCONSOLIDATION,B,17800,6.94,0,0.18,Y,21
25,59500,RENT,0.8,DEBTCONSOLIDATION,D,24400,9.33,0,0.41,N,1
31,50100,MORTGAGE,15.0,MEDICAL,B,28100,6.8,0,0.56,N,3
51,35900,RENT,5.0,MEDICAL,D,15900,8.61,0,0.44,N,5
55,88000,MORTGAGE,0.4,PERSONAL,B,50000,8.5,0,0.57,N,13
48,45300,MORTGAGE,3.6,MEDICAL,B,12700,7.38,0,0.28,N,7
36,49800,RENT,5.0,DEBTCONSOLIDATION,C,13200,8.06,0,0.27,N,6
64,95600,RENT,3.2,HOMEIMPROVEMENT,E,47800,11.12,1,0.5,Y,3
38,67800,RENT,5.2,EDUCATION,B,18400,6.28,1,0.27,N,14
32,56200,MORTGAGE,11.5,MEDICAL,D,29300,8.36,0,0.52,N,15
59,182500,RENT,6.5,DEBTCONSOLIDATION,C,28200,6.93,0,0.15,N,1
66,73700,OWN,12.0,MEDICAL,A,8600,7.13,0,0.12,N,2
34,28000,OWN,7.5,DEBTCONSOLIDATION,B,13400,5.65,0,0.48,N,11
63,87300,MORTGAGE,6.4,EDUCATION,A,29300,6.17,0,0.34,N,8
62,121100,RENT,4.4,HOMEIMPROVEMENT,A,10500,5.4,0,0.09,N,7
37,174000,RENT,6.6,DEBTCONSOLIDATION,B,50000,6.6,0,0.29,N,3
21,51900,RENT,5.0,EDUCATION,C,22600,8.12,0,0.44,N,2
28,76000,RENT,7.4,MEDICAL,A,9500,7.2,0,0.12,N,9
33,36400,RENT,10.5,VENTURE,C,19000,8.17,0,0.52,N,7
65,53900,MORTGAGE,7.5,DEBTCONSOLIDATION,A,4900,7.82,0,0.09,N,4
48,69700,OWN,7.5,DEBTCONSOLIDATION,A,5800,5.69,0,0.08,N,4
34,83400,OWN,6.0,PERSONAL,C,49600,7.13,0,0.59,N,2
43,104600,MORTGAGE,13.7,DEBTCONSOLIDATION,B,50000,5.4,0,0.48,N,6
54,120100,OWN,6.4,HOMEIMPROVEMENT,A,8100,7.85,0,0.07,N,1
65,151000,OWN,6.2,DEBTCONSOLIDATION,B,21900,5.5,0,0.15,N,6
24,50900,MORTGAGE,3.0,EDUCATION,A,2400,6.94,0,0.05,N,8
23,49700,OWN,5.1,HOMEIMPROVEMENT,C,28100,8.66,0,0.57,N,2
69,149100,RENT,6.8,HOMEIMPROVEMENT,C,50000,6.41,0,0.34,N,15
25,88700,MORTGAGE,9.0,PERSONAL,C,50000,6.73,0,0.56,N,8
39,36800,MORTGAGE,2.6,EDUCATION,D,21800,8.69,0,0.59,N,13
45,71900,MORTGAGE,10.7,DEBTCONSOLIDATION,B,27700,8.29,0,0.39,N,4
41,46700,RENT,9.3,DEBTCONSOLIDATION,B,2500,6.07,0,0.05,N,6
70,49800,MORTGAGE,10.8,DEBTCONSOLIDATION,B,12800,7.98,0,0.26,N,2
30,80900,RENT,3.4,EDUCATION,C,46500,8.8,0,0.57,N,14
65,65500,MORTGAGE,17.1,EDUCATION,B,26200,6.25,0,0.4,N,6
42,62900,OWN,0.4,MEDICAL,F,37100,14.02,0,0.59,Y,5
70,105400,OWN,9.3,PERSONAL,A,5300,6.27,0,0.05,N,18
67,60400,RENT,3.2,DEBTCONSOLIDATION,F,20800,12.37,0,0.34,Y,10
41,66300,RENT,3.9,VENTURE,B,19000,7.01,0,0.29,N,3
21,112700,RENT,3.9,PERSONAL,C,50000,7.5,1,0.44,N,5
45,93400,MORTGAGE,3.2,PERSONAL,A,8100,5.64,0,0.09,N,7
70,122500,RENT,14.6,EDUCATION,B,22600,7.1,0,0.18,Y,11
26,116800,RENT,10.0,PERSONAL,A,10300,5.74,0,0.09,Y,5
53,67300,RENT,11.3,PERSONAL,D,39200,10.89,0,0.58,N,8
30,93900,RENT,9.1,EDUCATION,C,47200,9.22,1,0.5,N,4
55,204800,RENT,6.5,HOMEIMPROVEMENT,C,50000,7.23,0,0.24,N,10
48,63400,OWN,4.1,PERSONAL,D,30700,8.06,0,0.48,N,6
26,54000,RENT,5.0,DEBTCONSOLIDATION,E,34600,8.71,1,0.64,N,10
40,83200,OWN,4.8,MEDICAL,B,23000,7.44,0,0.28,N,1
47,48400,RENT,6.3,HOMEIMPROVEMENT,B,9500,8.33,0,0.2,N,12
66,46600,OTHER,12.8,EDUCATION,B,19300,5.52,0,0.41,N,4
41,61400,RENT,14.3,DEBTCONSOLIDATION,C,28800,8.42,0,0.47,N,2
25,84900,OWN,1.3,EDUCATION,D,50000,10.11,0,0.59,N,9
68,127800,RENT,2.5,DEBTCONSOLIDATION,E,50000,11.4,0,0.39,Y,0
59,99900,OWN,18.0,VENTURE,A,15600,6.95,0,0.16,N,17
37,117200,MORTGAGE,4.2,MEDICAL,B,50000,8.77,0,0.43,N,17
32,115100,RENT,5.8,HOMEIMPROVEMENT,B,31600,8.19,0,0.27,N,5
39,98800,RENT,14.0,DEBTCONSOLIDATION,D,50000,7.93,0,0.51,N,5
32,87000,MORTGAGE,8.3,VENTURE,B,29500,5.4,0,0.34,N,4
43,83500,RENT,13.6,DEBTCONSOLIDATION,A,8700,6.61,0,0.1,N,9
63,70000,OWN,5.5,MEDICAL,A,17200,8.71,0,0.25,N,6
52,103600,RENT,6.0,EDUCATION,E,49200,11.15,1,0.47,N,2
58,54400,RENT,15.1,MEDICAL,E,34800,9.91,0,0.64,N,17
60,57800,MORTGAGE,12.6,EDUCATION,C,35900,7.9,0,0.62,N,14
52,102100,RENT,8.0,MEDICAL,B,50000,7.13,0,0.49,N,5
59,67600,MORTGAGE,2.6,DEBTCONSOLIDATION,A,4700,6.42,0,0.07,N,8
65,83400,RENT,6.9,EDUCATION,D,47400,8.56,0,0.57,N,2
43,62000,MORTGAGE,2.8,DEBTCONSOLIDATION,D,36800,8.41,0,0.59,N,8
65,73300,RENT,3.1,DEBTCONSOLIDATION,C,34100,9.26,0,0.47,N,5
64,128100,OWN,12.2,EDUCATION,A,27300,7.39,0,0.21,N,7
42,75700,OWN,1.1,MEDICAL,B,11400,7.53,0,0.15,N,3
26,50600,MORTGAGE,4.9,HOMEIMPROVEMENT,A,16100,6.98,0,0.32,N,3
42,66700,RENT,2.9,DEBTCONSOLIDATION,D,28600,9.69,0,0.43,N,4
21,91300,RENT,1.9,MEDICAL,E,42500,10.47,0,0.47,Y,5
33,135800,MORTGAGE,1.7,DEBTCONSOLIDATION,C,37500,6.97,0,0.28,N,4
49,94200,MORTGAGE,5.0,EDUCATION,C,36300,9.22,0,0.39,N,2
67,65000,OWN,16.5,MEDICAL,A,6300,7.11,0,0.1,N,11
57,47000,OWN,2.8,MEDICAL,C,20600,8.52,0,0.44,N,3
21,52400,OWN,3.9,VENTURE,C,32000,8.35,0,0.61,N,5
60,150400,MORTGAGE,3.9,DEBTCONSOLIDATION,B,50000,6.72,0,0.33,N,6
23,41200,RENT,7.0,HOMEIMPROVEMENT,D,21300,9.72,0,0.52,N,7
33,82200,MORTGAGE,6.0,EDUCATION,E,35800,9.87,1,0.44,Y,10
22,43600,MORTGAGE,4.7,DEBTCONSOLIDATION,C,19200,7.16,1,0.44,N,6
63,87600,RENT,2.9,PERSONAL,B,16600,6.18,0,0.19,N,2
21,59700,RENT,5.0,EDUCATION,C,20000,5.81,0,0.34,N,4
53,80500,OWN,7.7,HOMEIMPROVEMENT,A,7600,6.43,0,0.09,N,5
52,122500,RENT,3.1,EDUCATION,D,43300,6.34,0,0.35,N,2
63,112100,RENT,5.0,PERSONAL,B,42400,6.87,0,0.38,N,18
35,48500,RENT,3.3,DEBTCONSOLIDATION,C,14000,5.91,0,0.29,N,2
21,259900,MORTGAGE,5.0,EDUCATION,A,50000,6.62,0,0.19,N,1
40,54000,RENT,4.6,DEBTCONSOLIDATION,E,24200,7.5,0,0.45,N,6
44,167400,MORTGAGE,7.1,DEBTCONSOLIDATION,C,50000,9.02,0,0.3,Y,13
56,93500,RENT,11.5,HOMEIMPROVEMENT,A,29200,5.4,0,0.31,N,3
26,52800,OTHER,10.0,MEDICAL,B,17700,7.53,0,0.34,N,7
30,160800,RENT,7.3,DEBTCONSOLIDATION,B,50000,5.65,1,0.31,N,2
30,76400,MORTGAGE,6.1,DEBTCONSOLIDATION,C,49300,8.56,0,0.65,N,5
57,37400,RENT,7.7,DEBTCONSOLIDATION,B,15200,6.63,0,0.41,N,6
51,110200,RENT,6.4,DEBTCONSOLIDATION,E,50000,12.96,0,0.45,Y,8
59,66600,MORTGAGE,6.6,VENTURE,A,18100,6.65,0,0.27,N,5
35,48600,MORTGAGE,5.8,HOMEIMPROVEMENT,C,29100,8.48,0,0.6,N,15
26,36400,RENT,10.0,DEBTCONSOLIDATION,A,7900,5.4,0,0.22,N,10
28,46300,RENT,7.8,MEDICAL,E,27700,8.57,1,0.6,N,3
50,91200,RENT,11.5,DEBTCONSOLIDATION,D,50000,8.01,0,0.55,N,1
51,47600,RENT,5.2,DEBTCONSOLIDATION,C,2500,7.51,0,0.05,Y,2
39,64100,OWN,10.3,PERSONAL,C,35200,7.41,0,0.55,N,8
56,41100,MORTGAGE,5.9,DEBTCONSOLIDATION,C,11700,7.44,0,0.28,Y,8
67,117700,MORTGAGE,6.9,EDUCATION,A,50000,6.79,0,0.42,N,13
32,60000,RENT,4.1,DEBTCONSOLIDATION,B,11200,7.48,0,0.19,N,2
36,90000,RENT,17.2,EDUCATION,A,7500,6.05,0,0.08,N,7
35,52200,RENT,4.4,DEBTCONSOLIDATION,B,17400,9.72,0,0.33,N,1
30,43400,RENT,2.0,HOMEIMPROVEMENT,B,7600,5.4,0,0.18,N,14
54,35300,RENT,11.2,HOMEIMPROVEMENT,B,12300,6.61,0,0.35,N,7
55,42700,RENT,17.7,DEBTCONSOLIDATION,A,5900,5.4,0,0.14,N,7
37,127000,RENT,4.9,MEDICAL,C,50000,8.44,1,0.39,N,13
32,55900,MORTGAGE,4.7,HOMEIMPROVEMENT,E,33000,7.52,0,0.59,Y,5
70,89000,MORTGAGE,4.8,EDUCATION,B,23900,6.05,0,0.27,N,10
28,92100,RENT,12.0,MEDICAL,A,23100,7.38,0,0.25,N,12
29,77100,RENT,4.5,PERSONAL,E,43200,10.56,0,0.56,N,5
35,49100,RENT,8.9,DEBTCONSOLIDATION,A,12300,6.93,0,0.25,N,2
30,45200,OWN,4.7,DEBTCONSOLIDATION,A,3800,5.72,0,0.08,N,1
42,57300,RENT,1.4,DEBTCONSOLIDATION,D,9600,6.79,0,0.17,Y,7
35,79200,RENT,19.0,EDUCATION,A,7900,5.4,0,0.1,N,2
26,61100,MORTGAGE,1.7,EDUCATION,C,21000,7.59,0,0.34,Y,2
35,96100,MORTGAGE,11.0,VENTURE,B,33900,6.28,0,0.35,N,3
22,52800,RENT,3.9,MEDICAL,B,2100,7.94,0,0.04,N,6
48,39200,RENT,10.0,EDUCATION,B,16600,8.64,0,0.42,N,7
36,87700,RENT,10.5,DEBTCONSOLIDATION,C,11800,6.79,1,0.13,Y,4
70,34600,MORTGAGE,4.9,DEBTCONSOLIDATION,B,12700,5.4,0,0.37,N,5
38,62100,MORTGAGE,7.9,EDUCATION,A,18700,5.4,0,0.3,N,1
66,95200,RENT,3.3,PERSONAL,D,39900,8.54,0,0.42,N,9
48,172500,MORTGAGE,20.5,PERSONAL,A,14700,5.46,0,0.09,N,5
61,91800,MORTGAGE,7.2,MEDICAL,A,26800,5.92,0,0.29,N,7
46,75300,OWN,13.9,DEBTCONSOLIDATION,C,37200,9.39,0,0.49,N,6
35,39800,OWN,12.0,HOMEIMPROVEMENT,C,19000,6.79,0,0.48,N,3
63,56600,RENT,1.9,HOMEIMPROVEMENT,C,26100,6.85,0,0.46,N,9
43,129200,RENT,6.0,VENTURE,C,50000,6.99,0,0.39,N,2
28,72900,RENT,4.3,PERSONAL,C,10300,7.88,1,0.14,Y,8
33,109600,OTHER,4.2,EDUCATION,B,35100,6.07,0,0.32,N,6
48,151400,RENT,0.5,MEDICAL,D,50000,7.5,0,0.33,Y,6
55,51100,RENT,12.1,DEBTCONSOLIDATION,A,6500,6.17,0,0.13,N,7
50,127600,MORTGAGE,7.1,EDUCATION,A,30800,7.13,0,0.24,N,21
34,75200,RENT,10.8,HOMEIMPROVEMENT,A,6800,7.53,0,0.09,N,5
21,124200,MORTGAGE,5.0,HOMEIMPROVEMENT,C,37900,7.59,1,0.31,N,4
41,48900,OTHER,14.5,DEBTCONSOLIDATION,B,15300,5.43,0,0.31,N,2
35,61800,OWN,3.1,DEBTCONSOLIDATION,D,11800,7.84,0,0.19,Y,4
63,91700,MORTGAGE,5.1,EDUCATION,D,45600,7.36,1,0.5,N,6
29,18000,RENT,13.0,DEBTCONSOLIDATION,C,6500,8.18,0,0.36,Y,13
47,62600,RENT,16.2,DEBTCONSOLIDATION,B,22200,7.6,0,0.35,N,9
38,31000,MORTGAGE,4.7,DEBTCONSOLIDATION,A,9000,5.4,0,0.29,N,5
38,140700,OWN,2.7,HOMEIMPROVEMENT,B,50000,7.14,0,0.36,N,3
44,104300,RENT,3.9,PERSONAL,A,29100,6.58,0,0.28,N,10
43,70000,OTHER,2.8,PERSONAL,E,39800,8.53,0,0.57,N,4
59,78400,RENT,9.3,DEBTCONSOLIDATION,D,40700,9.39,0,0.52,N,2
69,78600,MORTGAGE,3.5,PERSONAL,D,49000,7.93,0,0.62,N,16
37,112000,RENT,4.5,PERSONAL,E,47000,10.74,1,0.42,Y,13
28,18000,MORTGAGE,12.0,VENTURE,B,3300,5.4,0,0.18,N,5
22,37900,RENT,6.0,MEDICAL,E,21300,7.88,0,0.56,N,6
48,39700,OWN,9.1,DEBTCONSOLIDATION,B,17600,6.82,0,0.44,N,6
28,54800,MORTGAGE,10.2,DEBTCONSOLIDATION,C,20000,5.4,0,0.36,Y,6
69,66200,RENT,4.3,MEDICAL,D,34900,7.38,1,0.53,N,3
58,99100,RENT,0.4,PERSONAL,C,50000,6.08,1,0.5,N,11
60,77500,MORTGAGE,5.9,MEDICAL,C,48900,6.76,0,0.63,N,8
27,88500,RENT,6.0,DEBTCONSOLIDATION,E,30100,9.43,0,0.34,Y,1
42,62000,RENT,6.5,DEBTCONSOLIDATION,D,6700,7.64,1,0.11,Y,11
42,88200,RENT,11.4,HOMEIMPROVEMENT,A,11700,8.6,0,0.13,N,7
61,90500,RENT,6.5,DEBTCONSOLIDATION,B,29700,7.08,0,0.33,N,2
66,75600,MORTGAGE,7.0,HOMEIMPROVEMENT,D,43700,9.33,1,0.58,N,1
58,115000,RENT,7.8,HOMEIMPROVEMENT,A,7300,6.04,0,0.06,N,7
38,101400,RENT,0.3,MEDICAL,A,8000,6.75,0,0.08,N,9
68,91500,MORTGAGE,10.5,DEBTCONSOLIDATION,A,4100,8.0,0,0.04,Y,5
39,57000,MORTGAGE,4.0,VENTURE,A,2500,5.8,0,0.04,Y,5
70,59600,MORTGAGE,1.8,PERSONAL,D,20700,8.15,0,0.35,Y,2
45,188700,OWN,8.7,EDUCATION,A,50000,5.4,0,0.26,N,7
28,36600,MORTGAGE,3.8,MEDICAL,C,20000,9.04,0,0.55,N,6
38,108100,MORTGAGE,5.7,EDUCATION,A,13100,6.8,0,0.12,N,6
21,97200,RENT,5.0,HOMEIMPROVEMENT,A,25200,7.64,0,0.26,N,2
34,62300,MORTGAGE,1.4,DEBTCONSOLIDATION,A,15700,6.44,1,0.25,N,10
31,56200,RENT,7.2,DEBTCONSOLIDATION,E,31700,8.62,0,0.56,N,15
70,91400,MORTGAGE,10.3,MEDICAL,A,23700,7.92,0,0.26,N,3
46,75000,RENT,0.6,DEBTCONSOLIDATION,D,40300,7.42,0,0.54,N,4
38,37400,OTHER,4.5,PERSONAL,D,22100,8.14,0,0.59,N,6
53,81700,RENT,8.1,PERSONAL,C,37400,7.6,0,0.46,N,5
29,63100,MORTGAGE,4.0,MEDICAL,A,13900,6.54,0,0.22,N,11
22,52600,RENT,1.6,MEDICAL,B,11500,6.15,0,0.22,N,6
27,32400,RENT,3.9,DEBTCONSOLIDATION,B,9900,6.59,0,0.31,N,5
37,42100,OWN,8.1,EDUCATION,C,18700,7.0,0,0.44,N,8
56,80700,MORTGAGE,4.7,DEBTCONSOLIDATION,A,14400,6.13,0,0.18,N,6
28,106500,OWN,8.4,PERSONAL,A,21300,5.4,0,0.2,N,12
39,82500,MORTGAGE,6.2,HOMEIMPROVEMENT,A,15900,5.4,0,0.19,N,12
64,113300,MORTGAGE,13.5,DEBTCONSOLIDATION,A,25200,6.54,0,0.22,N,3
34,52800,OWN,12.9,HOMEIMPROVEMENT,A,10800,5.6,1,0.2,N,7
30,123500,RENT,5.2,DEBTCONSOLIDATION,B,28000,6.32,0,0.23,N,4
66,67600,RENT,7.5,EDUCATION,A,9300,5.88,0,0.14,N,7
48,277800,OWN,9.6,HOMEIMPROVEMENT,A,40500,7.95,0,0.15,N,3
43,117500,RENT,3.4,HOMEIMPROVEMENT,D,50000,5.74,0,0.43,N,5
44,59200,RENT,0.6,VENTURE,B,3200,6.69,0,0.05,N,4
31,121100,MORTGAGE,9.6,DEBTCONSOLIDATION,A,24700,5.4,0,0.2,N,2
64,117500,MORTGAGE,10.3,PERSONAL,C,50000,7.67,0,0.43,N,10
42,128800,RENT,3.3,PERSONAL,B,50000,6.51,0,0.39,N,8
23,39200,RENT,3.1,PERSONAL,F,24500,10.5,1,0.62,N,5
26,45600,OWN,10.0,EDUCATION,A,17300,5.59,0,0.38,N,9
68,120600,RENT,6.4,EDUCATION,A,17700,5.6,0,0.15,N,4
21,74900,MORTGAGE,5.0,HOMEIMPROVEMENT,C,45400,6.79,1,0.61,N,5
27,86700,MORTGAGE,11.0,DEBTCONSOLIDATION,E,34700,12.09,1,0.4,Y,10
38,39700,RENT,6.5,EDUCATION,F,14700,9.8,0,0.37,Y,7
54,81800,MORTGAGE,7.1,VENTURE,B,28800,5.57,0,0.35,N,7
44,58600,MORTGAGE,5.3,EDUCATION,B,14800,7.14,0,0.25,N,1
62,86700,RENT,6.0,PERSONAL,B,24500,8.11,0,0.28,N,5
64,168100,RENT,6.8,DEBTCONSOLIDATION,A,18100,5.77,0,0.11,N,23
36,36500,MORTGAGE,10.3,EDUCATION,A,9100,8.03,0,0.25,N,5
64,25900,OWN,9.1,EDUCATION,B,10900,6.11,0,0.42,N,9
36,42700,MORTGAGE,3.0,EDUCATION,B,9400,6.63,0,0.22,N,7
24,64300,RENT,5.3,DEBTCONSOLIDATION,A,13400,6.49,0,0.21,N,8
34,102100,OWN,11.8,PERSONAL,A,23800,5.4,0,0.23,N,3
52,65200,MORTGAGE,10.1,HOMEIMPROVEMENT,A,10800,5.4,0,0.17,N,7
34,84200,MORTGAGE,13.4,PERSONAL,B,36600,6.38,0,0.43,N,12
29,19100,RENT,1.3,DEBTCONSOLIDATION,D,6500,8.18,0,0.34,N,1
31,70500,MORTGAGE,2.6,EDUCATION,C,42600,9.43,1,0.6,N,11
64,107900,RENT,9.0,EDUCATION,B,33600,7.61,0,0.31,N,6
37,99000,OWN,4.4,VENTURE,C,36500,9.74,0,0.37,Y,1
28,54400,RENT,4.6,DEBTCONSOLIDATION,C,18700,8.66,1,0.34,N,2
46,119300,MORTGAGE,14.7,HOMEIMPROVEMENT,A,44600,8.11,0,0.37,N,4
27,55500,RENT,6.8,EDUCATION,C,24400,5.4,0,0.44,N,11
33,96400,MORTGAGE,7.5,DEBTCONSOLIDATION,B,42000,6.53,0,0.44,N,1
24,40600,MORTGAGE,5.0,PERSONAL,A,20700,8.39,0,0.51,N,8
61,108100,MORTGAGE,3.9,EDUCATION,D,50000,10.71,0,0.46,Y,13
47,39700,OWN,0.8,VENTURE,F,21800,12.06,0,0.55,Y,1
31,45900,RENT,13.7,DEBTCONSOLIDATION,B,20100,6.27,1,0.44,N,4
37,62600,OWN,5.0,PERSONAL,E,36200,10.05,0,0.58,N,1
39,130000,MORTGAGE,14.3,PERSONAL,B,50000,6.84,0,0.38,N,6
33,30900,RENT,5.0,DEBTCONSOLIDATION,E,17600,12.59,0,0.57,N,2
47,160100,OWN,8.0,DEBTCONSOLIDATION,A,31900,5.4,0,0.2,N,3
29,29500,OWN,12.8,EDUCATION,B,12000,6.42,0,0.41,N,13
69,30700,OTHER,1.7,EDUCATION,C,12500,7.79,1,0.41,N,3
30,87200,MORTGAGE,5.2,VENTURE,E,43000,10.33,1,0.49,N,1
64,146500,MORTGAGE,10.8,MEDICAL,B,50000,6.57,0,0.34,N,2
28,48500,RENT,3.6,VENTURE,D,24700,11.51,0,0.51,N,12
39,123900,RENT,7.4,DEBTCONSOLIDATION,C,50000,6.76,0,0.4,N,18
42,55700,MORTGAGE,8.6,MEDICAL,E,34700,9.52,1,0.62,N,5
21,131500,MORTGAGE,2.3,VENTURE,A,34600,7.88,0,0.26,N,5
60,170500,RENT,3.9,DEBTCONSOLIDATION,B,50000,7.16,0,0.29,N,16
70,105300,RENT,10.2,PERSONAL,C,50000,7.92,0,0.47,N,11
36,55000,RENT,3.9,VENTURE,C,18900,9.43,0,0.34,N,2
64,50700,MORTGAGE,12.8,MEDICAL,A,5600,8.08,0,0.11,N,7
57,154600,OWN,8.2,EDUCATION,A,19900,5.92,0,0.13,N,13
46,140100,RENT,2.4,MEDICAL,C,50000,6.34,0,0.36,N,2
53,150600,RENT,9.7,MEDICAL,C,50000,7.42,1,0.33,N,2
50,60900,MORTGAGE,12.9,DEBTCONSOLIDATION,D,38500,9.27,0,0.63,N,13
55,53000,MORTGAGE,1.8,DEBTCONSOLIDATION,B,21200,7.31,0,0.4,N,2
54,111700,RENT,3.0,PERSONAL,C,50000,7.17,0,0.45,N,5
60,80300,RENT,10.3,MEDICAL,D,43800,8.29,0,0.55,N,6
52,114300,MORTGAGE,3.1,HOMEIMPROVEMENT,E,46100,10.27,0,0.4,Y,7
67,114700,RENT,4.9,HOMEIMPROVEMENT,C,34500,7.48,0,0.3,N,2
31,27900,MORTGAGE,2.5,EDUCATION,A,8000,7.64,0,0.29,N,4
40,30400,RENT,4.7,HOMEIMPROVEMENT,F,19100,13.82,0,0.63,Y,6
63,84900,OWN,3.3,MEDICAL,D,45900,5.81,0,0.54,N,6
53,95900,MORTGAGE,2.4,DEBTCONSOLIDATION,C,45800,7.3,0,0.48,N,3
57,45800,MORTGAGE,3.9,DEBTCONSOLIDATION,C,15600,5.4,0,0.34,N,3
47,42700,OWN,2.5,VENTURE,F,23700,12.57,1,0.56,Y,2
61,209300,RENT,4.3,DEBTCONSOLIDATION,B,50000,6.83,0,0.24,N,3
55,70000,OWN,11.5,EDUCATION,A,9500,5.71,0,0.14,N,9
60,94200,RENT,16.1,DEBTCONSOLIDATION,A,4800,5.42,0,0.05,N,9
61,144600,MORTGAGE,10.7,DEBTCONSOLIDATION,B,50000,7.14,0,0.35,N,20
60,55400,RENT,11.5,PERSONAL,A,5600,5.4,0,0.1,N,24
24,26400,MORTGAGE,2.2,EDUCATION,E,12600,10.08,0,0.48,Y,8
31,61800,RENT,4.1,PERSONAL,D,25500,8.47,0,0.41,N,7
61,53500,RENT,3.1,DEBTCONSOLIDATION,D,30300,9.66,1,0.57,N,5
32,34300,MORTGAGE,0.6,DEBTCONSOLIDATION,C,9500,8.09,0,0.28,N,8
29,97500,RENT,7.4,EDUCATION,B,28800,8.44,0,0.3,N,13
45,88900,RENT,6.4,DEBTCONSOLIDATION,E,50000,10.28,0,0.56,Y,4
65,103100,OWN,8.0,PERSONAL,A,13300,5.58,0,0.13,N,2
61,178700,RENT,1.8,DEBTCONSOLIDATION,A,33000,6.49,0,0.18,N,13
59,176200,OWN,3.7,EDUCATION,A,25500,9.99,0,0.14,N,7
59,125300,OWN,11.3,MEDICAL,B,44400,6.96,0,0.35,N,5
61,97200,OWN,4.2,DEBTCONSOLIDATION,A,15900,6.33,0,0.16,N,5
65,91200,RENT,7.2,HOMEIMPROVEMENT,B,28200,5.79,0,0.31,N,1
56,47900,OTHER,3.3,DEBTCONSOLIDATION,A,5500,7.7,0,0.11,N,9
42,50700,RENT,2.4,DEBTCONSOLIDATION,F,29100,10.82,0,0.57,N,7
52,80800,RENT,4.8,PERSONAL,B,23300,7.71,0,0.29,N,7
58,99700,RENT,16.6,PERSONAL,D,32500,8.56,0,0.33,Y,7
60,60500,MORTGAGE,1.0,PERSONAL,B,10900,6.33,0,0.18,N,1
51,59400,OWN,15.3,PERSONAL,A,2900,5.97,0,0.05,N,8
54,92400,RENT,5.6,PERSONAL,C,29200,6.73,0,0.32,N,2
50,53900,OTHER,2.9,PERSONAL,B,2500,6.89,0,0.05,Y,2
58,114500,OWN,4.9,EDUCATION,C,50000,7.67,0,0.44,N,1
57,137700,RENT,16.5,HOMEIMPROVEMENT,A,38400,7.35,1,0.28,N,10
51,41900,RENT,4.9,PERSONAL,C,10700,7.51,0,0.26,Y,8
56,95700,RENT,5.7,PERSONAL,D,50000,9.73,0,0.52,N,3
22,218600,RENT,6.0,MEDICAL,A,20100,6.88,1,0.09,N,0
50,49800,RENT,3.5,HOMEIMPROVEMENT,A,5300,6.78,1,0.11,N,2
22,76400,RENT,6.0,PERSONAL,E,43200,9.94,0,0.57,Y,6
59,60000,MORTGAGE,8.0,DEBTCONSOLIDATION,C,33000,9.56,0,0.55,N,9
29,55400,RENT,3.1,MEDICAL,D,17300,7.59,0,0.31,Y,10
21,112700,MORTGAGE,1.2,PERSONAL,D,41700,7.1,0,0.37,Y,5
24,141400,OWN,2.1,VENTURE,F,50000,12.43,0,0.35,Y,4
37,59900,OWN,7.4,MEDICAL,B,12900,6.92,0,0.22,N,6
67,45100,RENT,13.5,VENTURE,A,2900,5.42,0,0.06,N,9
62,101600,RENT,1.4,HOMEIMPROVEMENT,B,31500,5.97,0,0.31,N,8
50,120700,MORTGAGE,1.6,DEBTCONSOLIDATION,A,6400,5.8,0,0.05,N,16
68,80700,RENT,7.0,EDUCATION,B,16000,7.67,0,0.2,N,7
38,74600,MORTGAGE,2.3,VENTURE,D,45100,6.71,0,0.6,N,2
50,100800,RENT,2.6,VENTURE,C,24300,8.81,0,0.24,Y,12
43,75600,MORTGAGE,24.2,VENTURE,B,17400,6.05,0,0.23,Y,15
22,48800,MORTGAGE,2.2,MEDICAL,D,24200,7.94,1,0.5,N,6
54,86100,OWN,10.4,EDUCATION,A,11100,5.4,0,0.13,N,6
68,56600,MORTGAGE,0.3,DEBTCONSOLIDATION,A,11500,6.26,0,0.2,N,10
21,37600,RENT,5.0,HOMEIMPROVEMENT,B,14300,6.17,0,0.38,N,5
38,53900,OWN,3.9,PERSONAL,B,3800,8.01,0,0.07,Y,8
62,51100,MORTGAGE,4.5,PERSONAL,E,29300,9.79,0,0.57,Y,6
65,167700,RENT,6.0,DEBTCONSOLIDATION,B,50000,6.37,0,0.3,N,8
54,186200,RENT,3.5,PERSONAL,A,50000,5.4,0,0.27,N,8
45,48600,RENT,4.1,MEDICAL,B,8300,6.28,0,0.17,N,6
59,71600,OTHER,4.9,MEDICAL,C,30500,8.53,0,0.43,N,8
39,180100,RENT,5.9,HOMEIMPROVEMENT,C,50000,9.06,0,0.28,N,5
70,62500,RENT,6.8,EDUCATION,A,11900,7.47,0,0.19,N,7
56,243400,RENT,11.6,DEBTCONSOLIDATION,A,50000,7.29,0,0.21,N,8
47,150100,MORTGAGE,4.5,DEBTCONSOLIDATION,C,46700,6.47,0,0.31,N,9
50,91300,RENT,1.3,VENTURE,B,23800,10.19,0,0.26,N,5
36,68200,MORTGAGE,1.0,HOMEIMPROVEMENT,A,5000,5.65,0,0.07,N,7
62,54600,MORTGAGE,4.7,PERSONAL,B,16600,8.17,0,0.3,N,4
27,18300,MORTGAGE,11.0,MEDICAL,A,1300,7.83,0,0.07,Y,11
26,104400,RENT,6.3,EDUCATION,C,50000,6.49,0,0.48,N,10
27,67700,OWN,11.0,HOMEIMPROVEMENT,B,30000,5.76,0,0.44,N,7
65,81700,OWN,6.0,DEBTCONSOLIDATION,C,41100,5.58,1,0.5,N,9
41,32900,MORTGAGE,6.4,DEBTCONSOLIDATION,B,19800,6.85,0,0.6,N,18
62,45400,MORTGAGE,11.6,MEDICAL,A,15300,5.76,0,0.34,N,2
46,68300,RENT,8.9,DEBTCONSOLIDATION,A,4000,8.11,0,0.06,N,5
22,39300,OWN,2.0,VENTURE,D,16700,9.34,0,0.42,N,3
52,61000,MORTGAGE,11.0,DEBTCONSOLIDATION,E,29800,10.72,0,0.49,Y,3
42,132900,OWN,10.9,PERSONAL,A,24700,5.4,0,0.19,N,5
37,39300,OWN,18.1,MEDICAL,A,9500,7.08,0,0.24,N,5
57,71700,OWN,8.4,HOMEIMPROVEMENT,A,13800,6.35,0,0.19,N,11
52,75300,RENT,8.8,EDUCATION,C,34600,9.01,0,0.46,N,3
47,120600,MORTGAGE,8.6,DEBTCONSOLIDATION,D,38700,9.01,1,0.32,Y,3
56,164800,RENT,4.5,HOMEIMPROVEMENT,B,50000,7.62,1,0.3,N,7
61,66200,MORTGAGE,5.5,EDUCATION,A,26400,5.4,0,0.4,N,6
69,93300,MORTGAGE,6.7,EDUCATION,B,50000,5.4,0,0.54,N,12
44,44700,RENT,13.1,PERSONAL,E,28600,9.97,0,0.64,N,4
33,35300,RENT,5.9,HOMEIMPROVEMENT,A,1700,7.37,0,0.05,N,4
53,71000,MORTGAGE,9.2,PERSONAL,A,4600,6.53,0,0.06,N,14
61,64700,MORTGAGE,10.8,DEBTCONSOLIDATION,C,40300,8.06,1,0.62,N,12
52,66400,MORTGAGE,9.7,HOMEIMPROVEMENT,C,16600,6.09,0,0.25,Y,16
31,74300,RENT,15.0,DEBTCONSOLIDATION,A,3200,7.9,0,0.04,N,6
59,66600,RENT,12.8,VENTURE,D,39000,8.05,0,0.59,N,6
49,126300,MORTGAGE,14.4,PERSONAL,A,5400,5.4,0,0.04,N,6
54,75200,RENT,2.2,EDUCATION,E,46300,10.72,1,0.62,N,5
57,97900,RENT,14.7,PERSONAL,B,31300,7.19,0,0.32,N,5
47,55000,RENT,3.4,DEBTCONSOLIDATION,D,8800,9.08,0,0.16,Y,7
59,66200,OWN,11.6,MEDICAL,E,39000,10.4,1,0.59,N,9
44,120400,MORTGAGE,3.7,PERSONAL,B,31300,8.58,0,0.26,N,8
46,83700,MORTGAGE,2.1,HOMEIMPROVEMENT,B,40100,7.37,1,0.48,N,8
43,167600,RENT,3.3,DEBTCONSOLIDATION,B,48200,6.63,0,0.29,N,1
44,75700,MORTGAGE,9.0,MEDICAL,D,38800,9.51,0,0.51,N,6
29,42100,RENT,2.4,DEBTCONSOLIDATION,F,24300,9.62,0,0.58,N,4
33,31300,RENT,6.7,DEBTCONSOLIDATION,D,15600,8.07,1,0.5,Y,6
56,242000,RENT,3.7,EDUCATION,A,50000,7.16,0,0.21,N,20
55,62200,OTHER,5.3,PERSONAL,B,27000,5.4,0,0.43,N,3
28,41700,RENT,11.4,DEBTCONSOLIDATION,A,19900,5.4,0,0.48,N,7
27,23100,MORTGAGE,1.4,VENTURE,A,5200,5.7,0,0.23,N,7
36,29700,RENT,11.0,HOMEIMPROVEMENT,A,6200,7.1,0,0.21,N,4
29,90000,RENT,7.3,MEDICAL,C,25700,9.19,0,0.29,N,7
43,76000,RENT,3.1,DEBTCONSOLIDATION,A,9000,5.9,0,0.12,N,6
70,190900,MORTGAGE,21.3,MEDICAL,A,45900,7.51,0,0.24,N,6
58,26900,MORTGAGE,8.3,HOMEIMPROVEMENT,B,7900,7.59,1,0.29,N,9
41,27600,RENT,8.6,DEBTCONSOLIDATION,C,7500,6.04,0,0.27,Y,1
59,124900,RENT,5.4,DEBTCONSOLIDATION,D,48700,7.65,0,0.39,N,3
29,92900,RENT,4.3,PERSONAL,A,19300,6.36,1,0.21,N,7
62,87100,RENT,2.0,EDUCATION,D,49500,6.56,0,0.57,N,5
56,60000,RENT,4.0,PERSONAL,A,6800,6.13,0,0.11,N,7
55,195600,RENT,4.8,DEBTCONSOLIDATION,B,44600,6.15,0,0.23,N,6
29,27100,MORTGAGE,11.2,DEBTCONSOLIDATION,E,13200,8.78,0,0.49,Y,5
63,126400,RENT,8.6,MEDICAL,A,29800,6.82,0,0.24,N,5
25,144900,MORTGAGE,1.0,VENTURE,C,50000,5.78,1,0.35,N,4
39,77700,MORTGAGE,1.1,MEDICAL,E,48300,9.63,1,0.62,N,2
21,82900,MORTGAGE,3.9,DEBTCONSOLIDATION,B,3000,5.4,0,0.04,Y,4
63,71000,OWN,5.4,EDUCATION,A,29100,8.17,0,0.41,N,2
53,118600,OWN,7.4,DEBTCONSOLIDATION,B,50000,7.08,0,0.42,N,6
68,195200,MORTGAGE,2.0,PERSONAL,B,18300,6.31,0,0.09,Y,6
32,65300,OWN,4.0,DEBTCONSOLIDATION,A,3000,6.1,0,0.05,N,4
38,57900,RENT,9.9,MEDICAL,E,35800,9.88,1,0.62,N,1
62,183800,MORTGAGE,7.2,PERSONAL,B,50000,7.33,0,0.27,N,3
24,120800,RENT,4.1,HOMEIMPROVEMENT,C,25200,8.33,0,0.21,N,4
62,43100,OWN,6.5,PERSONAL,C,27700,6.88,0,0.64,N,18
68,106900,RENT,3.5,DEBTCONSOLIDATION,C,44600,9.26,0,0.42,Y,10
37,81800,MORTGAGE,7.2,DEBTCONSOLIDATION,B,32800,7.89,1,0.4,N,13
62,63200,RENT,1.8,PERSONAL,B,24400,7.06,1,0.39,N,3
36,121000,OWN,10.0,MEDICAL,A,6500,6.59,0,0.05,N,7
52,123900,RENT,8.4,EDUCATION,A,29300,6.77,0,0.24,N,2
54,175900,RENT,6.9,VENTURE,A,29900,9.49,0,0.17,N,1
69,45200,OTHER,7.6,MEDICAL,C,27300,5.4,1,0.6,N,4
52,59200,OTHER,7.8,DEBTCONSOLIDATION,A,13300,8.11,0,0.22,N,6
37,73800,MORTGAGE,3.1,DEBTCONSOLIDATION,C,28900,8.23,0,0.39,N,6
54,67500,MORTGAGE,16.3,HOMEIMPROVEMENT,C,41300,7.66,0,0.61,N,1
48,54000,RENT,13.2,EDUCATION,A,10700,7.05,0,0.2,N,1
33,46500,RENT,12.7,PERSONAL,A,2100,7.49,0,0.05,N,6
41,87800,RENT,8.6,EDUCATION,D,50000,8.01,0,0.57,N,9
62,134000,MORTGAGE,3.5,MEDICAL,B,42100,5.4,1,0.31,N,10
28,142600,RENT,8.7,DEBTCONSOLIDATION,E,32300,12.24,1,0.23,Y,3
38,75600,RENT,9.4,HOMEIMPROVEMENT,C,44900,7.81,0,0.59,N,13
56,156100,RENT,1.4,VENTURE,B,50000,7.24,0,0.32,N,6
57,126700,MORTGAGE,1.3,EDUCATION,A,11700,6.25,0,0.09,N,5
36,53100,RENT,8.3,VENTURE,A,15300,5.61,0,0.29,N,6
31,92300,OWN,3.9,PERSONAL,F,50000,11.86,1,0.54,Y,3
21,68600,MORTGAGE,5.0,DEBTCONSOLIDATION,C,23500,6.29,0,0.34,N,5
23,47800,MORTGAGE,7.0,EDUCATION,A,6700,6.76,0,0.14,N,7
55,74600,RENT,5.4,EDUCATION,B,21700,6.23,0,0.29,N,4
68,127300,RENT,8.7,VENTURE,A,7200,5.42,0,0.06,N,2
44,57600,RENT,4.9,HOMEIMPROVEMENT,A,20600,6.02,0,0.36,N,7
24,45400,MORTGAGE,0.4,DEBTCONSOLIDATION,D,26000,8.44,0,0.57,N,6
59,63500,RENT,7.4,EDUCATION,A,4100,8.03,0,0.06,N,11
63,46100,MORTGAGE,18.7,PERSONAL,A,3200,7.89,0,0.07,Y,7
55,59800,MORTGAGE,6.7,DEBTCONSOLIDATION,D,35000,6.58,0,0.59,N,6
24,38300,MORTGAGE,8.0,HOMEIMPROVEMENT,D,22700,9.75,0,0.59,N,6
25,29200,OWN,2.2,VENTURE,A,3100,7.19,0,0.11,N,9
39,66100,OWN,3.3,MEDICAL,B,17500,6.21,0,0.26,N,8
51,121700,RENT,14.6,PERSONAL,C,38600,8.34,1,0.32,Y,10
64,92000,MORTGAGE,1.5,HOMEIMPROVEMENT,E,45900,10.07,0,0.5,N,6
70,55900,RENT,14.3,DEBTCONSOLIDATION,A,17000,6.56,0,0.3,N,9
56,76200,RENT,23.7,DEBTCONSOLIDATION,C,13400,9.25,1,0.18,Y,4
43,63700,RENT,2.1,DEBTCONSOLIDATION,A,2800,6.63,0,0.04,N,8
64,87700,MORTGAGE,1.0,HOMEIMPROVEMENT,A,9600,5.74,0,0.11,N,5
56,107500,RENT,16.1,VENTURE,B,50000,7.29,0,0.47,N,8
55,191900,MORTGAGE,3.2,DEBTCONSOLIDATION,A,7800,8.7,0,0.04,N,11
40,65100,OTHER,8.6,VENTURE,A,20300,5.4,0,0.31,N,8
68,86800,OWN,3.8,PERSONAL,B,38100,5.51,0,0.44,N,4
39,95900,OWN,8.0,EDUCATION,A,25900,5.4,0,0.27,N,1
28,47200,RENT,3.0,PERSONAL,A,5500,5.4,0,0.12,N,6
63,156700,OWN,19.1,VENTURE,B,50000,8.5,0,0.32,Y,1
69,94100,RENT,5.8,PERSONAL,B,33300,7.41,1,0.35,N,5
41,96400,RENT,2.2,PERSONAL,A,24200,5.59,0,0.25,N,8
54,42700,RENT,1.7,HOMEIMPROVEMENT,E,27000,8.42,0,0.63,N,13
59,56500,MORTGAGE,18.3,PERSONAL,A,26100,9.73,0,0.46,N,12
51,81800,RENT,7.5,EDUCATION,B,19200,6.3,0,0.23,N,4
30,70400,MORTGAGE,13.7,DEBTCONSOLIDATION,A,22100,6.12,0,0.31,N,3
68,145300,RENT,7.5,DEBTCONSOLIDATION,B,30700,8.92,0,0.21,N,10
62,54300,MORTGAGE,4.6,EDUCATION,C,29100,6.94,0,0.54,N,11
31,41800,RENT,11.2,VENTURE,C,12800,8.69,0,0.31,N,8
69,142000,RENT,3.3,EDUCATION,C,50000,9.32,1,0.35,N,4
24,31300,RENT,7.4,VENTURE,C,6200,6.7,0,0.2,Y,3
45,72700,MORTGAGE,1.3,EDUCATION,D,6900,8.7,0,0.09,Y,3
38,60500,RENT,11.9,VENTURE,E,38500,11.45,1,0.64,N,5
50,96800,OWN,3.4,VENTURE,B,24500,7.27,0,0.25,N,4
48,72300,RENT,7.9,EDUCATION,D,41900,7.87,0,0.58,N,1
29,59800,MORTGAGE,1.6,EDUCATION,A,2500,7.91,0,0.04,N,7
25,72100,OWN,3.3,PERSONAL,E,41100,9.46,0,0.57,Y,8
55,69100,OTHER,5.7,PERSONAL,D,22300,10.69,1,0.32,Y,6
40,42000,MORTGAGE,8.4,DEBTCONSOLIDATION,A,8400,7.66,0,0.2,N,11
60,86900,OWN,8.3,PERSONAL,C,38400,7.18,0,0.44,N,5
21,30400,MORTGAGE,2.8,DEBTCONSOLIDATION,A,1600,5.77,0,0.05,N,5
27,79000,OTHER,11.0,MEDICAL,E,42300,9.99,1,0.54,Y,11
67,80800,RENT,8.8,VENTURE,F,40800,11.66,0,0.5,Y,7
39,72500,OWN,5.1,EDUCATION,C,31800,5.7,0,0.44,N,2
42,37200,MORTGAGE,20.8,EDUCATION,A,11800,5.4,0,0.32,N,7
45,189200,RENT,8.8,DEBTCONSOLIDATION,A,50000,6.01,0,0.26,N,10
22,73900,RENT,1.5,MEDICAL,E,43900,8.65,0,0.59,N,6
41,63800,RENT,2.3,DEBTCONSOLIDATION,B,9900,7.18,0,0.16,N,4
34,72400,OWN,3.1,DEBTCONSOLIDATION,A,7100,6.57,0,0.1,N,18
65,112300,RENT,5.1,DEBTCONSOLIDATION,D,50000,8.0,1,0.45,N,6
68,182500,RENT,7.1,HOMEIMPROVEMENT,A,24600,5.67,0,0.13,N,14
38,66300,RENT,3.1,PERSONAL,E,37600,9.63,0,0.57,Y,16
70,55300,RENT,5.4,VENTURE,D,28000,8.62,0,0.51,N,2
43,60300,RENT,4.3,DEBTCONSOLIDATION,E,13700,9.28,0,0.23,Y,5
31,82000,OWN,2.0,DEBTCONSOLIDATION,A,14000,5.4,0,0.17,N,2
42,69600,MORTGAGE,6.8,MEDICAL,A,14300,5.42,0,0.21,N,1
51,48600,RENT,4.9,DEBTCONSOLIDATION,E,21200,10.2,1,0.44,N,6
62,83100,MORTGAGE,3.2,VENTURE,F,50000,12.52,1,0.6,Y,1
41,54300,MORTGAGE,3.4,PERSONAL,D,29900,7.64,0,0.55,N,2
47,45000,RENT,2.1,DEBTCONSOLIDATION,D,12300,6.28,0,0.27,N,7
22,86400,MORTGAGE,6.0,EDUCATION,B,32200,8.54,0,0.37,N,6
36,51400,RENT,7.7,HOMEIMPROVEMENT,E,27000,9.95,1,0.53,N,1
21,50200,OWN,1.7,HOMEIMPROVEMENT,E,30600,9.92,1,0.61,N,5
46,47700,MORTGAGE,4.6,DEBTCONSOLIDATION,A,7200,5.85,1,0.15,N,8
49,123100,RENT,5.2,VENTURE,C,50000,7.24,0,0.41,N,6
55,53700,MORTGAGE,10.1,DEBTCONSOLIDATION,E,26000,9.92,1,0.48,Y,2
24,46700,MORTGAGE,0.7,EDUCATION,C,21700,10.01,0,0.46,N,8
43,81700,MORTGAGE,6.1,DEBTCONSOLIDATION,C,16000,6.98,0,0.2,Y,6
21,26300,RENT,5.0,DEBTCONSOLIDATION,E,15000,9.39,1,0.57,N,5
52,48700,MORTGAGE,1.3,VENTURE,D,23800,8.62,0,0.49,N,2
66,41600,RENT,7.2,MEDICAL,A,5600,5.65,0,0.13,N,2
36,33700,RENT,11.1,EDUCATION,D,20000,9.67,0,0.59,N,3
65,120100,MORTGAGE,10.8,EDUCATION,A,26000,7.47,0,0.22,N,7
70,199400,RENT,13.4,PERSONAL,A,50000,5.4,0,0.25,N,2
56,70700,OTHER,11.8,DEBTCONSOLIDATION,D,44900,7.25,0,0.64,N,1
41,24100,MORTGAGE,4.4,HOMEIMPROVEMENT,A,6400,7.04,0,0.27,N,16
31,96500,RENT,4.1,PERSONAL,A,18000,5.65,0,0.19,N,6
57,94300,MORTGAGE,2.7,EDUCATION,E,47300,8.76,1,0.5,N,5
34,118600,RENT,10.4,MEDICAL,B,38500,6.1,0,0.32,N,5
26,54800,OWN,10.0,DEBTCONSOLIDATION,A,2200,7.08,0,0.04,N,2
49,127500,MORTGAGE,1.7,EDUCATION,C,38700,6.82,0,0.3,N,3
28,49900,RENT,7.3,MEDICAL,B,9800,7.65,0,0.2,N,7
53,179800,RENT,7.2,DEBTCONSOLIDATION,D,19700,8.46,1,0.11,Y,9
27,37700,MORTGAGE,8.2,HOMEIMPROVEMENT,C,15800,8.75,0,0.42,N,4
56,109000,MORTGAGE,5.9,VENTURE,C,50000,8.44,0,0.46,N,10
59,94700,OWN,7.0,VENTURE,E,35900,9.65,0,0.38,Y,9
49,225900,OTHER,6.1,VENTURE,C,50000,7.31,0,0.22,Y,8
66,83600,RENT,1.9,EDUCATION,A,9800,6.15,0,0.12,N,19
61,84200,RENT,7.6,DEBTCONSOLIDATION,B,41600,5.4,0,0.49,N,12
50,111500,OWN,8.0,MEDICAL,A,12700,5.4,0,0.11,N,7
33,67100,OWN,2.6,EDUCATION,B,3200,6.03,0,0.05,N,5
35,43200,OWN,14.8,MEDICAL,A,7800,8.01,0,0.18,Y,11
29,124900,MORTGAGE,5.3,VENTURE,A,50000,5.98,0,0.4,N,13
50,60800,MORTGAGE,4.5,DEBTCONSOLIDATION,C,2600,9.41,1,0.04,Y,6
60,39900,MORTGAGE,3.0,MEDICAL,B,10700,10.17,0,0.27,N,5
64,135400,MORTGAGE,8.3,MEDICAL,C,50000,7.08,0,0.37,N,10
38,138900,MORTGAGE,0.9,EDUCATION,A,45000,5.46,0,0.32,N,5
48,69600,OWN,1.8,PERSONAL,B,33300,5.82,0,0.48,N,9
45,46300,OWN,1.4,DEBTCONSOLIDATION,E,28800,9.67,0,0.62,N,4
25,59300,MORTGAGE,4.3,PERSONAL,A,32600,5.4,0,0.55,N,9
64,78200,RENT,2.0,DEBTCONSOLIDATION,C,15500,6.75,0,0.2,N,4
32,64400,MORTGAGE,0.6,HOMEIMPROVEMENT,F,30500,10.61,0,0.47,N,3
70,67600,RENT,3.3,HOMEIMPROVEMENT,E,40400,8.64,1,0.6,N,5
52,30900,RENT,14.1,MEDICAL,E,18200,10.22,0,0.59,N,2
21,73600,OTHER,2.9,EDUCATION,D,47600,8.84,0,0.65,N,4
57,133700,RENT,8.5,MEDICAL,A,34400,6.05,0,0.26,N,4
24,52200,RENT,5.0,HOMEIMPROVEMENT,A,4100,5.59,0,0.08,N,8
30,51500,RENT,9.0,MEDICAL,C,30100,6.64,0,0.58,N,12
68,82300,RENT,0.8,PERSONAL,A,13200,5.94,0,0.16,N,6
35,51000,OWN,3.4,HOMEIMPROVEMENT,C,15800,9.35,0,0.31,Y,10
57,91600,RENT,7.3,HOMEIMPROVEMENT,C,43500,9.6,0,0.47,N,13
31,89300,RENT,13.8,PERSONAL,C,26700,9.11,1,0.3,Y,7
64,34800,RENT,4.3,VENTURE,E,20900,8.14,0,0.6,N,5
48,64500,MORTGAGE,7.2,PERSONAL,A,2400,6.63,0,0.04,N,9
61,63000,OWN,7.4,EDUCATION,A,22900,5.4,0,0.36,N,4
28,41500,MORTGAGE,12.0,DEBTCONSOLIDATION,B,15700,5.84,0,0.38,N,4
46,105100,RENT,12.7,VENTURE,C,50000,8.17,0,0.48,N,3
45,63800,RENT,13.5,MEDICAL,D,40000,10.17,0,0.63,N,3
34,55600,RENT,5.8,HOMEIMPROVEMENT,D,26500,10.35,0,0.48,N,5
63,109400,RENT,3.0,MEDICAL,B,5500,5.43,0,0.05,N,10
56,105200,RENT,5.0,HOMEIMPROVEMENT,E,32200,7.72,0,0.31,N,8
64,93900,MORTGAGE,4.5,DEBTCONSOLIDATION,B,24600,8.36,0,0.26,N,3
26,33200,OWN,6.0,HOMEIMPROVEMENT,A,5000,8.46,1,0.15,N,4
65,84600,RENT,4.1,PERSONAL,C,22200,6.42,0,0.26,N,13
61,222300,RENT,9.4,VENTURE,B,43000,5.4,0,0.19,N,9
47,63700,OWN,10.1,MEDICAL,A,12900,5.4,0,0.2,N,6
34,96900,RENT,4.6,MEDICAL,E,50000,6.48,1,0.52,N,11
45,63900,OWN,15.2,PERSONAL,B,28900,7.71,1,0.45,N,3
36,44700,RENT,6.1,DEBTCONSOLIDATION,E,24800,8.51,1,0.55,N,3
67,107000,RENT,4.2,VENTURE,E,45500,7.64,0,0.43,Y,7
36,111100,MORTGAGE,4.7,DEBTCONSOLIDATION,B,50000,5.56,0,0.45,N,6
62,77100,RENT,18.1,EDUCATION,A,4100,6.24,0,0.05,N,7
50,61500,MORTGAGE,2.6,MEDICAL,B,18900,8.67,0,0.31,N,7
32,106200,MORTGAGE,3.9,MEDICAL,D,50000,9.21,1,0.47,N,3
68,129400,MORTGAGE,4.4,VENTURE,B,20100,6.29,0,0.16,Y,15
22,51600,RENT,4.5,MEDICAL,A,3600,5.4,0,0.07,N,6
26,50600,OWN,2.6,HOMEIMPROVEMENT,A,21500,5.4,0,0.42,N,10
29,72700,MORTGAGE,11.7,DEBTCONSOLIDATION,A,7200,6.35,0,0.1,N,4
38,36900,RENT,4.5,VENTURE,B,11900,8.09,1,0.32,N,11
25,151500,OWN,4.7,HOMEIMPROVEMENT,A,6300,7.96,0,0.04,N,9
60,99800,OTHER,4.6,PERSONAL,E,39000,9.28,1,0.39,Y,4
44,94400,RENT,3.7,EDUCATION,C,50000,6.11,1,0.53,N,14
47,126000,RENT,17.1,MEDICAL,A,6000,6.68,0,0.05,N,3
50,57000,MORTGAGE,2.1,DEBTCONSOLIDATION,B,17000,6.18,0,0.3,N,9
55,50300,MORTGAGE,5.5,PERSONAL,A,4800,5.4,0,0.1,Y,18
63,63900,OWN,2.2,VENTURE,D,28400,7.73,0,0.44,N,7
40,80500,RENT,11.5,DEBTCONSOLIDATION,D,49200,8.59,0,0.61,N,5
47,47500,MORTGAGE,6.5,DEBTCONSOLIDATION,A,8200,5.4,0,0.17,N,16
27,36300,MORTGAGE,11.0,HOMEIMPROVEMENT,A,10100,8.22,0,0.28,N,11
43,76400,RENT,3.9,DEBTCONSOLIDATION,E,20200,12.08,0,0.26,Y,3
31,42700,OWN,2.0,VENTURE,D,23700,8.88,0,0.56,N,9
55,41500,RENT,8.9,PERSONAL,B,1700,5.4,0,0.04,Y,3
65,56500,MORTGAGE,4.6,MEDICAL,B,24400,6.27,0,0.43,N,13
57,91900,OWN,3.1,MEDICAL,D,45000,10.65,0,0.49,N,11
33,61100,RENT,14.4,MEDICAL,A,21000,5.48,0,0.34,N,15
59,49900,RENT,10.7,PERSONAL,C,26500,6.87,0,0.53,N,12
69,66300,RENT,8.0,VENTURE,F,42300,11.38,1,0.64,N,10
63,92000,MORTGAGE,5.0,DEBTCONSOLIDATION,B,50000,6.81,0,0.54,N,8
57,135700,RENT,22.3,PERSONAL,B,50000,7.82,0,0.37,N,6
45,98200,RENT,13.2,MEDICAL,B,50000,7.36,0,0.51,N,8
68,343400,MORTGAGE,1.9,PERSONAL,C,50000,6.52,0,0.15,Y,3
69,124100,MORTGAGE,10.5,DEBTCONSOLIDATION,B,21600,6.82,0,0.17,N,1
28,27800,RENT,3.8,EDUCATION,A,6700,7.36,0,0.24,N,5
30,47000,RENT,7.4,DEBTCONSOLIDATION,A,6600,6.62,0,0.14,N,9
52,77400,RENT,5.0,DEBTCONSOLIDATION,E,25800,11.36,1,0.33,Y,2
38,81700,OWN,9.2,PERSONAL,A,24700,6.27,0,0.3,N,2
67,96200,MORTGAGE,4.7,DEBTCONSOLIDATION,B,20200,6.45,0,0.21,N,3
35,55800,MORTGAGE,6.8,VENTURE,D,26700,9.61,0,0.48,N,1
63,100000,MORTGAGE,12.3,EDUCATION,B,30100,7.64,0,0.3,N,4
40,68100,MORTGAGE,13.5,PERSONAL,A,23400,6.04,0,0.34,N,5
55,91100,RENT,8.3,DEBTCONSOLIDATION,A,29300,7.04,0,0.32,N,18
64,97000,OWN,10.0,EDUCATION,B,30800,6.68,0,0.32,Y,4
26,73700,MORTGAGE,10.0,HOMEIMPROVEMENT,A,15500,5.4,0,0.21,N,10
60,126800,RENT,12.1,VENTURE,B,50000,9.49,1,0.39,N,9
21,59200,OWN,5.0,DEBTCONSOLIDATION,A,11900,5.56,0,0.2,N,5
40,106400,RENT,6.5,DEBTCONSOLIDATION,D,43400,8.75,0,0.41,Y,10
47,33800,OWN,12.1,MEDICAL,B,17000,5.4,0,0.5,N,5
60,43000,RENT,6.4,DEBTCONSOLIDATION,B,7400,6.62,0,0.17,N,7
42,112900,RENT,14.9,MEDICAL,D,50000,8.75,1,0.44,N,7
25,31400,MORTGAGE,3.7,EDUCATION,A,8800,5.4,0,0.28,N,5
59,115700,OWN,7.1,DEBTCONSOLIDATION,B,22700,7.2,0,0.2,N,6
36,109200,RENT,2.4,MEDICAL,E,49500,10.97,1,0.45,N,10
42,37900,RENT,4.9,PERSONAL,C,15100,7.0,1,0.4,N,6
58,41900,RENT,1.3,VENTURE,D,13200,7.92,0,0.32,N,0
43,46000,OWN,15.3,MEDICAL,B,7600,6.65,1,0.17,N,6
56,72700,RENT,5.1,HOMEIMPROVEMENT,B,18500,7.74,0,0.25,N,2
47,157600,RENT,9.7,DEBTCONSOLIDATION,C,40300,6.92,0,0.26,Y,10
39,43800,RENT,17.5,PERSONAL,B,18700,7.27,0,0.43,N,6
52,68100,MORTGAGE,8.1,DEBTCONSOLIDATION,C,17300,6.69,0,0.25,Y,9
63,110800,OWN,12.8,DEBTCONSOLIDATION,B,36100,6.63,0,0.33,N,3
70,54300,RENT,1.3,DEBTCONSOLIDATION,D,17100,8.95,1,0.31,N,1
59,96000,RENT,17.0,DEBTCONSOLIDATION,A,20400,9.42,0,0.21,Y,19
37,74600,MORTGAGE,3.8,HOMEIMPROVEMENT,E,44700,8.75,1,0.6,N,1
23,49500,OWN,3.5,EDUCATION,A,2400,7.93,0,0.05,Y,7
31,81200,MORTGAGE,10.7,HOMEIMPROVEMENT,B,24100,7.17,0,0.3,N,5
23,48000,RENT,4.4,MEDICAL,B,11800,6.78,1,0.25,N,7
25,28700,RENT,9.0,DEBTCONSOLIDATION,F,16400,12.13,1,0.57,N,9
41,87500,RENT,8.1,EDUCATION,A,9000,5.74,1,0.1,N,4
23,104300,RENT,7.0,EDUCATION,B,37100,8.13,0,0.36,N,7
26,62000,RENT,10.0,PERSONAL,B,20000,6.64,0,0.32,N,10
56,109500,RENT,6.5,HOMEIMPROVEMENT,C,50000,7.22,0,0.46,N,1
61,80700,RENT,6.5,PERSONAL,A,9500,5.4,0,0.12,N,10
22,41200,MORTGAGE,2.7,HOMEIMPROVEMENT,A,8000,7.04,0,0.19,N,3
47,46700,RENT,12.0,HOMEIMPROVEMENT,C,18200,7.95,0,0.39,N,1
25,135200,MORTGAGE,2.1,PERSONAL,A,6900,5.55,0,0.05,N,9
39,64200,MORTGAGE,4.7,PERSONAL,A,4200,5.4,0,0.07,N,1
27,123600,MORTGAGE,11.0,DEBTCONSOLIDATION,B,38700,5.97,0,0.31,N,6
57,112900,MORTGAGE,2.3,HOMEIMPROVEMENT,C,50000,7.91,0,0.44,N,7
49,57300,MORTGAGE,2.4,DEBTCONSOLIDATION,A,11400,5.4,0,0.2,N,6
49,101800,MORTGAGE,4.9,EDUCATION,B,43900,5.4,0,0.43,N,5
21,40200,MORTGAGE,5.0,DEBTCONSOLIDATION,B,18300,6.07,0,0.46,N,5
32,76900,MORTGAGE,3.6,HOMEIMPROVEMENT,A,15000,5.74,0,0.2,N,10
41,56700,RENT,2.8,EDUCATION,F,23700,12.05,1,0.42,Y,6
35,116600,MORTGAGE,3.9,VENTURE,C,49800,7.37,0,0.43,N,2
63,82200,MORTGAGE,3.8,MEDICAL,C,41900,7.58,0,0.51,N,12
33,77700,MORTGAGE,3.3,HOMEIMPROVEMENT,C,41900,8.05,0,0.54,N,8
47,49100,RENT,4.5,HOMEIMPROVEMENT,E,29000,8.61,0,0.59,N,4
38,152200,RENT,14.0,PERSONAL,B,48100,8.77,0,0.32,N,3
66,57100,OTHER,1.4,DEBTCONSOLIDATION,F,33100,12.98,0,0.58,Y,5
63,61200,RENT,4.0,VENTURE,D,20700,7.4,1,0.34,N,14
41,82200,MORTGAGE,10.6,VENTURE,B,39000,5.4,1,0.47,N,8
68,236800,MORTGAGE,3.2,DEBTCONSOLIDATION,A,10400,5.4,0,0.04,N,3
42,66700,MORTGAGE,4.6,PERSONAL,A,4500,5.4,0,0.07,N,11
39,94200,OWN,3.1,MEDICAL,D,38700,8.6,0,0.41,Y,7
48,61000,RENT,5.8,DEBTCONSOLIDATION,F,36400,14.22,1,0.6,Y,4
60,123000,RENT,6.2,EDUCATION,D,42800,8.27,1,0.35,Y,11
63,130800,RENT,7.7,VENTURE,C,50000,8.4,0,0.38,N,3
62,78500,RENT,15.9,DEBTCONSOLIDATION,C,41000,5.98,0,0.52,N,6
28,71700,MORTGAGE,7.9,HOMEIMPROVEMENT,A,5700,5.4,0,0.08,N,7
54,36700,MORTGAGE,4.4,DEBTCONSOLIDATION,B,12700,7.45,0,0.35,N,2
21,50600,RENT,4.5,EDUCATION,A,5900,6.26,0,0.12,N,5
39,112600,RENT,5.8,EDUCATION,B,50000,7.76,0,0.44,N,10
27,44000,OWN,4.1,HOMEIMPROVEMENT,A,10800,8.83,0,0.25,N,11
33,43400,OWN,7.5,VENTURE,B,22500,7.98,0,0.52,N,4
62,62000,OWN,20.0,MEDICAL,E,37700,9.67,0,0.61,Y,2
58,175000,OWN,10.5,VENTURE,A,50000,5.4,0,0.29,N,6
33,109700,RENT,4.8,EDUCATION,C,47600,6.02,0,0.43,N,5
53,71900,RENT,6.2,VENTURE,A,4000,5.4,0,0.06,N,5
70,161500,RENT,10.9,HOMEIMPROVEMENT,B,50000,7.05,0,0.31,N,1
30,37000,MORTGAGE,11.7,DEBTCONSOLIDATION,B,18000,6.49,1,0.49,N,9
21,39700,RENT,5.0,PERSONAL,C,15300,7.07,0,0.39,N,5
42,71400,MORTGAGE,3.7,PERSONAL,B,27300,6.06,0,0.38,N,3
61,87500,MORTGAGE,11.5,PERSONAL,A,21400,6.42,0,0.24,N,6
43,79300,RENT,7.6,HOMEIMPROVEMENT,B,27900,8.05,0,0.35,N,10
52,79200,RENT,7.7,MEDICAL,C,46300,6.54,0,0.58,N,8
48,69300,MORTGAGE,13.9,MEDICAL,A,11500,6.24,0,0.17,N,7
63,106800,MORTGAGE,14.5,PERSONAL,B,50000,5.4,0,0.47,N,17
28,53700,RENT,1.0,PERSONAL,D,30400,10.52,1,0.57,N,2
57,123800,RENT,15.6,HOMEIMPROVEMENT,D,38600,8.12,0,0.31,Y,7
36,144700,RENT,1.7,DEBTCONSOLIDATION,F,50000,10.7,0,0.35,Y,7
26,49700,RENT,4.0,VENTURE,B,18400,7.63,0,0.37,N,10
68,50700,MORTGAGE,9.5,DEBTCONSOLIDATION,A,14000,7.47,0,0.28,N,12
50,49800,MORTGAGE,4.2,DEBTCONSOLIDATION,A,16600,6.08,0,0.33,N,4
21,41200,OWN,5.0,VENTURE,A,7200,8.39,0,0.17,N,5
63,85900,MORTGAGE,3.5,DEBTCONSOLIDATION,C,50000,6.98,0,0.58,N,5
55,95900,MORTGAGE,12.0,VENTURE,C,23200,7.28,0,0.24,Y,2
45,85800,MORTGAGE,8.3,DEBTCONSOLIDATION,A,31500,5.4,0,0.37,N,14
63,81400,MORTGAGE,3.3,MEDICAL,A,16400,6.57,0,0.2,N,3
64,91300,RENT,12.6,PERSONAL,C,43900,8.83,1,0.48,N,3
42,34400,MORTGAGE,3.2,HOMEIMPROVEMENT,A,13400,5.56,0,0.39,N,19
59,59200,RENT,4.9,PERSONAL,A,16200,8.02,0,0.27,N,8
54,90300,OWN,1.2,DEBTCONSOLIDATION,A,17200,5.4,1,0.19,N,13
51,40200,MORTGAGE,13.8,EDUCATION,A,5700,6.04,0,0.14,Y,8
44,137500,RENT,3.9,DEBTCONSOLIDATION,C,50000,7.26,0,0.36,N,4
54,79800,RENT,7.0,EDUCATION,A,3400,5.4,0,0.04,N,5
21,40600,RENT,5.0,MEDICAL,D,16200,7.34,0,0.4,N,3
29,34500,MORTGAGE,3.0,VENTURE,C,11200,6.14,0,0.32,N,4
59,73000,OWN,5.4,DEBTCONSOLIDATION,E,46400,8.09,0,0.64,N,4
46,45900,RENT,0.5,MEDICAL,B,5900,5.4,0,0.13,N,5
68,31100,OWN,5.9,DEBTCONSOLIDATION,C,16100,8.21,0,0.52,N,25
52,81800,RENT,2.4,VENTURE,D,34300,8.05,1,0.42,Y,15
30,49000,OWN,5.7,PERSONAL,C,26500,5.4,0,0.54,N,6
62,48700,OTHER,5.4,EDUCATION,B,13000,5.88,0,0.27,N,3
27,65300,MORTGAGE,11.0,MEDICAL,A,7800,5.45,0,0.12,N,11
60,151000,MORTGAGE,5.8,DEBTCONSOLIDATION,A,12500,5.4,0,0.08,N,3
27,120400,RENT,10.1,EDUCATION,B,50000,5.4,0,0.42,N,7
65,70500,MORTGAGE,2.4,EDUCATION,A,12600,5.94,0,0.18,N,2
57,69200,OWN,3.1,HOMEIMPROVEMENT,B,9200,6.86,0,0.13,N,6
53,82400,OWN,8.7,HOMEIMPROVEMENT,E,42700,12.19,0,0.52,Y,8
37,253900,MORTGAGE,6.6,MEDICAL,C,50000,7.76,1,0.2,Y,5
38,44700,RENT,12.2,VENTURE,C,12100,7.74,0,0.27,Y,3
63,62100,RENT,4.2,DEBTCONSOLIDATION,D,20700,8.81,0,0.33,Y,5
54,92800,RENT,5.9,EDUCATION,E,50000,9.8,1,0.54,Y,5
21,73200,RENT,5.0,EDUCATION,F,47300,10.74,0,0.65,N,5
47,79000,MORTGAGE,7.4,MEDICAL,B,24600,6.63,0,0.31,N,2
52,45100,OWN,3.1,HOMEIMPROVEMENT,D,25800,9.4,0,0.57,N,2
69,62600,RENT,2.4,DEBTCONSOLIDATION,A,11500,5.4,0,0.18,N,18
27,30500,RENT,3.3,PERSONAL,D,13200,6.0,0,0.43,N,0
41,131100,RENT,2.6,MEDICAL,A,12300,5.53,0,0.09,N,11
52,37100,MORTGAGE,10.4,DEBTCONSOLIDATION,A,9600,6.29,1,0.26,N,2
21,57300,RENT,5.0,PERSONAL,D,36600,9.18,1,0.64,N,5
39,46800,MORTGAGE,5.2,PERSONAL,A,14400,8.4,1,0.31,N,4
27,50800,RENT,8.7,VENTURE,A,4100,5.4,0,0.08,N,11
44,93100,MORTGAGE,1.3,MEDICAL,B,35700,8.71,0,0.38,N,14
43,98800,OWN,18.4,PERSONAL,A,19300,6.94,0,0.2,Y,8
52,129200,RENT,11.1,PERSONAL,A,40500,6.51,0,0.31,N,4
35,55600,RENT,10.4,MEDICAL,B,12500,7.12,0,0.22,N,6
61,64400,RENT,8.9,MEDICAL,C,28600,7.61,0,0.44,N,1
48,74300,MORTGAGE,8.1,DEBTCONSOLIDATION,A,6800,6.18,0,0.09,N,8
31,33200,MORTGAGE,13.6,PERSONAL,A,4500,7.22,1,0.14,Y,4
27,99300,MORTGAGE,6.1,MEDICAL,C,48100,9.12,0,0.48,N,5
27,23700,MORTGAGE,11.0,EDUCATION,B,8300,7.4,0,0.35,N,2
65,268100,RENT,6.1,DEBTCONSOLIDATION,A,50000,5.4,0,0.19,N,8
33,65200,OWN,6.6,VENTURE,D,32300,8.9,1,0.5,Y,17
26,37600,RENT,7.6,DEBTCONSOLIDATION,B,8400,5.94,0,0.22,Y,6
42,112200,MORTGAGE,9.3,DEBTCONSOLIDATION,D,38400,8.87,1,0.34,Y,11
51,50500,MORTGAGE,9.3,DEBTCONSOLIDATION,A,2800,8.55,0,0.06,N,3
58,85600,MORTGAGE,3.6,DEBTCONSOLIDATION,D,44100,9.88,1,0.52,Y,4
25,127100,RENT,3.8,PERSONAL,E,50000,9.08,0,0.39,Y,3
21,36100,OWN,5.0,DEBTCONSOLIDATION,A,4600,5.4,0,0.13,N,5
55,89500,RENT,8.8,DEBTCONSOLIDATION,B,26300,9.44,1,0.29,N,16
25,70000,MORTGAGE,9.0,DEBTCONSOLIDATION,D,42600,7.73,0,0.61,N,6
37,130700,OWN,5.1,MEDICAL,C,50000,5.4,0,0.38,N,5
60,74800,OWN,8.0,VENTURE,A,14600,6.15,0,0.2,N,4
40,117200,MORTGAGE,2.4,VENTURE,C,45700,7.38,0,0.39,N,5
49,121000,OWN,3.3,VENTURE,C,43100,6.37,0,0.36,N,7
60,41100,MORTGAGE,6.8,DEBTCONSOLIDATION,D,24000,9.87,0,0.58,N,4
67,88800,MORTGAGE,7.1,MEDICAL,A,10700,7.35,0,0.12,N,11
46,53700,MORTGAGE,8.3,DEBTCONSOLIDATION,A,15500,7.18,1,0.29,N,6
29,74900,RENT,3.6,DEBTCONSOLIDATION,C,16400,8.06,0,0.22,N,3
26,81300,RENT,10.0,EDUCATION,B,5700,10.11,0,0.07,Y,6
41,66500,OTHER,9.1,DEBTCONSOLIDATION,D,38300,6.75,0,0.58,N,13
35,51300,RENT,7.3,DEBTCONSOLIDATION,A,3300,8.68,0,0.06,N,7
47,43500,MORTGAGE,3.4,MEDICAL,C,15600,7.56,0,0.36,N,5
50,94300,RENT,5.9,EDUCATION,D,50000,6.12,0,0.53,N,10
42,34300,RENT,13.7,PERSONAL,B,21800,7.64,0,0.64,N,12
46,46900,OWN,2.4,MEDICAL,A,7400,7.22,0,0.16,N,7
31,56500,MORTGAGE,5.9,DEBTCONSOLIDATION,B,11600,7.75,0,0.21,N,2
40,60800,OWN,7.0,HOMEIMPROVEMENT,A,27500,8.93,0,0.45,N,3
56,133000,RENT,8.2,DEBTCONSOLIDATION,A,41600,6.06,0,0.31,N,3
54,97800,MORTGAGE,5.5,EDUCATION,C,49000,8.86,0,0.5,N,2
27,63200,OWN,8.7,PERSONAL,B,29400,6.7,0,0.47,N,7
48,40300,MORTGAGE,12.2,MEDICAL,B,20900,5.54,1,0.52,N,3
67,48500,MORTGAGE,4.8,MEDICAL,C,18600,7.92,0,0.38,N,7
40,36500,MORTGAGE,10.7,MEDICAL,C,14100,6.84,0,0.39,N,6
30,40500,RENT,5.4,MEDICAL,A,3500,5.4,0,0.09,N,11
46,62600,RENT,10.4,HOMEIMPROVEMENT,B,21800,5.4,0,0.35,N,2
26,52000,MORTGAGE,6.2,PERSONAL,A,14900,6.93,0,0.29,N,10
49,88900,MORTGAGE,6.1,DEBTCONSOLIDATION,B,36800,5.68,1,0.41,N,8
64,101800,RENT,9.5,DEBTCONSOLIDATION,B,30000,9.04,0,0.29,N,3
25,49500,OWN,4.1,VENTURE,B,15900,5.4,1,0.32,N,9
56,72100,RENT,2.7,MEDICAL,A,5300,5.4,0,0.07,N,6
46,80200,OWN,17.2,PERSONAL,A,45300,5.4,0,0.56,N,13
42,30600,MORTGAGE,11.5,DEBTCONSOLIDATION,B,11400,7.73,0,0.37,N,5
24,33100,RENT,3.7,HOMEIMPROVEMENT,A,5500,7.2,0,0.17,N,8
68,46300,RENT,15.4,HOMEIMPROVEMENT,C,2000,7.04,0,0.04,Y,2
43,189000,RENT,2.2,DEBTCONSOLIDATION,B,50000,7.57,0,0.26,N,5
42,61100,RENT,7.0,HOMEIMPROVEMENT,D,31100,9.0,0,0.51,N,15
51,67800,OTHER,7.7,MEDICAL,A,5000,5.4,0,0.07,N,13
30,69400,RENT,1.7,MEDICAL,B,21900,5.4,0,0.32,N,8
43,32600,RENT,1.7,MEDICAL,D,15200,8.58,1,0.47,N,16
29,66900,MORTGAGE,10.5,HOMEIMPROVEMENT,A,18800,6.53,0,0.28,N,8
55,60000,MORTGAGE,5.6,MEDICAL,A,3400,5.4,0,0.06,N,7
55,98300,RENT,1.6,MEDICAL,B,3600,7.82,0,0.04,Y,17
47,82100,RENT,7.0,MEDICAL,A,5300,5.4,0,0.06,N,6
39,47400,RENT,7.7,VENTURE,C,28900,6.46,0,0.61,N,11
64,56500,MORTGAGE,2.4,HOMEIMPROVEMENT,A,4900,5.46,0,0.09,N,6
25,73500,MORTGAGE,9.0,EDUCATION,A,42800,5.6,0,0.58,N,4
22,30300,OWN,6.0,MEDICAL,E,14600,9.08,0,0.48,Y,5
46,141000,MORTGAGE,11.7,MEDICAL,C,32600,7.7,0,0.23,Y,8
29,99200,RENT,2.4,DEBTCONSOLIDATION,D,50000,6.71,0,0.5,N,13
42,47600,RENT,5.3,EDUCATION,B,14700,6.15,1,0.31,N,14
70,88600,RENT,5.6,VENTURE,D,39700,9.25,0,0.45,N,2
34,82500,MORTGAGE,10.9,MEDICAL,B,30900,6.99,0,0.37,N,4
21,43700,OWN,1.4,EDUCATION,B,16000,7.05,1,0.37,N,2
26,163200,MORTGAGE,10.0,VENTURE,B,50000,5.81,0,0.31,N,4
43,88600,RENT,1.9,DEBTCONSOLIDATION,A,14400,8.61,0,0.16,N,8
62,122400,RENT,8.5,DEBTCONSOLIDATION,C,23900,8.23,0,0.2,Y,12
56,144100,MORTGAGE,7.9,PERSONAL,A,9700,5.4,0,0.07,N,2
49,38000,OWN,15.8,VENTURE,B,23100,6.72,0,0.61,N,11
35,78300,OWN,3.7,VENTURE,A,8700,5.71,0,0.11,N,3
63,92700,OWN,4.3,PERSONAL,C,20500,5.4,0,0.22,Y,8
47,59700,MORTGAGE,3.5,DEBTCONSOLIDATION,C,21000,6.67,0,0.35,Y,5
48,49800,RENT,12.5,DEBTCONSOLIDATION,B,14100,6.9,0,0.28,N,15
43,174100,MORTGAGE,4.9,PERSONAL,B,50000,6.9,0,0.29,N,5
50,117800,MORTGAGE,5.3,PERSONAL,B,50000,7.63,0,0.42,N,1
36,55100,RENT,2.0,DEBTCONSOLIDATION,F,31400,10.86,0,0.57,N,5
27,89100,RENT,4.7,HOMEIMPROVEMENT,D,33400,9.41,0,0.37,N,2
32,51100,RENT,5.6,DEBTCONSOLIDATION,C,19800,10.05,0,0.39,N,2
40,196400,MORTGAGE,5.8,VENTURE,B,50000,10.14,1,0.25,N,7
66,138300,RENT,6.6,DEBTCONSOLIDATION,E,50000,9.37,0,0.36,Y,6
36,57900,RENT,1.4,DEBTCONSOLIDATION,E,18400,9.2,0,0.32,Y,8
35,37900,MORTGAGE,1.6,DEBTCONSOLIDATION,B,9600,5.91,0,0.25,N,9
46,96100,MORTGAGE,2.9,MEDICAL,A,3700,6.16,0,0.04,N,6
63,92300,RENT,7.4,DEBTCONSOLIDATION,D,50000,10.15,1,0.54,N,3
25,63700,MORTGAGE,2.5,PERSONAL,A,10100,5.4,0,0.16,N,4
53,78500,RENT,15.4,DEBTCONSOLIDATION,A,40600,5.63,0,0.52,N,22
36,39000,RENT,2.7,VENTURE,C,20000,8.61,1,0.51,N,8
23,32700,MORTGAGE,2.7,PERSONAL,B,15200,8.7,0,0.46,N,2
49,139300,OTHER,2.8,EDUCATION,C,50000,7.29,0,0.36,N,3
48,31300,MORTGAGE,1.3,MEDICAL,E,13200,9.23,0,0.42,Y,7
50,101900,MORTGAGE,7.6,MEDICAL,D,47500,9.32,0,0.47,N,11
30,96900,RENT,1.8,DEBTCONSOLIDATION,D,35300,7.99,0,0.36,N,2
58,142500,RENT,7.1,EDUCATION,A,28100,5.96,0,0.2,N,10
42,159000,RENT,1.5,VENTURE,E,50000,8.61,1,0.31,Y,2
50,146100,RENT,8.1,VENTURE,B,20400,8.42,1,0.14,N,4
50,117100,RENT,7.3,DEBTCONSOLIDATION,C,50000,7.93,0,0.43,N,7
58,129700,RENT,3.9,DEBTCONSOLIDATION,C,50000,7.6,0,0.39,N,5
57,35900,RENT,7.1,VENTURE,A,1300,5.4,0,0.04,N,6
47,67600,RENT,6.9,EDUCATION,A,25700,6.43,0,0.38,N,11
63,23600,RENT,5.4,VENTURE,C,9100,6.06,0,0.39,N,6
31,52300,MORTGAGE,12.3,VENTURE,B,19400,5.4,0,0.37,N,5
62,33100,RENT,2.8,EDUCATION,B,9200,8.97,1,0.28,N,14
51,130500,RENT,4.2,EDUCATION,A,6900,5.82,0,0.05,Y,4
27,75800,RENT,10.3,VENTURE,D,40800,10.01,0,0.54,N,9
59,96300,MORTGAGE,8.0,EDUCATION,B,25600,8.7,1,0.27,Y,19
42,55900,RENT,10.3,DEBTCONSOLIDATION,A,5500,6.45,1,0.1,N,2
61,123200,RENT,3.0,VENTURE,C,50000,8.08,0,0.41,N,8
57,138900,MORTGAGE,1.9,DEBTCONSOLIDATION,B,50000,8.41,0,0.36,N,9
58,57100,RENT,4.2,HOMEIMPROVEMENT,C,26300,7.29,0,0.46,N,7
70,36400,MORTGAGE,1.8,HOMEIMPROVEMENT,B,2000,6.7,0,0.05,Y,7
56,45500,RENT,9.8,EDUCATION,C,22300,7.45,0,0.49,N,6
45,148700,MORTGAGE,5.8,MEDICAL,A,28300,5.4,0,0.19,N,3
65,53600,MORTGAGE,4.6,MEDICAL,B,15900,7.19,0,0.3,Y,7
27,48200,MORTGAGE,6.1,PERSONAL,B,21400,6.36,0,0.44,N,5
44,76100,RENT,12.3,HOMEIMPROVEMENT,C,48100,5.85,0,0.63,N,0
43,29400,RENT,8.8,HOMEIMPROVEMENT,C,13100,5.4,0,0.45,N,6
24,53500,OWN,4.5,DEBTCONSOLIDATION,C,32700,8.87,0,0.61,N,8
46,70200,RENT,6.0,VENTURE,F,38900,13.66,1,0.55,Y,5
69,112500,RENT,7.8,VENTURE,D,50000,8.46,0,0.44,N,2
28,145400,RENT,10.1,MEDICAL,C,11500,6.02,0,0.08,Y,1
23,46400,RENT,7.0,VENTURE,D,11200,8.79,0,0.24,Y,4
40,64500,MORTGAGE,3.4,PERSONAL,B,27200,8.02,0,0.42,N,9
52,162300,RENT,2.9,EDUCATION,B,30700,6.54,0,0.19,N,9
69,65800,MORTGAGE,2.1,EDUCATION,E,22800,11.49,1,0.35,Y,6
44,58600,RENT,19.7,VENTURE,A,5200,7.78,0,0.09,N,4
47,101700,RENT,3.8,MEDICAL,B,14400,5.4,1,0.14,N,4
30,79000,OWN,3.1,DEBTCONSOLIDATION,E,43400,10.91,1,0.55,N,5
56,59500,MORTGAGE,2.2,MEDICAL,A,9300,5.4,1,0.16,N,4
36,37900,RENT,9.2,DEBTCONSOLIDATION,A,2200,6.59,0,0.06,Y,11
30,53500,MORTGAGE,0.1,EDUCATION,D,29900,9.31,0,0.56,N,2
55,61600,RENT,9.3,DEBTCONSOLIDATION,B,13400,7.07,0,0.22,N,3
24,117000,RENT,2.4,PERSONAL,C,50000,8.49,0,0.43,N,4
34,79400,MORTGAGE,6.8,DEBTCONSOLIDATION,B,16900,6.19,1,0.21,N,2
30,54100,OWN,14.0,VENTURE,C,29400,8.0,0,0.54,N,9
69,82100,RENT,28.7,DEBTCONSOLIDATION,B,35100,6.2,0,0.43,N,2
31,111100,RENT,1.9,MEDICAL,C,31500,8.19,0,0.28,N,4
60,51000,OWN,1.1,EDUCATION,A,23600,5.4,0,0.46,N,21
47,48800,MORTGAGE,8.5,DEBTCONSOLIDATION,D,28500,9.02,0,0.58,N,1
39,55800,RENT,7.9,DEBTCONSOLIDATION,A,3100,5.4,0,0.06,N,12
42,88500,OWN,8.1,MEDICAL,B,29800,9.0,0,0.34,N,4
29,61500,MORTGAGE,2.2,HOMEIMPROVEMENT,D,35600,8.13,1,0.58,N,9
67,110100,OWN,4.9,HOMEIMPROVEMENT,A,15800,5.4,0,0.14,Y,12
47,51100,OWN,7.5,DEBTCONSOLIDATION,C,30100,8.06,0,0.59,N,8
70,29100,RENT,5.5,DEBTCONSOLIDATION,D,10800,8.84,1,0.37,N,2
32,63600,RENT,1.9,MEDICAL,E,20800,12.73,0,0.33,Y,6
22,52500,RENT,4.1,VENTURE,E,32100,9.67,1,0.61,N,6
48,149300,RENT,3.3,DEBTCONSOLIDATION,B,50000,5.4,0,0.33,N,15
29,44200,OWN,3.2,EDUCATION,C,21100,6.63,0,0.48,N,5
32,46600,OWN,4.2,DEBTCONSOLIDATION,A,7100,5.4,0,0.15,N,4
48,67700,OWN,27.2,EDUCATION,A,6200,7.59,0,0.09,N,4
56,75000,OWN,24.3,DEBTCONSOLIDATION,B,10000,5.4,0,0.13,Y,1
53,97800,OWN,7.1,PERSONAL,C,32500,6.22,0,0.33,Y,3
38,64000,OWN,5.4,PERSONAL,A,11600,6.41,0,0.18,N,4
56,109100,RENT,8.2,DEBTCONSOLIDATION,B,33500,7.23,0,0.31,N,13
21,57400,OTHER,3.2,VENTURE,D,17300,9.68,0,0.3,N,5
65,90900,RENT,11.1,DEBTCONSOLIDATION,C,21000,5.95,0,0.23,N,3
65,40700,RENT,4.6,MEDICAL,D,9000,10.51,1,0.22,Y,4
42,70400,OWN,8.2,MEDICAL,A,25800,6.72,0,0.37,N,12
35,154800,RENT,0.8,PERSONAL,B,50000,9.58,0,0.32,N,4
53,57600,OWN,8.7,EDUCATION,A,12000,6.95,0,0.21,N,5
55,94300,OTHER,4.8,DEBTCONSOLIDATION,C,37900,6.64,1,0.4,N,4
45,30300,MORTGAGE,2.1,EDUCATION,D,12100,10.37,0,0.4,Y,5
44,241400,OTHER,9.6,EDUCATION,C,50000,7.22,1,0.21,N,6
40,113100,OWN,4.9,VENTURE,C,31900,6.35,0,0.28,Y,2
39,45400,RENT,7.0,VENTURE,E,27300,9.48,0,0.6,N,4
32,26900,OWN,5.2,PERSONAL,B,15600,7.27,0,0.58,N,16
62,73000,RENT,7.8,VENTURE,B,14200,9.52,0,0.19,N,4
63,69300,RENT,2.2,DEBTCONSOLIDATION,E,33900,9.15,1,0.49,N,6
35,20100,MORTGAGE,13.0,DEBTCONSOLIDATION,B,2800,6.46,0,0.14,N,3
48,78000,MORTGAGE,6.1,MEDICAL,C,28400,8.62,0,0.36,N,17
23,41900,MORTGAGE,7.0,PERSONAL,C,25700,8.92,0,0.61,N,1
30,88800,OWN,3.6,PERSONAL,B,46700,6.03,1,0.53,N,10
59,87800,RENT,5.1,HOMEIMPROVEMENT,F,50000,13.05,1,0.57,Y,1
32,73600,MORTGAGE,6.3,EDUCATION,A,19000,7.46,0,0.26,N,8
22,73000,MORTGAGE,6.0,DEBTCONSOLIDATION,A,9900,6.36,0,0.14,N,6
51,66100,MORTGAGE,9.6,DEBTCONSOLIDATION,C,38500,9.03,0,0.58,N,20
69,76400,RENT,8.5,PERSONAL,B,4100,5.4,0,0.05,Y,1
62,62200,RENT,1.3,HOMEIMPROVEMENT,E,31500,9.88,1,0.51,N,11
31,101700,RENT,2.1,EDUCATION,E,50000,11.65,1,0.49,Y,5
28,46900,RENT,11.8,VENTURE,A,12000,5.56,1,0.26,N,7
34,34800,OTHER,6.5,MEDICAL,F,20200,11.57,1,0.58,Y,8
48,57300,RENT,6.3,HOMEIMPROVEMENT,B,19200,7.0,0,0.34,N,3
34,28400,OWN,3.2,DEBTCONSOLIDATION,D,8400,10.41,0,0.3,Y,5
55,180200,RENT,7.0,MEDICAL,B,50000,7.02,0,0.28,N,3
51,43000,RENT,3.1,DEBTCONSOLIDATION,C,11500,6.82,0,0.27,N,8
28,48900,RENT,6.7,DEBTCONSOLIDATION,C,14900,5.4,0,0.3,N,6
63,65800,RENT,8.1,DEBTCONSOLIDATION,D,34600,7.85,0,0.53,N,5
41,137000,MORTGAGE,9.8,MEDICAL,A,7600,5.5,0,0.06,N,7
46,46200,OWN,7.1,EDUCATION,A,16400,6.58,0,0.35,N,5
27,61300,OTHER,5.4,HOMEIMPROVEMENT,D,32200,9.29,1,0.53,N,4
24,49100,RENT,3.5,PERSONAL,F,21700,11.48,1,0.44,Y,7
34,84700,RENT,3.5,PERSONAL,D,50000,8.93,0,0.59,N,12
26,90200,RENT,1.8,MEDICAL,A,8400,6.28,0,0.09,N,4
25,36100,MORTGAGE,4.6,EDUCATION,B,12300,6.35,0,0.34,N,4
57,90400,OWN,10.1,DEBTCONSOLIDATION,B,42100,8.51,0,0.47,N,12
56,106500,MORTGAGE,6.2,MEDICAL,A,10100,5.83,0,0.09,N,7
45,50000,RENT,13.8,DEBTCONSOLIDATION,E,24600,8.95,0,0.49,Y,10
49,32500,RENT,7.3,PERSONAL,A,2800,6.32,0,0.09,N,8
69,71000,RENT,11.1,PERSONAL,C,33600,6.12,0,0.47,N,1
31,62300,RENT,2.4,DEBTCONSOLIDATION,E,23200,9.61,0,0.37,Y,9
40,80200,RENT,4.0,PERSONAL,E,50000,9.21,1,0.62,N,4
41,53500,MORTGAGE,6.7,VENTURE,A,3900,8.25,0,0.07,N,11
56,40500,MORTGAGE,5.5,EDUCATION,C,10600,7.27,0,0.26,N,4
41,107900,MORTGAGE,5.2,HOMEIMPROVEMENT,B,19800,5.4,0,0.18,Y,12
65,66600,RENT,8.3,EDUCATION,D,43200,9.18,0,0.65,N,10
70,110700,MORTGAGE,3.6,EDUCATION,A,10900,6.67,0,0.1,N,17
24,47000,MORTGAGE,6.8,EDUCATION,A,7800,5.4,1,0.17,Y,7
67,127600,MORTGAGE,4.7,DEBTCONSOLIDATION,B,39000,6.68,0,0.31,N,12
48,55500,MORTGAGE,1.1,HOMEIMPROVEMENT,B,19900,7.43,0,0.36,N,3
31,62400,RENT,3.9,MEDICAL,D,26100,9.45,1,0.42,N,9
29,57100,RENT,7.4,DEBTCONSOLIDATION,C,14100,7.91,0,0.25,N,5
41,146800,OWN,10.9,VENTURE,A,50000,5.4,0,0.34,N,3
60,132900,MORTGAGE,5.3,DEBTCONSOLIDATION,A,50000,7.92,0,0.38,N,6
22,34400,RENT,6.0,DEBTCONSOLIDATION,C,2200,7.58,1,0.06,Y,6
58,123900,RENT,5.4,MEDICAL,C,38700,5.98,0,0.31,Y,4
57,85200,MORTGAGE,8.2,HOMEIMPROVEMENT,B,27700,8.29,1,0.33,Y,6
58,84100,MORTGAGE,8.1,VENTURE,A,14300,6.41,0,0.17,N,10
68,37100,RENT,7.7,PERSONAL,E,21100,9.2,0,0.57,Y,6
65,50700,MORTGAGE,4.6,DEBTCONSOLIDATION,C,29600,8.34,0,0.58,N,4
50,112200,OWN,15.0,DEBTCONSOLIDATION,E,50000,8.62,1,0.45,Y,1
58,29900,OWN,3.6,HOMEIMPROVEMENT,A,3200,7.1,0,0.11,N,5
69,72200,RENT,1.3,DEBTCONSOLIDATION,D,21700,9.12,0,0.3,N,3
66,115300,MORTGAGE,5.4,PERSONAL,B,50000,6.75,0,0.43,N,14
35,79800,OWN,6.6,DEBTCONSOLIDATION,B,29000,9.98,0,0.36,N,2
54,73000,RENT,5.5,EDUCATION,F,26600,12.84,1,0.36,Y,8
45,49000,OWN,7.9,EDUCATION,A,7000,6.0,0,0.14,N,8
21,69400,OWN,5.0,PERSONAL,D,19600,7.79,0,0.28,Y,1
24,67800,MORTGAGE,1.4,HOMEIMPROVEMENT,C,36100,6.99,0,0.53,N,2
34,40100,RENT,3.2,MEDICAL,D,13700,9.24,1,0.34,Y,6
66,89600,RENT,11.1,MEDICAL,B,18800,5.4,0,0.21,N,4
35,59900,RENT,19.0,DEBTCONSOLIDATION,A,15000,5.45,0,0.25,N,10
33,69900,RENT,4.2,EDUCATION,E,38700,8.17,0,0.55,N,5
39,98500,MORTGAGE,10.6,VENTURE,C,50000,9.48,0,0.51,N,5
55,91800,MORTGAGE,3.0,VENTURE,B,20000,6.2,0,0.22,N,12
46,208500,OWN,4.0,DEBTCONSOLIDATION,B,50000,9.55,0,0.24,Y,4
40,124200,OTHER,5.7,DEBTCONSOLIDATION,B,21600,8.16,0,0.17,N,7
41,73400,MORTGAGE,5.1,HOMEIMPROVEMENT,D,21200,8.31,0,0.29,Y,4
64,74800,MORTGAGE,8.8,PERSONAL,B,29800,5.4,0,0.4,N,6
41,126200,RENT,2.2,VENTURE,D,50000,7.06,1,0.4,N,8
56,107800,MORTGAGE,6.3,DEBTCONSOLIDATION,B,47600,6.75,0,0.44,N,9
66,98600,MORTGAGE,8.2,DEBTCONSOLIDATION,C,21100,5.89,0,0.21,Y,6
36,32000,RENT,14.2,VENTURE,D,15100,8.66,1,0.47,N,2
29,50200,RENT,13.0,DEBTCONSOLIDATION,B,10800,5.92,1,0.22,Y,10
26,30200,MORTGAGE,6.5,MEDICAL,A,4600,5.4,0,0.15,N,2
41,85200,RENT,1.5,DEBTCONSOLIDATION,E,48400,8.62,0,0.57,N,3
51,136800,RENT,1.8,MEDICAL,C,22700,7.66,0,0.17,N,15
26,42400,RENT,3.0,VENTURE,A,4800,5.74,0,0.11,N,9
67,44900,RENT,6.9,EDUCATION,C,17700,9.74,1,0.39,N,9
30,116200,RENT,3.3,DEBTCONSOLIDATION,C,50000,5.4,0,0.43,N,9
34,83600,RENT,6.9,PERSONAL,D,48500,7.77,1,0.58,N,4
22,104300,MORTGAGE,6.0,PERSONAL,B,43700,6.49,0,0.42,N,6
31,71200,MORTGAGE,5.0,DEBTCONSOLIDATION,F,44300,10.31,1,0.62,Y,12
45,64100,MORTGAGE,8.2,DEBTCONSOLIDATION,C,41400,7.77,0,0.65,N,12
37,80200,RENT,5.3,DEBTCONSOLIDATION,C,36700,8.13,0,0.46,N,10
62,62700,RENT,2.9,EDUCATION,D,28200,8.2,0,0.45,N,9
40,99200,RENT,5.8,EDUCATION,B,32900,6.6,0,0.33,N,10
47,60100,MORTGAGE,5.2,MEDICAL,F,33200,10.77,0,0.55,Y,15
54,64200,OWN,2.0,MEDICAL,B,10300,5.4,0,0.16,N,5
66,149800,RENT,9.6,HOMEIMPROVEMENT,A,27600,5.4,0,0.18,N,18
37,59100,MORTGAGE,4.8,VENTURE,A,17000,5.75,0,0.29,N,13
61,96800,RENT,2.2,DEBTCONSOLIDATION,B,13400,6.5,1,0.14,N,13
48,93500,MORTGAGE,13.9,MEDICAL,C,50000,6.14,0,0.53,N,11
24,83300,RENT,1.6,EDUCATION,C,33300,9.38,0,0.4,N,8
21,60000,RENT,1.5,EDUCATION,A,7200,6.1,0,0.12,N,2
39,57900,MORTGAGE,3.6,MEDICAL,C,35700,8.1,1,0.62,N,4
63,144900,MORTGAGE,4.5,PERSONAL,A,14100,6.14,0,0.1,N,13
26,62300,MORTGAGE,3.3,DEBTCONSOLIDATION,C,13900,8.44,0,0.22,Y,10
66,68600,RENT,8.5,HOMEIMPROVEMENT,B,10300,6.08,0,0.15,Y,9
33,116500,MORTGAGE,1.0,DEBTCONSOLIDATION,B,16600,6.37,0,0.14,N,11
41,169200,MORTGAGE,15.1,DEBTCONSOLIDATION,A,6000,5.4,0,0.04,N,14
35,69100,RENT,13.0,PERSONAL,A,12000,5.52,0,0.17,Y,11
61,86500,MORTGAGE,4.0,MEDICAL,A,13600,7.3,0,0.16,N,4
65,63700,OWN,3.3,DEBTCONSOLIDATION,A,6800,6.17,0,0.11,N,9
56,124500,MORTGAGE,5.6,VENTURE,A,19400,7.89,0,0.16,N,12
60,38700,MORTGAGE,2.3,MEDICAL,C,19600,7.79,0,0.51,N,11
54,118000,MORTGAGE,11.0,DEBTCONSOLIDATION,B,50000,6.15,0,0.42,N,3
55,30200,RENT,17.4,HOMEIMPROVEMENT,A,7100,5.4,0,0.24,N,6
37,114000,RENT,3.3,DEBTCONSOLIDATION,B,34600,7.91,0,0.3,N,5
60,80500,RENT,1.0,VENTURE,E,50000,10.63,0,0.62,N,3
55,95200,MORTGAGE,9.4,MEDICAL,B,26200,6.88,0,0.28,N,4
45,66700,MORTGAGE,1.8,HOMEIMPROVEMENT,C,28000,6.27,0,0.42,N,13
47,49800,MORTGAGE,4.6,DEBTCONSOLIDATION,A,2700,6.02,0,0.05,N,8
48,63100,OTHER,4.6,DEBTCONSOLIDATION,A,7300,7.02,0,0.12,N,9
45,60300,MORTGAGE,3.5,DEBTCONSOLIDATION,A,6000,7.45,0,0.1,N,5
42,149200,MORTGAGE,3.8,EDUCATION,B,50000,6.22,0,0.34,N,3
28,123300,OWN,12.0,VENTURE,C,50000,7.47,0,0.41,N,1
25,50100,OWN,9.0,PERSONAL,C,17100,6.89,0,0.34,Y,9
28,72400,RENT,5.5,DEBTCONSOLIDATION,D,27000,7.83,0,0.37,N,3
57,34500,OWN,2.3,MEDICAL,C,21400,11.19,0,0.62,N,16
51,122000,MORTGAGE,7.1,DEBTCONSOLIDATION,D,50000,7.2,1,0.41,Y,4
31,49800,RENT,11.1,MEDICAL,E,29900,9.3,0,0.6,N,15
66,98500,RENT,3.2,EDUCATION,A,9800,7.31,0,0.1,N,5
22,48400,MORTGAGE,5.4,EDUCATION,B,10700,5.4,0,0.22,Y,2
28,109900,RENT,6.6,HOMEIMPROVEMENT,A,8900,6.49,1,0.08,N,12
65,85600,MORTGAGE,10.5,EDUCATION,C,44000,7.23,0,0.51,N,4
53,67000,MORTGAGE,11.1,EDUCATION,A,10000,6.66,0,0.15,N,2
51,73500,MORTGAGE,10.1,EDUCATION,C,43700,9.15,0,0.59,N,10
66,102500,MORTGAGE,23.3,VENTURE,B,48900,9.17,1,0.48,N,9
50,65600,RENT,1.1,HOMEIMPROVEMENT,D,35700,10.32,0,0.54,N,6
64,73200,MORTGAGE,23.8,EDUCATION,A,26300,8.02,0,0.36,N,10
65,81300,OWN,5.0,DEBTCONSOLIDATION,C,46200,8.34,1,0.57,N,7
32,77400,OWN,10.3,PERSONAL,A,6300,7.13,0,0.08,N,4
61,189000,RENT,12.3,HOMEIMPROVEMENT,A,9900,6.28,0,0.05,N,11
39,64600,RENT,10.6,DEBTCONSOLIDATION,C,18100,6.89,0,0.28,N,2
25,50700,MORTGAGE,3.4,VENTURE,C,20600,5.43,0,0.41,N,9
41,41900,MORTGAGE,22.0,VENTURE,A,12100,7.07,0,0.29,N,3
57,91700,RENT,5.3,HOMEIMPROVEMENT,F,33800,10.39,0,0.37,Y,1
65,78000,MORTGAGE,6.0,DEBTCONSOLIDATION,B,21200,7.42,0,0.27,N,1
69,77200,RENT,8.1,DEBTCONSOLIDATION,A,9900,5.8,0,0.13,N,13
49,108300,RENT,14.6,HOMEIMPROVEMENT,A,50000,8.65,0,0.46,N,3
55,49200,MORTGAGE,10.8,PERSONAL,A,7100,6.29,0,0.14,N,9
44,95300,MORTGAGE,2.9,VENTURE,B,21100,8.78,0,0.22,N,0
45,54600,RENT,5.1,HOMEIMPROVEMENT,C,34100,9.84,0,0.62,N,8
64,106400,RENT,6.3,EDUCATION,A,16900,6.61,0,0.16,N,7
28,46900,RENT,4.0,VENTURE,C,13100,7.04,0,0.28,N,6
58,59000,RENT,3.5,DEBTCONSOLIDATION,D,16200,7.82,0,0.27,N,3
52,70800,RENT,21.9,VENTURE,B,27300,6.73,0,0.39,N,3
58,35200,MORTGAGE,4.5,DEBTCONSOLIDATION,A,11200,6.56,0,0.32,N,3
37,120600,RENT,7.1,DEBTCONSOLIDATION,B,50000,7.75,0,0.41,N,3
54,139600,OWN,13.7,DEBTCONSOLIDATION,A,26800,6.19,0,0.19,N,8
31,100200,RENT,8.2,MEDICAL,B,50000,6.65,0,0.5,N,14
67,141000,MORTGAGE,3.8,PERSONAL,C,50000,8.85,1,0.35,N,6
46,55100,MORTGAGE,4.6,VENTURE,E,35700,10.31,0,0.65,N,11
40,57500,OWN,1.1,VENTURE,C,24400,7.74,0,0.42,N,17
37,73200,MORTGAGE,5.5,DEBTCONSOLIDATION,B,18900,5.81,0,0.26,N,11
22,119500,RENT,5.2,MEDICAL,F,50000,11.44,0,0.42,Y,2
35,62100,RENT,10.2,DEBTCONSOLIDATION,A,23000,8.28,0,0.37,N,2
60,87600,MORTGAGE,10.4,EDUCATION,B,47800,6.74,0,0.55,N,17
55,120100,RENT,4.8,DEBTCONSOLIDATION,A,6700,6.36,0,0.06,N,6
67,133200,OWN,3.2,VENTURE,E,32900,9.93,1,0.25,Y,4
39,51000,MORTGAGE,6.1,DEBTCONSOLIDATION,C,26900,5.4,0,0.53,N,5
49,52900,RENT,5.7,PERSONAL,B,8700,7.2,0,0.16,N,1
56,54200,OWN,9.5,DEBTCONSOLIDATION,A,9900,6.37,0,0.18,N,4
63,108300,MORTGAGE,8.0,EDUCATION,A,12100,6.89,0,0.11,Y,12
36,44100,OTHER,5.7,DEBTCONSOLIDATION,D,27300,9.14,0,0.62,N,1
35,57700,RENT,7.9,DEBTCONSOLIDATION,A,11700,5.4,0,0.2,N,14
63,109400,RENT,7.7,MEDICAL,D,50000,10.42,1,0.46,N,4
31,58900,RENT,9.5,PERSONAL,B,22700,7.76,0,0.39,N,15
34,145500,RENT,5.0,EDUCATION,D,50000,8.85,0,0.34,Y,4
43,45700,OWN,3.6,PERSONAL,B,9100,5.44,0,0.2,N,10
66,52200,RENT,10.0,PERSONAL,E,31700,10.75,1,0.61,Y,7
51,84500,MORTGAGE,6.7,DEBTCONSOLIDATION,C,35800,7.65,0,0.42,N,5
56,88800,OWN,13.1,PERSONAL,B,43000,5.7,0,0.48,N,5
66,92200,OWN,10.2,DEBTCONSOLIDATION,A,16900,5.4,0,0.18,N,7
56,67100,RENT,3.1,HOMEIMPROVEMENT,A,3300,7.05,0,0.05,N,4
63,100900,MORTGAGE,11.4,DEBTCONSOLIDATION,E,50000,10.55,0,0.5,Y,1
30,56700,MORTGAGE,10.3,DEBTCONSOLIDATION,B,26400,5.71,0,0.47,N,13
61,72100,MORTGAGE,7.1,EDUCATION,B,29900,7.88,0,0.41,N,4
51,61500,RENT,3.2,DEBTCONSOLIDATION,B,8200,5.66,0,0.13,N,5
45,100700,RENT,1.9,DEBTCONSOLIDATION,F,49600,10.99,1,0.49,Y,11
59,108100,MORTGAGE,3.9,VENTURE,B,47700,5.81,0,0.44,N,4
54,109800,MORTGAGE,7.9,MEDICAL,B,50000,6.49,1,0.46,N,9
50,43700,RENT,9.2,EDUCATION,A,16500,6.64,0,0.38,N,4
51,64500,RENT,2.8,HOMEIMPROVEMENT,C,35900,8.55,0,0.56,N,9
45,45900,OWN,24.6,DEBTCONSOLIDATION,A,26600,5.4,0,0.58,N,8
55,88100,RENT,5.0,PERSONAL,C,44600,8.83,0,0.51,N,10
69,314700,MORTGAGE,13.4,MEDICAL,B,50000,8.32,0,0.16,Y,4
40,53100,RENT,10.1,EDUCATION,B,14400,7.49,0,0.27,N,4
54,101600,OWN,1.7,VENTURE,A,6200,6.36,0,0.06,N,5
49,80900,RENT,7.0,DEBTCONSOLIDATION,B,28400,6.59,0,0.35,N,18
67,45000,RENT,7.0,MEDICAL,B,11700,7.66,0,0.26,N,7
37,85900,RENT,12.3,MEDICAL,C,42800,7.78,0,0.5,Y,10
27,52800,RENT,4.0,VENTURE,A,7400,7.34,0,0.14,N,7
53,188000,OWN,3.3,HOMEIMPROVEMENT,A,11500,5.62,0,0.06,N,15
46,96400,MORTGAGE,1.9,EDUCATION,A,25300,6.95,0,0.26,N,5
70,37300,MORTGAGE,5.8,PERSONAL,D,18400,7.22,0,0.49,N,2
54,59100,RENT,12.3,DEBTCONSOLIDATION,A,7400,7.57,0,0.13,N,8
31,73800,RENT,3.1,DEBTCONSOLIDATION,A,8000,9.71,0,0.11,N,3
56,139600,MORTGAGE,21.7,DEBTCONSOLIDATION,A,43200,5.68,0,0.31,N,15
54,61200,RENT,5.3,EDUCATION,C,28900,5.43,0,0.47,N,5
64,32200,RENT,5.5,HOMEIMPROVEMENT,A,5700,8.58,0,0.18,N,2
29,102200,RENT,2.1,PERSONAL,A,12400,6.8,0,0.12,N,5
48,166700,RENT,8.2,MEDICAL,B,50000,6.26,0,0.3,N,28
31,28400,RENT,7.1,EDUCATION,A,2700,6.11,1,0.1,N,8
69,91200,RENT,5.0,PERSONAL,A,15300,7.87,0,0.17,N,2
32,42200,RENT,8.4,DEBTCONSOLIDATION,D,26500,7.63,1,0.63,N,7
66,101000,RENT,5.2,HOMEIMPROVEMENT,D,31400,5.98,0,0.31,N,3
62,18000,MORTGAGE,2.4,HOMEIMPROVEMENT,C,9800,8.93,0,0.54,N,19
55,37700,MORTGAGE,4.8,VENTURE,A,7200,5.4,0,0.19,N,7
26,66300,OWN,3.1,VENTURE,B,11800,6.86,0,0.18,N,3
58,86100,OTHER,3.9,VENTURE,D,28900,8.77,1,0.34,Y,10
27,69200,MORTGAGE,3.7,PERSONAL,A,24400,6.06,0,0.35,N,3
51,73300,MORTGAGE,3.0,DEBTCONSOLIDATION,A,21100,8.1,0,0.29,N,9
56,80200,RENT,2.7,VENTURE,C,40700,7.21,0,0.51,N,14
54,123800,RENT,12.7,PERSONAL,A,14800,5.4,0,0.12,N,7
47,156000,MORTGAGE,2.5,DEBTCONSOLIDATION,B,50000,8.72,0,0.32,N,9
35,94800,RENT,4.2,DEBTCONSOLIDATION,F,43300,11.23,0,0.46,Y,4
46,101700,OTHER,7.3,PERSONAL,D,50000,7.05,0,0.49,N,3
61,110600,MORTGAGE,0.2,DEBTCONSOLIDATION,A,9700,5.4,0,0.09,N,8
66,146100,MORTGAGE,8.6,PERSONAL,A,50000,7.05,0,0.34,N,2
51,100000,MORTGAGE,3.6,MEDICAL,B,19500,5.4,0,0.2,N,4
36,57300,RENT,8.2,MEDICAL,A,2600,7.35,1,0.05,N,2
33,84400,MORTGAGE,17.0,EDUCATION,C,50000,8.62,1,0.59,N,4
29,136200,RENT,4.8,DEBTCONSOLIDATION,A,12000,5.4,0,0.09,N,11
50,94700,MORTGAGE,9.8,MEDICAL,D,50000,8.26,0,0.53,N,6
32,49100,RENT,16.0,PERSONAL,B,15100,6.83,0,0.31,N,3
54,50200,RENT,3.8,MEDICAL,A,9000,7.53,0,0.18,N,8
43,38200,MORTGAGE,8.8,HOMEIMPROVEMENT,A,9300,6.63,0,0.24,N,15
60,96600,RENT,3.0,HOMEIMPROVEMENT,C,36800,9.52,0,0.38,N,5
54,63900,OWN,3.8,HOMEIMPROVEMENT,A,10600,7.06,0,0.17,N,5
31,106600,RENT,10.6,DEBTCONSOLIDATION,C,50000,6.82,1,0.47,N,15
63,232500,RENT,8.9,EDUCATION,D,50000,7.06,0,0.22,Y,4
42,131800,RENT,4.9,DEBTCONSOLIDATION,C,20800,8.96,0,0.16,Y,10
59,62300,MORTGAGE,4.6,HOMEIMPROVEMENT,D,39300,10.75,1,0.63,N,16
21,70100,RENT,4.3,EDUCATION,D,31700,7.46,0,0.45,Y,5
22,24000,RENT,6.0,EDUCATION,D,13500,6.45,0,0.56,N,6
53,99300,OWN,2.6,MEDICAL,D,50000,10.26,1,0.5,N,2
51,126000,MORTGAGE,6.4,DEBTCONSOLIDATION,A,19700,6.67,0,0.16,N,2
65,74200,MORTGAGE,11.2,DEBTCONSOLIDATION,A,16200,6.06,0,0.22,N,8
60,113200,RENT,10.1,HOMEIMPROVEMENT,B,18200,6.41,0,0.16,N,12
37,62800,OTHER,9.4,EDUCATION,C,33700,7.49,0,0.54,N,1
40,83900,RENT,6.2,VENTURE,E,35400,9.12,0,0.42,Y,7
50,108200,RENT,12.0,HOMEIMPROVEMENT,E,50000,9.72,1,0.46,Y,16
27,77300,RENT,11.0,DEBTCONSOLIDATION,B,27600,5.51,1,0.36,N,1
22,67800,OWN,6.0,PERSONAL,C,29800,9.52,0,0.44,N,4
31,38000,OWN,6.0,DEBTCONSOLIDATION,D,17300,9.84,0,0.46,N,5
69,90000,RENT,5.6,VENTURE,F,50000,9.87,0,0.56,N,4
55,273100,RENT,23.7,DEBTCONSOLIDATION,A,50000,5.4,0,0.18,N,14
57,63800,MORTGAGE,8.3,MEDICAL,B,6800,7.73,0,0.11,Y,5
60,76800,MORTGAGE,2.0,PERSONAL,A,15800,10.62,0,0.21,N,10
69,159900,MORTGAGE,1.3,MEDICAL,C,50000,6.46,0,0.31,N,1
22,95400,RENT,6.0,HOMEIMPROVEMENT,D,50000,9.75,0,0.52,Y,6
34,52400,MORTGAGE,6.6,PERSONAL,D,11500,7.7,0,0.22,Y,5
25,55600,RENT,9.0,HOMEIMPROVEMENT,F,35400,10.09,1,0.64,Y,7
25,105700,MORTGAGE,4.0,MEDICAL,B,9900,6.49,0,0.09,Y,8
30,62400,OWN,1.6,VENTURE,D,30300,8.1,0,0.49,N,11
26,49800,OWN,4.0,DEBTCONSOLIDATION,A,7800,5.4,0,0.16,N,10
69,106800,RENT,6.4,DEBTCONSOLIDATION,A,30300,5.4,0,0.28,N,12
29,43400,OWN,10.7,HOMEIMPROVEMENT,A,5100,5.69,0,0.12,N,2
50,72600,OWN,5.3,MEDICAL,A,13500,7.25,0,0.19,N,3
51,118600,MORTGAGE,2.6,VENTURE,A,50000,5.62,0,0.42,N,7
70,83000,RENT,3.9,VENTURE,A,12100,5.4,0,0.15,N,8
69,100500,RENT,9.8,VENTURE,C,27600,7.99,0,0.27,N,5
59,137200,MORTGAGE,2.7,DEBTCONSOLIDATION,B,50000,6.72,0,0.36,N,6
22,23600,RENT,6.0,EDUCATION,A,5400,7.03,1,0.23,N,4
65,59700,RENT,4.8,DEBTCONSOLIDATION,A,4300,5.4,0,0.07,N,11
47,120800,MORTGAGE,4.7,MEDICAL,C,50000,5.5,0,0.41,N,3
47,42000,RENT,5.9,EDUCATION,C,15600,7.82,0,0.37,N,10
59,125900,RENT,15.3,VENTURE,C,50000,7.89,1,0.4,N,9
31,47100,RENT,5.1,PERSONAL,B,9500,9.62,0,0.2,Y,3
60,100700,MORTGAGE,1.3,MEDICAL,D,37200,6.13,0,0.37,N,6
40,62300,RENT,9.6,DEBTCONSOLIDATION,B,16100,6.64,0,0.26,Y,3
68,156900,MORTGAGE,11.0,PERSONAL,C,50000,8.14,0,0.32,Y,1
30,75600,MORTGAGE,5.5,PERSONAL,B,30900,5.72,0,0.41,N,2
30,75300,RENT,6.1,MEDICAL,C,28200,6.94,1,0.37,N,3
61,171500,RENT,7.1,DEBTCONSOLIDATION,A,39500,6.43,0,0.23,N,11
40,112100,OWN,7.0,DEBTCONSOLIDATION,A,29100,6.06,0,0.26,N,13
65,51000,MORTGAGE,9.4,DEBTCONSOLIDATION,A,12400,8.57,0,0.24,N,10
56,66000,RENT,8.6,EDUCATION,A,7100,8.76,0,0.11,N,6
43,110700,RENT,6.4,EDUCATION,E,48900,6.85,1,0.44,Y,10
21,105800,OWN,5.0,EDUCATION,A,19800,6.34,0,0.19,N,5
44,31700,OWN,15.4,DEBTCONSOLIDATION,B,11400,7.33,0,0.36,N,4
52,118500,RENT,7.2,DEBTCONSOLIDATION,C,50000,5.68,0,0.42,N,9
70,104800,RENT,10.0,EDUCATION,A,36100,6.54,0,0.34,N,7
27,55300,RENT,6.6,DEBTCONSOLIDATION,D,33300,7.73,0,0.6,N,8
29,48400,MORTGAGE,9.8,EDUCATION,A,8400,5.4,0,0.17,N,5
52,67100,MORTGAGE,11.9,VENTURE,D,30500,10.92,0,0.45,N,7
65,82200,RENT,3.1,DEBTCONSOLIDATION,A,7000,6.32,0,0.09,N,5
36,46000,MORTGAGE,20.0,DEBTCONSOLIDATION,A,10500,7.32,0,0.23,N,5
24,73600,RENT,1.8,EDUCATION,D,41600,7.67,0,0.57,N,8
68,90300,MORTGAGE,4.0,DEBTCONSOLIDATION,C,50000,9.16,0,0.55,N,12
49,18000,MORTGAGE,3.3,HOMEIMPROVEMENT,A,3800,6.78,0,0.21,N,1
66,118500,MORTGAGE,3.3,HOMEIMPROVEMENT,B,17000,6.25,0,0.14,N,4
41,144000,RENT,5.8,EDUCATION,A,50000,7.95,0,0.35,N,8
60,132600,RENT,5.8,MEDICAL,D,50000,9.6,0,0.38,N,8
49,41500,RENT,12.2,HOMEIMPROVEMENT,B,17300,5.49,0,0.42,N,1
34,53100,MORTGAGE,11.4,DEBTCONSOLIDATION,B,28200,7.46,0,0.53,N,7
32,56400,RENT,1.6,EDUCATION,A,9100,5.46,0,0.16,N,7
50,70900,MORTGAGE,11.4,DEBTCONSOLIDATION,D,37900,10.47,0,0.53,N,3
31,59300,MORTGAGE,5.4,VENTURE,C,37700,11.19,0,0.64,N,6
32,47300,MORTGAGE,7.6,DEBTCONSOLIDATION,C,12500,5.4,0,0.26,Y,15
34,105600,RENT,10.1,MEDICAL,C,40400,7.77,0,0.38,Y,5
52,69600,RENT,3.8,PERSONAL,A,4400,7.01,0,0.06,N,10
37,65000,MORTGAGE,2.8,EDUCATION,A,8400,7.51,0,0.13,N,17
34,73800,RENT,5.1,DEBTCONSOLIDATION,A,13100,5.4,0,0.18,N,13
27,110100,RENT,1.5,HOMEIMPROVEMENT,B,39900,6.69,0,0.36,N,7
69,259500,MORTGAGE,8.5,DEBTCONSOLIDATION,A,50000,5.4,0,0.19,N,4
44,151400,RENT,7.4,EDUCATION,B,50000,7.07,0,0.33,N,10
29,41900,RENT,13.0,PERSONAL,E,21800,8.92,1,0.52,Y,10
35,68300,MORTGAGE,5.9,MEDICAL,B,21400,6.57,0,0.31,N,9
63,147100,RENT,4.7,PERSONAL,C,27700,6.12,0,0.19,Y,11
21,71400,RENT,5.0,DEBTCONSOLIDATION,B,11900,6.15,0,0.17,N,4
70,35700,OTHER,6.2,MEDICAL,B,11200,5.77,0,0.31,N,3
40,95900,RENT,4.5,PERSONAL,A,6400,6.56,0,0.07,Y,18
64,133300,RENT,2.0,PERSONAL,A,39400,6.28,0,0.3,N,5
41,32500,MORTGAGE,2.7,DEBTCONSOLIDATION,C,21100,5.77,0,0.65,N,18
70,103600,MORTGAGE,8.8,DEBTCONSOLIDATION,A,16200,7.12,1,0.16,N,7
41,85100,RENT,1.0,VENTURE,A,9200,8.4,0,0.11,N,24
27,34400,MORTGAGE,6.0,PERSONAL,B,16700,5.47,0,0.49,N,9
46,46700,RENT,4.2,DEBTCONSOLIDATION,A,7200,8.11,0,0.15,N,3
59,115800,OTHER,7.8,PERSONAL,B,26000,5.71,0,0.22,Y,10
61,80400,RENT,2.9,VENTURE,F,49100,11.52,1,0.61,N,3
46,81800,RENT,6.1,DEBTCONSOLIDATION,D,28500,8.16,0,0.35,Y,15
45,113000,OTHER,8.8,DEBTCONSOLIDATION,C,47100,10.49,0,0.42,N,4
22,40400,OWN,6.0,MEDICAL,D,25500,8.11,1,0.63,N,6
25,82700,RENT,9.0,DEBTCONSOLIDATION,A,10000,6.31,0,0.12,N,7
69,35400,RENT,3.2,EDUCATION,C,6800,7.29,1,0.19,Y,5
52,21800,RENT,5.1,DEBTCONSOLIDATION,D,10100,8.86,0,0.46,Y,6
53,26900,RENT,3.4,DEBTCONSOLIDATION,A,2200,5.94,0,0.08,N,5
55,90100,RENT,8.4,EDUCATION,D,50000,9.16,1,0.55,N,11
54,121900,RENT,5.5,DEBTCONSOLIDATION,C,22000,6.03,1,0.18,N,4
28,33500,OTHER,0.4,DEBTCONSOLIDATION,B,6900,6.86,0,0.21,N,6
42,69600,RENT,2.1,PERSONAL,C,23300,7.17,1,0.33,N,5
51,86100,MORTGAGE,7.4,PERSONAL,C,31400,7.67,0,0.36,Y,7
27,217200,RENT,11.0,MEDICAL,A,32300,5.72,1,0.15,N,11
36,23000,MORTGAGE,5.7,VENTURE,B,6700,6.21,0,0.29,N,5
55,94500,RENT,1.1,VENTURE,E,28700,8.48,0,0.3,Y,2
47,36000,MORTGAGE,5.3,VENTURE,A,8900,6.69,0,0.25,N,6
23,54400,OWN,7.0,VENTURE,A,11000,8.23,0,0.2,N,7
57,129100,RENT,7.9,VENTURE,D,50000,6.95,0,0.39,Y,7
25,109800,MORTGAGE,3.8,VENTURE,A,15200,5.95,0,0.14,N,7
58,69200,RENT,1.5,HOMEIMPROVEMENT,B,2600,7.33,0,0.04,N,5
41,31600,MORTGAGE,12.7,DEBTCONSOLIDATION,B,9600,6.02,0,0.3,N,10
65,94000,RENT,3.0,EDUCATION,F,47200,11.42,1,0.5,Y,3
40,39000,RENT,0.6,EDUCATION,A,3600,5.72,0,0.09,N,9
68,181100,RENT,3.1,MEDICAL,E,50000,11.62,0,0.28,Y,8
42,89700,MORTGAGE,2.2,EDUCATION,A,11800,7.01,0,0.13,N,6
70,62700,MORTGAGE,2.2,EDUCATION,A,10200,5.79,0,0.16,N,5
34,83200,RENT,2.6,MEDICAL,B,31100,6.02,0,0.37,N,9
39,45100,RENT,12.3,EDUCATION,B,19100,5.4,1,0.42,N,8
51,81700,RENT,11.2,HOMEIMPROVEMENT,B,37600,7.62,0,0.46,N,10
32,131000,RENT,2.1,MEDICAL,D,45500,7.88,1,0.35,Y,10
70,83500,OWN,15.6,PERSONAL,B,16500,8.18,0,0.2,Y,3
31,64100,RENT,6.8,DEBTCONSOLIDATION,A,5100,5.4,0,0.08,N,15
55,165300,MORTGAGE,1.7,DEBTCONSOLIDATION,C,50000,6.71,0,0.3,N,3
37,100700,MORTGAGE,4.0,EDUCATION,A,50000,5.4,0,0.5,N,20
35,65500,RENT,10.0,DEBTCONSOLIDATION,C,36900,5.4,0,0.56,N,12
38,54900,RENT,9.2,MEDICAL,A,6300,5.43,1,0.11,N,4
64,116300,MORTGAGE,7.0,EDUCATION,A,34400,6.73,0,0.3,N,2
40,95100,MORTGAGE,7.7,HOMEIMPROVEMENT,C,50000,6.4,1,0.53,N,5
60,163100,MORTGAGE,9.2,DEBTCONSOLIDATION,A,8700,6.08,0,0.05,N,7
57,75400,MORTGAGE,2.6,DEBTCONSOLIDATION,A,8700,5.4,0,0.12,N,10
59,58800,RENT,3.3,HOMEIMPROVEMENT,D,30000,6.2,0,0.51,N,5
46,49600,RENT,5.3,HOMEIMPROVEMENT,A,1800,7.13,0,0.04,N,2
59,36000,MORTGAGE,7.7,MEDICAL,A,10200,6.48,0,0.28,N,4
61,76500,MORTGAGE,2.5,MEDICAL,C,29700,9.62,1,0.39,N,12
29,137900,RENT,13.0,EDUCATION,B,50000,8.48,0,0.36,N,9
45,37800,MORTGAGE,4.5,EDUCATION,A,8000,5.97,0,0.21,N,11
39,69400,RENT,7.6,DEBTCONSOLIDATION,D,18000,9.02,0,0.26,Y,7
39,123400,RENT,10.0,HOMEIMPROVEMENT,C,50000,8.18,0,0.41,N,4
23,27200,RENT,3.7,PERSONAL,B,9800,7.66,0,0.36,N,7
34,120900,RENT,6.8,PERSONAL,B,50000,5.4,0,0.41,N,11
41,80500,RENT,13.5,MEDICAL,A,10900,5.67,0,0.14,N,8
60,82100,RENT,3.1,MEDICAL,C,32100,5.84,0,0.39,N,3
22,89800,MORTGAGE,2.4,EDUCATION,C,8300,7.58,0,0.09,Y,6
23,98100,RENT,7.0,HOMEIMPROVEMENT,C,50000,6.68,0,0.51,N,7
33,53400,RENT,11.2,PERSONAL,B,7200,6.89,0,0.13,Y,5
49,90900,MORTGAGE,10.0,PERSONAL,D,48100,10.25,0,0.53,Y,3
37,81200,RENT,8.0,DEBTCONSOLIDATION,A,9000,7.08,1,0.11,N,6
36,60600,MORTGAGE,8.6,DEBTCONSOLIDATION,D,35200,9.05,1,0.58,N,8
23,75700,RENT,1.8,DEBTCONSOLIDATION,C,24000,8.08,0,0.32,N,7
24,23000,RENT,1.8,EDUCATION,D,8200,10.07,0,0.36,N,8
30,75500,OWN,8.9,EDUCATION,A,14800,5.56,0,0.2,N,3
47,82600,RENT,10.5,DEBTCONSOLIDATION,B,35800,7.8,0,0.43,N,9
60,183500,RENT,5.3,PERSONAL,A,12000,5.4,0,0.07,N,6
32,57500,MORTGAGE,6.9,PERSONAL,E,31400,9.95,1,0.55,Y,6
62,81600,MORTGAGE,2.0,EDUCATION,C,43500,7.55,0,0.53,N,6
21,66300,RENT,5.0,PERSONAL,D,37200,7.06,0,0.56,N,5
50,43200,OWN,13.0,PERSONAL,A,7100,7.21,0,0.16,N,13
65,97100,OTHER,3.3,MEDICAL,C,19400,7.33,0,0.2,N,10
40,54900,MORTGAGE,7.4,DEBTCONSOLIDATION,D,27100,9.97,0,0.49,N,1
36,61800,OWN,8.1,MEDICAL,E,38700,7.0,1,0.63,Y,15
27,66600,RENT,5.1,MEDICAL,F,40800,9.69,0,0.61,N,2
64,54900,RENT,11.6,DEBTCONSOLIDATION,B,22700,8.48,0,0.41,N,4
28,24100,MORTGAGE,5.6,EDUCATION,A,2200,5.51,0,0.09,N,5
60,89000,RENT,7.2,VENTURE,B,34100,6.85,0,0.38,N,17
23,74900,MORTGAGE,0.8,DEBTCONSOLIDATION,A,8100,5.92,0,0.11,N,7
33,48800,RENT,6.4,VENTURE,D,27900,9.16,0,0.57,N,3
67,92400,OTHER,1.9,EDUCATION,B,17300,6.41,0,0.19,N,3
64,57800,MORTGAGE,1.9,HOMEIMPROVEMENT,D,37400,7.56,0,0.65,N,10
52,69100,RENT,15.1,PERSONAL,B,33500,6.77,1,0.48,N,7
41,104800,MORTGAGE,14.9,PERSONAL,A,50000,5.79,0,0.48,N,8
29,136200,RENT,5.7,HOMEIMPROVEMENT,A,20700,7.59,0,0.15,N,10
23,52700,MORTGAGE,2.7,VENTURE,D,29000,8.79,0,0.55,N,5
52,119000,OWN,2.6,DEBTCONSOLIDATION,A,17100,6.04,0,0.14,N,7
24,41800,OWN,8.0,DEBTCONSOLIDATION,C,10800,7.1,0,0.26,N,1
46,77000,RENT,8.4,HOMEIMPROVEMENT,E,45100,8.9,0,0.59,Y,12
56,45400,RENT,3.5,HOMEIMPROVEMENT,A,6900,5.4,0,0.15,N,9
63,180600,RENT,11.9,DEBTCONSOLIDATION,A,40300,6.8,0,0.22,N,9
47,38600,RENT,12.5,VENTURE,C,12000,6.53,0,0.31,N,6
28,74200,MORTGAGE,2.1,EDUCATION,C,23900,8.84,0,0.32,N,5
66,27500,RENT,1.7,HOMEIMPROVEMENT,F,16600,10.61,1,0.6,N,4
58,63700,RENT,5.7,EDUCATION,C,22700,7.28,0,0.36,N,10
30,136400,RENT,2.5,PERSONAL,D,50000,9.31,0,0.37,Y,2
56,33500,OWN,3.3,DEBTCONSOLIDATION,A,2400,5.4,0,0.07,N,1
54,88800,RENT,6.1,MEDICAL,A,19500,5.4,0,0.22,N,6
23,70500,RENT,7.0,PERSONAL,C,8300,10.07,0,0.12,Y,7
27,107500,RENT,2.8,PERSONAL,D,33400,6.99,1,0.31,Y,6
37,40400,RENT,5.9,PERSONAL,C,12800,7.59,0,0.32,N,7
26,53100,OWN,10.0,HOMEIMPROVEMENT,A,5200,6.15,0,0.1,N,4
40,74000,MORTGAGE,9.5,DEBTCONSOLIDATION,B,14800,7.22,0,0.2,Y,3
24,69900,OWN,8.0,MEDICAL,A,9500,5.4,0,0.14,N,8
30,85300,MORTGAGE,6.4,MEDICAL,C,31400,6.11,0,0.37,N,2
42,144000,RENT,1.3,PERSONAL,D,50000,8.63,0,0.35,N,2
58,109400,RENT,14.7,MEDICAL,A,24800,5.74,0,0.23,N,6
46,312900,RENT,6.5,VENTURE,D,25900,9.17,1,0.08,Y,1
43,62200,RENT,14.4,DEBTCONSOLIDATION,B,20000,5.5,0,0.32,N,5
53,121900,RENT,10.4,MEDICAL,C,14500,8.49,0,0.12,Y,4
68,45300,OWN,3.3,PERSONAL,B,8700,7.85,0,0.19,Y,7
58,58500,OWN,4.6,EDUCATION,A,8800,6.35,0,0.15,N,9
48,82100,MORTGAGE,1.2,MEDICAL,B,27500,8.07,0,0.33,N,7
27,66700,RENT,11.0,PERSONAL,E,27000,11.51,1,0.4,Y,9
67,27100,RENT,5.1,HOMEIMPROVEMENT,B,9300,9.57,0,0.34,N,5
58,50000,RENT,2.5,DEBTCONSOLIDATION,C,11000,6.11,0,0.22,N,13
65,80100,MORTGAGE,3.2,VENTURE,D,39100,9.45,1,0.49,N,6
34,110300,RENT,2.9,EDUCATION,D,50000,6.3,1,0.45,N,3
46,249300,RENT,9.4,DEBTCONSOLIDATION,C,47300,5.61,0,0.19,N,1
37,97700,RENT,13.9,PERSONAL,B,41900,6.53,0,0.43,N,6
47,38000,OTHER,13.1,DEBTCONSOLIDATION,A,13500,5.4,0,0.36,N,8
46,161100,RENT,3.0,PERSONAL,A,7900,5.4,0,0.05,N,4
50,129900,RENT,17.2,DEBTCONSOLIDATION,A,10700,5.4,0,0.08,N,8
41,94800,RENT,7.0,DEBTCONSOLIDATION,C,31400,5.52,0,0.33,N,6
23,65700,RENT,2.7,MEDICAL,B,19900,7.37,0,0.3,N,7
21,42800,RENT,2.5,VENTURE,E,10900,8.91,0,0.25,Y,2
60,40300,OTHER,6.1,EDUCATION,B,15600,7.75,0,0.39,N,9
39,29000,RENT,10.2,DEBTCONSOLIDATION,C,16900,5.45,0,0.58,N,12
29,56500,OWN,4.3,PERSONAL,A,12300,6.26,0,0.22,N,6
29,53300,MORTGAGE,8.3,DEBTCONSOLIDATION,A,7300,5.4,0,0.14,N,12
26,18000,RENT,10.0,MEDICAL,C,10800,6.16,0,0.6,N,6
44,81600,OWN,4.4,HOMEIMPROVEMENT,C,13900,7.59,0,0.17,N,2
35,107000,RENT,0.2,MEDICAL,B,27700,7.46,0,0.26,N,12
47,87600,RENT,9.5,HOMEIMPROVEMENT,B,30700,8.27,0,0.35,N,1
42,161600,RENT,2.9,PERSONAL,A,19700,7.66,0,0.12,N,6
49,90700,RENT,12.0,PERSONAL,B,47700,9.29,0,0.53,N,12
44,229600,RENT,7.0,PERSONAL,A,50000,6.55,0,0.22,N,4
47,217200,RENT,4.3,MEDICAL,B,50000,8.45,0,0.23,N,7
30,78800,MORTGAGE,5.5,HOMEIMPROVEMENT,A,20000,5.4,0,0.25,N,8
54,142300,RENT,5.2,DEBTCONSOLIDATION,B,35200,8.18,0,0.25,N,2
58,116600,OWN,9.0,DEBTCONSOLIDATION,B,50000,7.66,0,0.43,N,9
27,53700,OTHER,2.4,PERSONAL,D,32900,7.42,1,0.61,N,10
55,66600,OWN,8.7,DEBTCONSOLIDATION,C,36800,8.33,1,0.55,N,7
51,59900,OWN,1.6,PERSONAL,F,37700,11.57,0,0.63,N,0
65,87800,RENT,1.6,EDUCATION,C,28400,5.67,0,0.32,N,2
23,44100,MORTGAGE,6.0,DEBTCONSOLIDATION,A,12200,5.4,0,0.28,N,6
22,45500,OWN,6.0,PERSONAL,C,24200,8.41,0,0.53,N,6
22,50900,MORTGAGE,6.0,PERSONAL,E,20700,11.4,0,0.41,Y,6
51,102200,MORTGAGE,10.4,DEBTCONSOLIDATION,B,50000,6.26,0,0.49,N,8
34,63900,RENT,9.0,MEDICAL,E,40100,8.56,0,0.63,N,7
36,36300,OTHER,1.4,DEBTCONSOLIDATION,C,14400,7.44,1,0.4,N,3
29,81800,RENT,3.5,EDUCATION,C,6800,6.57,0,0.08,Y,3
60,149000,MORTGAGE,6.5,EDUCATION,C,50000,8.8,1,0.34,N,2
42,66600,MORTGAGE,2.6,MEDICAL,C,18800,6.91,0,0.28,N,3
62,57900,RENT,6.7,DEBTCONSOLIDATION,A,12400,5.4,0,0.21,N,4
64,136200,MORTGAGE,4.2,HOMEIMPROVEMENT,B,39200,5.4,0,0.29,N,5
66,109600,RENT,2.8,PERSONAL,B,23800,8.07,0,0.22,N,5
30,32000,RENT,5.6,DEBTCONSOLIDATION,B,2800,5.4,0,0.09,N,6
53,72500,RENT,1.3,VENTURE,E,38700,9.95,0,0.53,N,12
34,34800,OWN,2.8,MEDICAL,E,18400,9.72,1,0.53,N,3
65,62800,RENT,2.1,DEBTCONSOLIDATION,E,36600,11.32,0,0.58,N,4
30,45100,MORTGAGE,2.6,HOMEIMPROVEMENT,A,1800,6.04,0,0.04,N,5
64,42400,MORTGAGE,8.4,DEBTCONSOLIDATION,A,6100,6.71,0,0.14,N,3
45,142100,MORTGAGE,6.0,MEDICAL,B,41500,6.88,0,0.29,N,7
55,30600,MORTGAGE,2.7,DEBTCONSOLIDATION,D,18900,7.53,0,0.62,N,8
48,38400,RENT,8.7,PERSONAL,A,7000,5.4,0,0.18,N,12
68,63300,MORTGAGE,4.6,VENTURE,A,9200,7.1,0,0.15,N,3
62,38200,RENT,8.7,VENTURE,C,15000,6.78,1,0.39,N,3
41,54400,MORTGAGE,14.1,DEBTCONSOLIDATION,D,22700,6.97,0,0.42,Y,2
51,191300,RENT,12.1,EDUCATION,A,15500,6.53,0,0.08,N,2
54,237500,RENT,7.0,EDUCATION,A,50000,5.4,0,0.21,N,4
45,56200,MORTGAGE,3.1,HOMEIMPROVEMENT,C,23200,7.71,0,0.41,N,4
33,138300,RENT,10.7,PERSONAL,A,4900,5.51,0,0.04,N,17
61,80900,MORTGAGE,4.9,HOMEIMPROVEMENT,A,4100,6.47,0,0.05,N,13
21,69200,RENT,5.0,MEDICAL,C,15300,8.94,0,0.22,N,4
46,57800,OWN,1.2,DEBTCONSOLIDATION,C,32800,8.14,0,0.57,N,8
32,68700,OWN,5.3,DEBTCONSOLIDATION,C,27500,6.33,0,0.4,N,7
32,46900,MORTGAGE,11.9,DEBTCONSOLIDATION,A,9100,5.4,0,0.19,N,6
37,58700,RENT,13.5,MEDICAL,C,30000,7.06,0,0.51,N,2
42,59400,OWN,7.7,DEBTCONSOLIDATION,E,35900,10.4,1,0.6,N,3
41,86000,RENT,14.4,EDUCATION,B,45000,5.5,0,0.52,N,9
64,49200,MORTGAGE,9.4,DEBTCONSOLIDATION,D,28600,7.81,0,0.58,N,5
43,75400,MORTGAGE,4.7,DEBTCONSOLIDATION,B,23000,6.5,0,0.31,N,14
21,70800,OWN,5.0,DEBTCONSOLIDATION,D,39900,9.6,0,0.56,N,5
64,32700,RENT,4.7,PERSONAL,E,20800,9.81,0,0.64,N,6
52,63200,RENT,6.9,PERSONAL,A,12800,5.4,0,0.2,N,3
26,44300,MORTGAGE,6.5,EDUCATION,D,27400,11.0,0,0.62,N,7
63,53600,RENT,11.4,EDUCATION,C,25100,6.33,0,0.47,N,6
36,67500,MORTGAGE,6.9,MEDICAL,D,29400,7.94,0,0.44,N,20
27,35000,RENT,6.9,MEDICAL,A,4400,7.59,0,0.13,N,3
27,149700,RENT,11.0,EDUCATION,A,8000,5.4,0,0.05,N,6
28,70400,MORTGAGE,10.0,EDUCATION,A,14800,5.4,0,0.21,N,12
40,126100,OTHER,3.5,EDUCATION,A,50000,7.5,0,0.4,N,16
36,55400,RENT,4.6,VENTURE,F,33500,13.13,1,0.6,N,5
39,86100,RENT,9.4,VENTURE,B,26900,5.4,0,0.31,N,5
25,102700,MORTGAGE,9.0,DEBTCONSOLIDATION,B,4900,8.37,0,0.05,Y,9
55,98500,OWN,11.2,DEBTCONSOLIDATION,A,21700,5.4,0,0.22,N,5
43,150600,RENT,2.6,DEBTCONSOLIDATION,B,5700,7.61,0,0.04,N,3
58,99300,MORTGAGE,2.8,MEDICAL,B,34800,6.24,0,0.35,N,8
46,112000,RENT,2.8,EDUCATION,A,29400,5.4,0,0.26,N,8
52,50700,OWN,8.0,DEBTCONSOLIDATION,C,24600,8.01,0,0.49,N,7
43,34200,OWN,3.3,VENTURE,B,9900,5.62,0,0.29,N,3
21,72100,MORTGAGE,3.8,DEBTCONSOLIDATION,B,31100,5.72,0,0.43,N,5
25,51200,MORTGAGE,1.1,PERSONAL,B,16300,5.91,0,0.32,N,3
34,51200,RENT,5.9,HOMEIMPROVEMENT,A,12200,5.4,0,0.24,N,4
43,99200,RENT,2.4,MEDICAL,D,50000,7.91,0,0.5,N,3
45,64600,MORTGAGE,3.6,PERSONAL,D,37700,8.01,0,0.58,N,5
57,59900,OWN,8.7,DEBTCONSOLIDATION,A,20700,7.33,0,0.35,N,15
26,182300,MORTGAGE,6.0,VENTURE,A,50000,5.4,0,0.27,N,10
56,57800,MORTGAGE,7.8,VENTURE,C,32100,6.65,1,0.56,N,4
46,35500,OWN,13.1,DEBTCONSOLIDATION,A,11500,9.3,0,0.32,N,10
34,37000,MORTGAGE,3.5,EDUCATION,B,13800,6.74,0,0.37,N,9
27,48500,RENT,2.1,HOMEIMPROVEMENT,E,26700,8.74,0,0.55,N,4
70,43100,RENT,9.7,VENTURE,C,7400,6.65,1,0.17,Y,6
67,49400,OWN,11.9,PERSONAL,A,7000,8.31,0,0.14,Y,1
46,148000,MORTGAGE,11.9,MEDICAL,B,50000,5.4,0,0.34,N,0
67,79500,MORTGAGE,5.3,DEBTCONSOLIDATION,D,49500,8.26,1,0.62,N,13
28,51500,OTHER,1.2,PERSONAL,C,24400,6.98,0,0.47,N,10
40,102100,MORTGAGE,7.5,EDUCATION,A,17000,5.44,0,0.17,N,6
26,77700,MORTGAGE,10.0,HOMEIMPROVEMENT,C,40600,9.08,0,0.52,N,5
36,97400,RENT,4.9,DEBTCONSOLIDATION,B,5800,7.28,0,0.06,Y,3
57,222200,MORTGAGE,10.3,EDUCATION,A,50000,6.4,0,0.23,N,3
42,65000,RENT,6.4,EDUCATION,B,29300,5.4,0,0.45,N,11
50,57100,RENT,2.6,MEDICAL,C,15800,8.37,0,0.28,N,6
58,59600,RENT,2.6,HOMEIMPROVEMENT,E,32700,11.68,0,0.55,N,2
27,63800,OWN,4.2,EDUCATION,B,27600,8.08,0,0.43,N,7
29,53200,MORTGAGE,6.2,DEBTCONSOLIDATION,B,22000,7.92,0,0.41,N,7
65,49300,MORTGAGE,5.0,DEBTCONSOLIDATION,D,22700,6.6,1,0.46,N,2
30,55700,RENT,12.0,HOMEIMPROVEMENT,C,12400,8.59,0,0.22,Y,4
40,22300,RENT,8.9,DEBTCONSOLIDATION,D,10900,9.14,0,0.49,N,3
34,76800,RENT,18.0,VENTURE,E,47000,10.98,1,0.61,Y,1
38,37900,OWN,3.1,VENTURE,A,6400,5.4,0,0.17,N,4
39,43100,RENT,14.9,VENTURE,C,13200,5.6,0,0.31,N,12
51,39300,OWN,2.0,MEDICAL,A,13900,5.4,0,0.35,N,10
57,55500,RENT,4.1,MEDICAL,B,17400,5.6,0,0.31,N,4
69,79200,RENT,1.5,PERSONAL,C,23800,6.75,0,0.3,N,8
40,56200,OWN,5.4,PERSONAL,B,29300,6.98,0,0.52,N,24
53,66800,MORTGAGE,6.0,PERSONAL,B,32500,8.17,0,0.49,N,3
26,39100,MORTGAGE,5.2,DEBTCONSOLIDATION,C,6400,7.28,0,0.16,Y,6
57,41600,RENT,2.7,HOMEIMPROVEMENT,F,23600,12.24,0,0.57,Y,10
29,42800,RENT,4.1,MEDICAL,E,27300,6.42,0,0.64,N,2
70,139400,OWN,5.1,MEDICAL,C,47000,10.37,0,0.34,N,1
67,64300,RENT,3.0,PERSONAL,F,34800,12.1,1,0.54,Y,1
32,52600,MORTGAGE,0.3,DEBTCONSOLIDATION,C,8900,6.32,0,0.17,N,2
37,58400,MORTGAGE,17.3,PERSONAL,A,26900,7.8,0,0.46,N,9
23,66000,RENT,4.8,DEBTCONSOLIDATION,E,15700,10.25,0,0.24,Y,2
35,79900,OWN,9.0,EDUCATION,B,29000,7.65,0,0.36,N,8
48,170100,RENT,2.9,HOMEIMPROVEMENT,A,42400,6.58,0,0.25,N,8
39,91600,RENT,5.5,PERSONAL,B,26400,7.84,0,0.29,N,6
39,78800,RENT,8.8,VENTURE,D,37400,8.41,0,0.47,Y,18
29,53200,RENT,3.3,DEBTCONSOLIDATION,D,29300,7.55,0,0.55,N,8
28,91100,RENT,12.0,MEDICAL,D,50000,8.97,0,0.55,N,10
64,220300,RENT,12.2,HOMEIMPROVEMENT,B,50000,8.23,1,0.23,N,4
59,66800,MORTGAGE,2.9,MEDICAL,A,20200,6.58,0,0.3,N,2
21,63600,OWN,2.6,DEBTCONSOLIDATION,A,8300,6.38,0,0.13,N,5
44,131600,RENT,3.4,VENTURE,B,50000,7.56,0,0.38,N,12
40,148800,MORTGAGE,15.5,VENTURE,A,50000,5.88,0,0.34,N,8
31,63400,MORTGAGE,5.2,MEDICAL,A,12800,6.78,0,0.2,N,4
28,62400,MORTGAGE,4.9,VENTURE,D,33700,9.34,0,0.54,N,6
69,118500,RENT,12.6,PERSONAL,A,8300,6.37,0,0.07,N,10
70,124400,MORTGAGE,1.4,VENTURE,A,5700,6.8,0,0.05,N,5
24,28300,OTHER,8.0,DEBTCONSOLIDATION,D,13800,6.88,0,0.49,N,8
63,25000,RENT,8.7,EDUCATION,A,2300,6.9,0,0.09,N,6
40,159600,MORTGAGE,6.4,EDUCATION,B,50000,6.93,0,0.31,N,1
46,30900,MORTGAGE,12.3,VENTURE,C,14500,7.23,0,0.47,Y,6
47,63400,OWN,1.7,VENTURE,F,37800,13.93,1,0.6,Y,7
44,150500,OWN,2.6,HOMEIMPROVEMENT,A,50000,6.01,0,0.33,N,6
25,53800,OTHER,9.0,EDUCATION,C,28200,7.26,0,0.52,N,2
51,40500,RENT,7.5,HOMEIMPROVEMENT,A,2600,5.4,0,0.06,N,10
34,80000,RENT,0.6,MEDICAL,E,35200,9.36,0,0.44,N,6
45,79300,MORTGAGE,11.0,EDUCATION,A,10600,5.49,0,0.13,N,12
47,72900,MORTGAGE,5.2,VENTURE,C,31100,5.41,0,0.43,N,4
62,137400,MORTGAGE,0.9,HOMEIMPROVEMENT,B,50000,7.5,0,0.36,N,6
51,133700,RENT,21.8,EDUCATION,D,50000,8.92,0,0.37,Y,12
50,83200,RENT,3.3,VENTURE,A,7500,6.12,0,0.09,N,16
62,144800,RENT,3.7,PERSONAL,C,50000,7.73,0,0.35,N,4
33,52900,OWN,8.8,DEBTCONSOLIDATION,A,13600,5.4,0,0.26,N,3
55,117600,MORTGAGE,3.1,HOMEIMPROVEMENT,A,9400,6.52,0,0.08,N,3
54,84200,RENT,5.0,MEDICAL,C,3200,5.43,0,0.04,Y,1
62,98900,RENT,11.0,EDUCATION,C,45700,7.09,0,0.46,N,15
27,91900,RENT,6.2,EDUCATION,D,50000,8.7,0,0.54,N,5
40,100000,MORTGAGE,14.8,EDUCATION,A,30500,5.4,1,0.3,N,15
39,120400,OWN,5.2,DEBTCONSOLIDATION,D,50000,7.94,0,0.42,Y,6
30,45000,MORTGAGE,8.1,DEBTCONSOLIDATION,C,26300,8.58,0,0.58,N,3
70,44900,MORTGAGE,2.3,EDUCATION,A,6100,6.17,1,0.14,N,2
23,48500,RENT,7.0,DEBTCONSOLIDATION,B,12300,6.38,0,0.25,N,7
38,59500,OTHER,13.6,MEDICAL,A,9000,6.66,0,0.15,N,7
33,61200,MORTGAGE,1.0,PERSONAL,C,32200,9.27,0,0.53,N,8
33,50000,RENT,4.7,DEBTCONSOLIDATION,D,29000,10.3,0,0.58,N,5
40,32000,RENT,3.6,DEBTCONSOLIDATION,E,8700,10.25,0,0.27,Y,9
23,76600,RENT,4.4,MEDICAL,C,10000,6.04,0,0.13,N,7
36,89300,MORTGAGE,12.8,DEBTCONSOLIDATION,A,28600,5.4,0,0.32,N,2
68,119200,RENT,1.9,PERSONAL,C,47800,6.39,0,0.4,N,14
69,109300,RENT,5.8,MEDICAL,C,36300,8.72,1,0.33,Y,7
31,62500,RENT,12.3,EDUCATION,C,34100,6.91,0,0.55,N,5
43,75200,RENT,4.8,VENTURE,D,28700,9.86,1,0.38,N,4
42,125800,RENT,1.0,HOMEIMPROVEMENT,A,10900,6.01,0,0.09,N,3
59,44200,RENT,7.8,MEDICAL,F,27700,12.14,0,0.63,Y,6
56,83200,MORTGAGE,11.9,PERSONAL,A,35100,6.03,1,0.42,N,12
45,129100,MORTGAGE,2.8,HOMEIMPROVEMENT,B,50000,6.72,0,0.39,N,5
66,84300,MORTGAGE,1.5,EDUCATION,A,3100,5.4,0,0.04,N,6
25,149000,RENT,4.5,EDUCATION,D,47900,9.8,0,0.32,N,7
46,31400,MORTGAGE,22.0,VENTURE,A,7200,6.56,0,0.23,N,10
21,133200,MORTGAGE,1.5,HOMEIMPROVEMENT,A,25700,5.56,0,0.19,N,4
53,117300,RENT,2.4,PERSONAL,E,50000,10.17,1,0.43,N,2
37,73000,MORTGAGE,10.3,MEDICAL,E,35600,7.96,1,0.49,Y,2
58,103900,OWN,5.9,PERSONAL,A,29600,5.4,0,0.28,N,11
33,82300,MORTGAGE,7.5,DEBTCONSOLIDATION,E,40900,8.38,0,0.5,N,3
69,62000,MORTGAGE,17.9,MEDICAL,A,7100,5.9,0,0.11,N,8
40,116000,RENT,2.7,DEBTCONSOLIDATION,C,50000,9.26,1,0.43,N,6
55,128700,RENT,1.6,MEDICAL,A,5600,5.4,0,0.04,N,9
62,64300,RENT,6.7,PERSONAL,C,27300,8.44,0,0.42,N,1
45,54400,MORTGAGE,5.6,HOMEIMPROVEMENT,E,28100,9.61,0,0.52,N,1
60,68300,RENT,6.6,MEDICAL,A,4000,5.4,0,0.06,N,4
44,40200,OTHER,10.1,EDUCATION,C,19200,7.18,0,0.48,N,1
47,102000,RENT,0.5,MEDICAL,D,28100,9.51,0,0.28,N,5
40,225700,OWN,14.2,PERSONAL,A,50000,5.4,0,0.22,N,8
23,53700,RENT,3.5,EDUCATION,C,25600,8.2,0,0.48,N,6
38,75600,RENT,10.0,PERSONAL,A,11400,7.05,1,0.15,N,8
30,49600,MORTGAGE,7.9,HOMEIMPROVEMENT,A,2300,8.12,0,0.05,Y,10
52,34900,MORTGAGE,9.4,EDUCATION,A,1900,7.26,0,0.05,N,7
35,40000,MORTGAGE,4.0,MEDICAL,B,24500,6.42,1,0.61,N,11
23,36100,RENT,6.8,VENTURE,E,18700,8.77,0,0.52,N,7
29,44200,MORTGAGE,7.3,MEDICAL,A,12900,7.08,0,0.29,N,10
44,61700,MORTGAGE,1.9,EDUCATION,C,23000,8.0,0,0.37,N,5
25,62700,RENT,4.7,DEBTCONSOLIDATION,B,13700,5.79,0,0.22,N,8
50,58900,RENT,7.5,DEBTCONSOLIDATION,B,9900,7.2,0,0.17,Y,11
54,63100,MORTGAGE,7.8,DEBTCONSOLIDATION,C,27700,5.62,0,0.44,N,4
47,177800,RENT,13.1,VENTURE,A,50000,8.68,0,0.28,N,11
43,69900,RENT,9.8,HOMEIMPROVEMENT,A,15200,6.47,1,0.22,N,7
57,192200,RENT,2.5,MEDICAL,D,50000,9.14,0,0.26,N,6
28,72200,OWN,6.8,HOMEIMPROVEMENT,A,31500,6.58,0,0.44,N,9
30,56700,MORTGAGE,2.0,DEBTCONSOLIDATION,A,5100,5.94,0,0.09,N,12
53,34500,RENT,17.2,HOMEIMPROVEMENT,A,1800,5.4,0,0.05,N,4
47,83500,OTHER,8.2,EDUCATION,C,12300,6.51,1,0.15,Y,2
50,29200,MORTGAGE,8.8,PERSONAL,B,9200,6.89,0,0.32,N,2
27,28200,MORTGAGE,2.3,EDUCATION,D,14000,8.25,0,0.5,N,4
31,20500,RENT,7.5,MEDICAL,D,9000,6.99,1,0.44,N,4
52,74100,MORTGAGE,8.5,MEDICAL,A,10200,6.59,0,0.14,N,10
46,39400,RENT,6.5,MEDICAL,A,4700,8.3,0,0.12,N,18
50,43100,RENT,7.9,VENTURE,C,17200,10.47,0,0.4,N,7
47,96300,RENT,6.5,DEBTCONSOLIDATION,B,7400,7.93,0,0.08,N,5
35,54400,RENT,4.2,DEBTCONSOLIDATION,A,9000,8.38,0,0.17,N,6
45,101000,RENT,9.5,HOMEIMPROVEMENT,A,19500,5.4,0,0.19,N,8
66,79700,OWN,6.3,HOMEIMPROVEMENT,C,46000,6.78,0,0.58,N,9
22,41200,RENT,6.0,MEDICAL,B,15700,8.1,0,0.38,N,6
42,90100,MORTGAGE,8.1,DEBTCONSOLIDATION,A,6700,5.97,0,0.07,N,5
28,56100,MORTGAGE,5.6,DEBTCONSOLIDATION,A,3100,6.37,0,0.06,N,6
43,100900,OTHER,9.9,VENTURE,D,50000,8.27,0,0.5,N,4
29,91800,RENT,8.6,EDUCATION,F,50000,8.06,0,0.54,Y,3
26,36600,OWN,3.5,PERSONAL,C,2600,7.07,0,0.07,Y,4
32,57800,RENT,5.8,DEBTCONSOLIDATION,A,12000,7.99,0,0.21,N,2
43,78800,OTHER,6.4,DEBTCONSOLIDATION,B,32100,7.39,0,0.41,N,2
45,140800,RENT,6.2,DEBTCONSOLIDATION,A,17400,5.4,0,0.12,N,3
46,115200,RENT,2.7,EDUCATION,C,50000,7.53,0,0.43,N,12
61,120200,MORTGAGE,6.3,EDUCATION,A,5600,7.04,0,0.05,N,4
55,86100,MORTGAGE,5.5,MEDICAL,A,45100,6.54,0,0.52,N,15
53,60800,MORTGAGE,7.1,DEBTCONSOLIDATION,A,2800,5.48,0,0.05,N,5
36,94500,RENT,4.0,HOMEIMPROVEMENT,D,50000,8.49,0,0.53,N,13
53,104800,RENT,7.7,DEBTCONSOLIDATION,A,6700,5.95,0,0.06,N,6
26,53800,RENT,8.8,MEDICAL,B,7300,7.38,0,0.14,N,5
24,79800,MORTGAGE,5.1,PERSONAL,A,23400,6.91,0,0.29,N,2
39,61200,MORTGAGE,5.6,HOMEIMPROVEMENT,A,4000,5.4,0,0.07,N,6
60,148600,MORTGAGE,5.3,PERSONAL,C,44100,7.65,0,0.3,Y,11
41,64400,OTHER,5.3,PERSONAL,A,13100,6.35,0,0.2,N,6
24,18000,RENT,3.6,MEDICAL,C,7200,7.0,0,0.4,N,7
25,46300,MORTGAGE,1.0,DEBTCONSOLIDATION,E,22200,9.87,0,0.48,Y,2
22,37100,MORTGAGE,4.2,VENTURE,D,19000,6.5,0,0.51,N,4
54,59500,RENT,3.1,EDUCATION,C,31200,5.4,0,0.52,N,22
31,70000,RENT,13.2,VENTURE,B,5200,6.23,1,0.07,Y,4
57,120900,RENT,3.2,DEBTCONSOLIDATION,A,21500,5.4,0,0.18,N,13
44,64200,RENT,8.9,MEDICAL,D,31000,6.71,0,0.48,Y,8
52,142400,RENT,6.5,PERSONAL,B,12700,7.13,0,0.09,Y,4
45,114100,OWN,13.3,VENTURE,B,50000,7.59,0,0.44,N,5
49,72300,MORTGAGE,2.9,HOMEIMPROVEMENT,A,5000,5.4,1,0.07,N,3
46,44900,RENT,15.3,HOMEIMPROVEMENT,B,20800,7.26,0,0.46,N,6
45,47400,MORTGAGE,10.5,PERSONAL,F,30200,12.13,1,0.64,Y,5
44,45000,MORTGAGE,8.4,HOMEIMPROVEMENT,C,25300,9.69,0,0.56,N,1
43,32700,MORTGAGE,1.7,MEDICAL,D,9500,8.34,0,0.29,N,3
30,117000,MORTGAGE,13.6,VENTURE,C,38500,7.52,1,0.33,N,6
66,83000,MORTGAGE,2.3,HOMEIMPROVEMENT,B,34900,5.4,0,0.42,N,5
30,46300,OWN,8.2,DEBTCONSOLIDATION,C,21300,5.91,0,0.46,N,5
29,36500,RENT,4.5,DEBTCONSOLIDATION,D,20200,10.43,1,0.55,N,3
51,34300,MORTGAGE,6.3,DEBTCONSOLIDATION,A,8500,5.4,0,0.25,N,3
46,63000,RENT,7.9,VENTURE,C,27600,5.87,0,0.44,N,5
65,71300,RENT,1.0,VENTURE,D,40900,8.64,0,0.57,N,8
36,51600,MORTGAGE,2.7,PERSONAL,B,28200,7.37,0,0.55,N,20
51,86700,MORTGAGE,1.8,HOMEIMPROVEMENT,E,50000,9.42,0,0.58,Y,15
54,55700,MORTGAGE,1.6,HOMEIMPROVEMENT,D,35000,9.8,0,0.63,N,3
68,50900,MORTGAGE,10.1,DEBTCONSOLIDATION,A,16300,6.87,0,0.32,N,7
48,68800,RENT,1.1,MEDICAL,B,18200,7.03,0,0.26,N,20
47,61700,OWN,16.7,EDUCATION,A,7900,6.24,0,0.13,N,6
44,52200,RENT,8.1,EDUCATION,B,19700,5.71,0,0.38,N,9
39,125600,MORTGAGE,7.4,VENTURE,B,14700,6.63,0,0.12,N,9
31,126700,RENT,8.8,MEDICAL,E,50000,10.32,0,0.39,Y,5
30,68100,RENT,13.0,EDUCATION,B,25000,6.09,0,0.37,N,14
47,120600,RENT,4.4,VENTURE,C,49400,8.07,0,0.41,N,13
54,48600,OWN,10.3,HOMEIMPROVEMENT,A,11500,6.37,0,0.24,N,8
24,43800,MORTGAGE,2.9,MEDICAL,C,14100,7.02,0,0.32,N,7
69,84300,RENT,5.8,DEBTCONSOLIDATION,D,50000,7.7,0,0.59,N,4
33,76800,MORTGAGE,13.1,DEBTCONSOLIDATION,D,41200,8.36,0,0.54,N,3
26,30700,RENT,7.0,DEBTCONSOLIDATION,B,7200,7.45,1,0.23,N,10
32,96400,MORTGAGE,4.2,EDUCATION,C,50000,6.51,0,0.52,N,7
34,72300,MORTGAGE,1.8,DEBTCONSOLIDATION,C,31900,6.74,0,0.44,N,6
54,67400,RENT,8.0,HOMEIMPROVEMENT,D,43400,9.55,0,0.64,N,6
41,204300,RENT,3.7,DEBTCONSOLIDATION,A,50000,7.79,0,0.24,N,18
60,47600,RENT,5.5,VENTURE,A,7800,6.11,0,0.16,N,8
28,112800,RENT,4.0,VENTURE,C,50000,6.53,0,0.44,N,10
31,61700,RENT,10.0,MEDICAL,E,37600,9.27,0,0.61,N,4
48,90400,RENT,5.2,VENTURE,C,25200,6.24,0,0.28,N,10
42,41000,MORTGAGE,3.6,DEBTCONSOLIDATION,D,24500,8.39,0,0.6,N,4
53,108100,MORTGAGE,0.5,DEBTCONSOLIDATION,D,50000,8.38,0,0.46,N,2
42,65000,MORTGAGE,2.2,PERSONAL,A,8100,5.4,0,0.12,Y,9
60,142000,MORTGAGE,5.0,PERSONAL,A,29300,5.86,0,0.21,N,28
43,100500,OTHER,10.7,DEBTCONSOLIDATION,B,27400,6.33,0,0.27,N,6
67,54500,OWN,10.4,MEDICAL,A,8400,5.46,0,0.15,N,6
37,47700,RENT,1.9,PERSONAL,B,6900,8.37,0,0.14,N,4
63,156300,RENT,14.9,EDUCATION,B,50000,5.4,0,0.32,N,12
21,53800,MORTGAGE,5.0,PERSONAL,C,33500,8.08,0,0.62,N,4
36,34400,MORTGAGE,3.0,VENTURE,C,14100,9.32,0,0.41,N,1
35,82500,RENT,8.5,EDUCATION,B,24700,8.34,0,0.3,N,10
45,87400,RENT,4.8,MEDICAL,B,17700,7.86,1,0.2,N,4
64,67700,MORTGAGE,4.7,EDUCATION,C,32200,8.05,0,0.48,N,4
38,64800,OWN,7.7,DEBTCONSOLIDATION,A,10300,7.5,0,0.16,N,1
51,110500,RENT,11.3,DEBTCONSOLIDATION,C,49500,6.12,0,0.45,Y,12
51,73600,RENT,1.8,PERSONAL,B,26200,5.4,0,0.36,N,8
22,29900,RENT,1.9,HOMEIMPROVEMENT,E,8500,8.32,0,0.28,Y,6
21,65600,MORTGAGE,2.9,MEDICAL,B,11300,6.41,0,0.17,N,5
58,90000,RENT,4.6,PERSONAL,B,37100,6.75,0,0.41,N,3
23,30800,MORTGAGE,7.0,EDUCATION,A,4100,6.57,0,0.13,N,5
50,44600,MORTGAGE,11.8,VENTURE,C,28800,7.03,0,0.65,N,14
36,78900,MORTGAGE,5.0,DEBTCONSOLIDATION,E,31100,8.98,1,0.39,Y,10
55,126000,OWN,1.8,PERSONAL,B,50000,6.65,0,0.4,N,14
42,70600,RENT,2.6,MEDICAL,C,35100,9.12,1,0.5,N,9
41,31200,MORTGAGE,6.5,PERSONAL,A,2600,5.4,0,0.08,N,7
33,100900,RENT,8.7,EDUCATION,A,9500,7.74,0,0.09,N,2
46,93900,MORTGAGE,3.5,DEBTCONSOLIDATION,A,25500,5.48,0,0.27,N,10
65,147800,MORTGAGE,4.3,HOMEIMPROVEMENT,A,50000,5.65,0,0.34,N,7
53,103000,RENT,2.9,MEDICAL,B,33100,6.76,0,0.32,N,19
37,77400,RENT,14.8,PERSONAL,D,45800,7.05,0,0.59,N,4
25,61200,RENT,2.8,DEBTCONSOLIDATION,C,18000,7.39,0,0.29,Y,9
24,80500,MORTGAGE,8.0,MEDICAL,A,14300,7.42,1,0.18,N,8
23,55600,RENT,7.0,VENTURE,D,13400,7.68,0,0.24,Y,6
67,62000,RENT,16.3,DEBTCONSOLIDATION,B,25700,5.4,0,0.41,N,13
34,41700,RENT,3.2,DEBTCONSOLIDATION,E,21200,7.7,0,0.51,N,9
26,31600,MORTGAGE,8.6,PERSONAL,C,12300,7.08,0,0.39,N,1
59,147000,OTHER,10.5,DEBTCONSOLIDATION,A,17500,6.72,0,0.12,N,17
70,95300,OWN,16.6,EDUCATION,A,32700,5.4,0,0.34,N,6
31,86200,RENT,15.0,MEDICAL,A,9500,5.4,0,0.11,N,11
65,51100,MORTGAGE,0.5,MEDICAL,B,19700,7.35,0,0.39,N,12
24,38900,RENT,8.0,EDUCATION,D,18600,11.07,1,0.48,N,8
37,134400,RENT,6.0,DEBTCONSOLIDATION,C,50000,5.4,0,0.37,N,2
43,45000,RENT,7.1,HOMEIMPROVEMENT,A,2400,5.55,0,0.05,N,5
21,67700,RENT,4.2,DEBTCONSOLIDATION,F,30400,13.13,1,0.45,Y,5
49,78200,MORTGAGE,11.4,DEBTCONSOLIDATION,E,47900,10.68,0,0.61,Y,2
44,82100,MORTGAGE,1.6,EDUCATION,C,39400,7.31,0,0.48,N,1
66,244900,RENT,17.8,HOMEIMPROVEMENT,A,28300,5.8,0,0.12,N,5
70,169700,OWN,21.0,DEBTCONSOLIDATION,C,50000,9.26,0,0.29,Y,9
41,68600,RENT,14.8,DEBTCONSOLIDATION,B,24700,6.36,0,0.36,N,3
35,88100,OWN,4.5,MEDICAL,A,12700,5.4,0,0.14,N,2
65,146100,RENT,6.0,VENTURE,C,35900,7.82,0,0.25,Y,8
52,46100,MORTGAGE,1.5,HOMEIMPROVEMENT,B,21600,6.11,1,0.47,N,3
40,58800,MORTGAGE,20.1,VENTURE,C,18700,8.11,1,0.32,Y,3
28,98600,RENT,0.8,HOMEIMPROVEMENT,D,50000,6.63,0,0.51,N,11
46,109700,RENT,4.3,DEBTCONSOLIDATION,E,50000,9.8,1,0.46,Y,4
45,68400,MORTGAGE,1.2,PERSONAL,A,11600,6.1,1,0.17,N,6
31,73900,RENT,3.1,DEBTCONSOLIDATION,B,20800,7.03,0,0.28,N,2
51,94700,MORTGAGE,8.4,HOMEIMPROVEMENT,B,21300,6.51,0,0.22,N,5
66,118800,RENT,15.3,PERSONAL,F,50000,11.6,1,0.42,Y,15
33,44400,RENT,3.4,EDUCATION,B,5900,8.51,1,0.13,N,6
40,64300,RENT,1.1,DEBTCONSOLIDATION,F,36600,11.39,1,0.57,N,5
21,74100,RENT,1.3,DEBTCONSOLIDATION,B,19400,7.86,1,0.26,N,5
26,31400,RENT,3.9,EDUCATION,C,5500,7.32,1,0.18,Y,3
35,47700,MORTGAGE,10.6,MEDICAL,A,8100,6.11,0,0.17,N,19
27,79700,MORTGAGE,3.8,EDUCATION,A,6600,5.42,0,0.08,N,11
34,63000,RENT,7.3,DEBTCONSOLIDATION,D,32700,8.71,1,0.52,N,8
29,56900,RENT,2.3,MEDICAL,B,13300,5.4,0,0.23,N,8
27,42100,RENT,8.4,VENTURE,E,25900,10.81,0,0.62,N,5
66,30400,MORTGAGE,7.9,EDUCATION,A,9400,6.61,0,0.31,N,4
23,77900,RENT,7.0,DEBTCONSOLIDATION,C,32700,7.59,0,0.42,N,2
30,60200,MORTGAGE,9.7,DEBTCONSOLIDATION,A,16900,6.09,0,0.28,N,8
70,108900,MORTGAGE,8.2,DEBTCONSOLIDATION,A,8600,5.68,0,0.08,N,4
23,92100,RENT,7.0,EDUCATION,B,13400,5.4,0,0.15,N,7
59,96300,RENT,3.5,EDUCATION,A,14400,6.21,0,0.15,N,7
55,45400,MORTGAGE,8.3,EDUCATION,B,21100,6.67,0,0.46,N,9
45,80600,RENT,9.9,VENTURE,C,31100,5.56,0,0.39,N,11
37,48200,OWN,0.8,HOMEIMPROVEMENT,B,10000,5.4,0,0.21,N,7
64,48400,MORTGAGE,3.4,PERSONAL,A,2800,5.4,0,0.06,N,5
23,41700,MORTGAGE,7.0,DEBTCONSOLIDATION,D,19800,7.65,1,0.47,N,7
48,54800,MORTGAGE,2.9,DEBTCONSOLIDATION,E,29600,7.04,0,0.54,N,3
64,47500,RENT,7.1,VENTURE,A,8500,5.4,0,0.18,N,3
57,124900,OWN,9.1,DEBTCONSOLIDATION,B,31400,8.03,1,0.25,Y,3
27,90000,MORTGAGE,3.7,PERSONAL,D,36600,9.26,0,0.41,Y,7
50,211100,RENT,7.3,PERSONAL,A,50000,5.52,0,0.24,N,1
48,48200,RENT,0.7,PERSONAL,E,27800,8.81,1,0.58,Y,6
46,100900,MORTGAGE,6.6,VENTURE,E,50000,9.12,0,0.5,N,7
29,48400,MORTGAGE,6.1,PERSONAL,B,26400,6.52,0,0.55,N,12
56,104000,OTHER,3.3,MEDICAL,B,34500,7.32,0,0.33,N,8
50,70800,RENT,9.9,HOMEIMPROVEMENT,B,21300,8.76,0,0.3,N,12
50,66400,OWN,2.5,PERSONAL,F,43100,10.39,0,0.65,Y,2
42,42300,MORTGAGE,2.0,EDUCATION,C,19000,7.88,0,0.45,N,2
45,124000,MORTGAGE,2.1,MEDICAL,C,50000,7.59,0,0.4,N,9
26,95000,MORTGAGE,5.5,EDUCATION,C,49900,6.56,0,0.53,N,8
55,101200,MORTGAGE,6.7,PERSONAL,F,49600,11.11,1,0.49,Y,3
53,55400,OWN,16.8,MEDICAL,D,29800,9.58,0,0.54,N,2
52,65800,MORTGAGE,3.2,HOMEIMPROVEMENT,B,32800,8.97,0,0.5,N,8
45,54500,RENT,13.5,PERSONAL,B,33700,7.24,0,0.62,N,11
54,88700,RENT,6.3,MEDICAL,A,10100,6.63,0,0.11,N,6
22,25700,MORTGAGE,4.5,VENTURE,D,15100,6.63,0,0.59,N,6
51,146200,OWN,7.7,DEBTCONSOLIDATION,C,50000,5.64,0,0.34,N,5
40,110200,RENT,6.0,DEBTCONSOLIDATION,F,50000,9.51,0,0.45,Y,2
23,95700,MORTGAGE,3.1,HOMEIMPROVEMENT,B,47600,6.94,0,0.5,N,2
57,163900,MORTGAGE,1.1,PERSONAL,D,50000,9.77,0,0.31,Y,11
50,137300,MORTGAGE,4.8,PERSONAL,B,48900,8.62,0,0.36,Y,12
70,57500,OWN,6.3,MEDICAL,D,29400,9.08,0,0.51,N,8
61,56900,RENT,13.5,PERSONAL,C,20700,6.55,0,0.36,N,1
39,61100,MORTGAGE,5.2,DEBTCONSOLIDATION,B,28500,6.97,0,0.47,N,7
56,112800,RENT,6.6,PERSONAL,A,9600,5.56,0,0.09,N,6
55,62400,RENT,8.1,EDUCATION,A,12500,5.99,0,0.2,N,22
39,113100,RENT,4.5,DEBTCONSOLIDATION,B,30800,5.75,0,0.27,N,4
28,70800,OWN,1.8,VENTURE,A,23500,5.4,0,0.33,N,2
31,87800,RENT,4.5,VENTURE,B,26600,8.64,0,0.3,N,12
39,87100,RENT,7.2,VENTURE,D,35100,8.72,0,0.4,N,1
53,72200,MORTGAGE,9.5,HOMEIMPROVEMENT,A,21600,6.16,0,0.3,N,16
46,252100,RENT,14.6,PERSONAL,C,50000,9.06,0,0.2,Y,6
44,68200,RENT,6.5,DEBTCONSOLIDATION,F,36800,12.17,0,0.54,Y,6
23,62300,MORTGAGE,6.6,HOMEIMPROVEMENT,B,13200,5.4,0,0.21,N,2
29,48600,MORTGAGE,1.4,PERSONAL,C,8200,8.43,0,0.17,Y,6
22,34500,RENT,6.0,VENTURE,C,19500,11.63,0,0.57,N,3
51,72000,MORTGAGE,7.2,PERSONAL,A,3300,6.81,1,0.05,N,2
46,55500,MORTGAGE,7.2,HOMEIMPROVEMENT,E,35400,7.64,1,0.64,N,6
40,43700,RENT,23.1,DEBTCONSOLIDATION,B,14200,7.56,0,0.32,Y,13
36,110300,RENT,3.7,PERSONAL,C,50000,5.89,0,0.45,N,3
37,95400,MORTGAGE,4.2,VENTURE,A,21100,5.4,0,0.22,N,18
22,61100,MORTGAGE,2.9,VENTURE,B,16900,7.34,0,0.28,N,3
40,88100,MORTGAGE,5.9,HOMEIMPROVEMENT,D,50000,7.61,0,0.57,N,4
58,87200,RENT,3.8,DEBTCONSOLIDATION,C,29700,7.86,0,0.34,N,5
62,27700,RENT,15.1,VENTURE,B,13200,5.4,0,0.48,N,7
69,83600,OWN,17.9,PERSONAL,A,32300,5.4,0,0.39,N,3
66,102800,RENT,1.2,PERSONAL,C,25600,7.03,0,0.25,Y,8
44,41000,RENT,13.3,PERSONAL,B,11300,5.4,0,0.28,N,1
69,197900,OTHER,8.5,DEBTCONSOLIDATION,B,50000,7.52,0,0.25,N,3
24,56900,OWN,0.4,DEBTCONSOLIDATION,C,27000,8.21,1,0.47,N,8
22,26300,RENT,6.0,MEDICAL,B,6300,7.47,0,0.24,N,1
69,100000,MORTGAGE,9.5,MEDICAL,C,42600,6.2,0,0.43,N,3
26,51200,OWN,2.6,DEBTCONSOLIDATION,A,7400,5.4,0,0.14,N,4
57,59100,MORTGAGE,2.1,DEBTCONSOLIDATION,A,7400,5.96,0,0.13,N,5
46,156200,OWN,3.0,HOMEIMPROVEMENT,A,11800,5.69,0,0.08,N,11
34,60300,MORTGAGE,11.4,EDUCATION,A,22600,6.01,1,0.37,N,5
54,60500,RENT,3.7,PERSONAL,D,31000,7.08,1,0.51,N,5
56,197200,RENT,0.9,HOMEIMPROVEMENT,A,39200,6.29,0,0.2,N,18
68,170800,OWN,7.2,DEBTCONSOLIDATION,D,50000,7.3,1,0.29,Y,7
40,85400,OWN,7.7,MEDICAL,C,35200,5.4,0,0.41,N,6
28,86300,MORTGAGE,7.8,DEBTCONSOLIDATION,B,15500,6.41,0,0.18,N,3
63,68000,OWN,4.4,DEBTCONSOLIDATION,A,20000,8.09,1,0.29,N,5
67,220500,RENT,6.5,EDUCATION,D,49600,8.68,1,0.22,Y,4
51,68400,OWN,8.8,VENTURE,A,23700,6.7,0,0.35,N,5
40,92200,MORTGAGE,12.7,MEDICAL,A,28800,5.4,0,0.31,N,14
65,101500,MORTGAGE,0.5,EDUCATION,A,9800,6.84,0,0.1,N,7
37,88200,MORTGAGE,8.7,PERSONAL,A,20000,7.96,0,0.23,N,5
56,140700,RENT,7.1,DEBTCONSOLIDATION,B,9800,10.03,0,0.07,Y,3
25,50700,MORTGAGE,9.0,HOMEIMPROVEMENT,A,3300,7.41,0,0.07,N,3
68,99200,RENT,2.0,PERSONAL,E,41200,8.49,1,0.42,Y,5
37,45900,MORTGAGE,17.1,VENTURE,A,22700,9.1,0,0.49,N,21
38,99100,OWN,7.7,MEDICAL,C,16100,7.63,0,0.16,Y,4
70,51900,RENT,4.1,VENTURE,E,14200,10.25,1,0.27,Y,6
36,59700,OTHER,13.6,DEBTCONSOLIDATION,B,24900,7.43,0,0.42,N,12
42,98600,MORTGAGE,12.3,PERSONAL,A,25800,6.79,0,0.26,N,6
44,66100,RENT,17.9,HOMEIMPROVEMENT,A,2900,6.23,0,0.04,N,8
25,34600,MORTGAGE,3.3,PERSONAL,A,2400,5.83,0,0.07,N,7
35,152200,MORTGAGE,4.4,VENTURE,D,50000,7.4,0,0.33,Y,8
48,142300,OWN,9.7,EDUCATION,A,40800,6.48,0,0.29,N,7
58,124100,MORTGAGE,3.4,MEDICAL,B,50000,5.4,0,0.4,N,4
29,36200,RENT,4.9,HOMEIMPROVEMENT,E,19500,10.38,0,0.54,N,3
24,63900,OWN,3.2,HOMEIMPROVEMENT,D,41100,7.88,0,0.64,N,2
52,115700,MORTGAGE,8.4,PERSONAL,A,30800,7.19,0,0.27,N,6
66,31300,RENT,5.6,HOMEIMPROVEMENT,A,3900,6.21,0,0.12,N,2
58,83300,MORTGAGE,1.7,DEBTCONSOLIDATION,A,5600,6.93,0,0.07,N,5
67,168300,OWN,8.9,MEDICAL,B,50000,6.69,0,0.3,N,10
63,60200,RENT,5.7,VENTURE,A,6000,7.02,0,0.1,N,3
31,147300,OWN,0.9,VENTURE,B,6200,6.11,0,0.04,Y,6
53,50300,MORTGAGE,4.8,VENTURE,B,11600,5.41,0,0.23,N,4
59,79600,RENT,2.6,PERSONAL,E,47500,8.02,0,0.6,N,7
51,58100,MORTGAGE,3.1,VENTURE,C,24200,7.46,0,0.42,N,4
24,120400,RENT,8.0,EDUCATION,A,16000,7.33,0,0.13,N,4
50,84500,RENT,3.7,DEBTCONSOLIDATION,B,12500,5.4,0,0.15,N,2
30,85500,MORTGAGE,3.0,PERSONAL,B,27600,6.24,0,0.32,N,11
36,48400,MORTGAGE,16.7,HOMEIMPROVEMENT,A,3800,7.36,0,0.08,N,6
66,50400,MORTGAGE,1.3,EDUCATION,A,19000,6.31,0,0.38,N,25
66,66400,OTHER,12.3,DEBTCONSOLIDATION,D,34900,9.29,0,0.53,N,11
56,115500,MORTGAGE,5.8,PERSONAL,B,39900,6.57,0,0.35,N,9
61,92300,RENT,16.6,EDUCATION,B,33400,7.06,0,0.36,N,2
39,47800,RENT,4.9,EDUCATION,F,25300,9.91,1,0.53,Y,11
21,66100,RENT,5.0,DEBTCONSOLIDATION,A,7500,6.74,0,0.11,N,5
39,110800,RENT,2.0,VENTURE,A,16200,6.5,0,0.15,N,2
68,48700,OWN,3.8,PERSONAL,D,23900,9.48,0,0.49,N,2
40,49300,RENT,3.1,DEBTCONSOLIDATION,B,12900,5.4,0,0.26,N,10
56,71300,MORTGAGE,9.2,HOMEIMPROVEMENT,C,35700,7.24,0,0.5,N,2
45,25600,RENT,0.2,VENTURE,D,13000,9.65,1,0.51,N,10
30,35300,MORTGAGE,7.6,EDUCATION,E,16500,8.96,0,0.47,Y,4
52,144900,RENT,7.8,DEBTCONSOLIDATION,A,23300,6.14,0,0.16,N,10
53,33000,RENT,15.4,DEBTCONSOLIDATION,C,18300,7.12,1,0.55,N,22
56,141900,RENT,2.9,VENTURE,A,30400,5.82,0,0.21,N,12
66,84100,MORTGAGE,5.0,EDUCATION,A,24300,5.4,0,0.29,N,8
26,58300,MORTGAGE,6.1,DEBTCONSOLIDATION,D,29800,6.09,0,0.51,N,3
66,189100,RENT,5.3,MEDICAL,C,50000,7.36,0,0.26,N,11
26,82600,OWN,6.0,DEBTCONSOLIDATION,C,30200,5.95,0,0.37,N,3
67,60200,MORTGAGE,4.6,EDUCATION,A,9400,5.89,0,0.16,N,13
25,18000,MORTGAGE,2.0,MEDICAL,F,8700,9.53,0,0.48,Y,8
55,70700,RENT,11.5,DEBTCONSOLIDATION,C,34400,6.21,1,0.49,N,5
48,60400,OWN,1.2,PERSONAL,C,14500,7.53,0,0.24,N,5
43,83900,MORTGAGE,10.8,MEDICAL,C,41900,8.97,0,0.5,N,3
56,27800,RENT,4.8,DEBTCONSOLIDATION,E,14100,10.06,0,0.51,N,4
49,189300,MORTGAGE,5.6,PERSONAL,A,50000,5.4,0,0.26,N,1
43,119200,OWN,1.5,DEBTCONSOLIDATION,D,14200,7.41,1,0.12,Y,2
25,49100,MORTGAGE,6.1,MEDICAL,B,24300,8.22,0,0.49,N,6
26,82900,MORTGAGE,10.0,PERSONAL,E,49800,9.78,1,0.6,Y,10
58,73000,OTHER,13.0,DEBTCONSOLIDATION,D,27700,11.09,0,0.38,Y,6
62,101200,RENT,3.7,PERSONAL,A,14500,6.45,0,0.14,N,8
29,44600,MORTGAGE,3.6,MEDICAL,D,16700,8.59,1,0.37,Y,9
40,71500,RENT,4.0,MEDICAL,E,33200,9.55,0,0.46,N,4
52,81000,RENT,7.3,PERSONAL,C,42100,6.63,0,0.52,N,6
55,105300,MORTGAGE,4.6,HOMEIMPROVEMENT,B,44800,8.06,0,0.43,N,5
